id_persona,sexoact,fnacact,edadact,redadact,estcivil,dpto,aportante,tipo_cargo,remuneracion,aporte_armador,aporte_trabajador,aporte_total,primer_periodo,ultimo_periodo,nro_semanas,montos_aportes
000815200143,1,16/05/1985,38,3,2,10,1,,,,,,201811,202306,92,26374.88
000927120116,1,20/04/1970,53,4,2,14,1,1,2655.85,,212.47,212.47,201403,202306,595,132027.17
000947170176,1,01/10/1999,23,1,,17,0,,,,,,202109,202205,0,
001101880116,1,20/06/1968,55,5,,14,0,,,,,,201406,202007,115,1980.67
001342250170,1,26/10/1991,31,2,1,12,0,6,2639.62,,211.17,211.17,202012,202212,12,1765.32
001371370140,1,01/01/1977,46,4,2,2,1,,,,,,202111,202306,118,5921.57
001542360146,1,06/09/1989,33,2,1,19,0,6,811.88,40.59,64.95,105.54,201503,201507,4,203.04
001547880116,1,28/06/1972,51,4,2,14,0,,,,,,201704,202111,271,27901.68
001810880142,1,21/02/1981,42,3,1,2,1,3,2101.71,,168.14,168.14,201608,202306,214,61355.90999999999
002101880116,1,25/01/1973,50,4,2,14,0,,,,,,201405,202305,227,30126.75
002341100118,1,27/04/1962,61,5,,12,0,6,819.2,42.5,68,110.5,201706,201707,13,110.5
002384360116,1,25/08/1973,49,4,1,14,1,6,1673,,133.84,133.84,201402,202306,305,53545.47
002776400140,1,28/10/1978,44,3,2,2,1,,1416.68,,113.33,113.33,201404,202306,476,70897.43000000001
002859220170,1,24/11/1993,29,2,1,19,1,,,,,,202012,202306,8,1059.44
002916830144,1,13/02/1977,46,4,1,19,0,5,16374.77,818.74,1309.98,2128.72,201411,202007,8,2827.95
003271580141,1,07/04/1980,43,3,2,24,1,6,419.22,,82,82,201402,202306,354,71859.12000000002
004019030132,1,19/02/1971,52,4,2,2,0,,,,,,201404,201709,327,6771.3
004105650147,1,28/01/1992,31,2,2,14,0,,,,,,201404,201908,51,8363.139999999999
004180850171,1,09/04/1993,30,2,1,2,0,6,1117.91,55.9,89.43000000000001,145.33,201711,201803,10,628.38
004427880142,1,07/05/1981,42,3,1,2,1,,,,,,201803,202306,53,587.25
004487430142,1,10/05/1981,42,3,1,14,0,6,1601.24,,128.1,128.10001,201405,202302,216,20264.04
004721350177,1,16/12/1994,28,2,,14,1,,,,,,202103,202306,47,4984.75
004885730171,1,01/05/1997,26,2,1,2,0,,,,,,202012,202107,11,1792.15
005083780145,1,14/05/1988,35,3,,19,0,,,,,,201611,201612,3,110.5
005210200148,1,30/12/1993,29,2,1,13,0,6,3750,187.5,300,487.5,201804,201905,23,2841.67
006472550118,1,06/06/1962,61,5,1,12,0,,,,,,201403,201712,279,27437.33
006478500146,1,25/10/1989,33,2,1,14,0,,,,,,202005,202103,9,1455.63
006760060141,1,15/03/1981,42,3,2,10,1,6,817.58,,82,82,201402,202306,412,68693.48000000001
007114440143,1,21/07/1985,37,3,1,2,0,,,,,,201906,202302,13,942.25
008050360142,1,01/07/1982,40,3,,10,1,4,3542.6,,283.41,283.41,201804,202306,373,49108.24000000002
008126700118,1,30/03/1972,51,4,2,12,1,6,508.56,,82,82,201405,202306,457,96608.77000000002
008194600145,1,01/05/1988,35,3,1,14,0,,,,,,201408,201606,2,
008535680143,1,07/10/1981,41,3,1,13,0,6,1525.23,76.26000000000001,122.02,198.28,201504,201912,120,8488.620000000001
008897270106,1,21/02/1963,60,5,2,2,1,6,37.44,,82,82,201403,202306,689,34015.06
008931500142,1,04/11/1983,39,3,1,2,0,,,,,,201911,202001,4,500.34
009948790141,1,07/04/1980,43,3,1,14,0,,,,,,201407,202304,176,7268.539999999999
010167710141,1,04/10/1980,42,3,1,2,0,6,5915.2,,473.22,473.22,201511,202212,74,24503.77
010243430146,1,24/12/1978,44,3,1,2,1,,,,,,201404,202306,133,26940.48
010277320132,1,06/10/1961,61,5,2,2,0,2,416.13,42.5,68,110.5,201605,201706,525,3211.440000000001
010458410132,1,08/11/1965,57,5,2,2,1,6,984.39,,82,82,201406,202306,484,73006.14000000001
010644400145,1,31/05/1982,41,3,,14,0,6,2293.21,114.66,183.46,298.12,202111,202112,4,566.3299999999999
010853580144,1,22/02/1987,36,3,1,19,0,6,2969.09,148.45,237.53,385.98001,201704,202007,31,5407.780000000001
010859400132,1,07/12/1967,55,5,2,2,1,,,,,,201404,202306,739,62343.61
011017120170,1,22/06/1993,30,2,1,19,0,,,,,,201402,201911,255,13319.03
011297490170,1,24/08/1994,28,2,1,2,1,,,,,,202111,202306,25,3632.61
011687940132,1,18/09/1960,62,5,1,2,1,6,1396.11,,111.69,111.69,201402,202306,542,68041.54000000002
011696010132,1,26/10/1964,58,5,2,2,1,6,285.14,,82,82,201402,202306,857,62872.49999999999
011818160132,1,30/09/1961,61,5,1,2,0,,291.04,46.5,74.40000000000001,120.9,201406,202111,482,54493.03000000001
012025530143,1,02/08/1985,37,3,2,2,0,,,,,,201404,202107,12,1234.83
012042050132,1,24/05/1962,61,5,1,2,0,,1452.33,,116.19,116.19,201707,202303,317,26519.49999999999
012204750103,1,24/06/1966,57,5,1,2,0,6,5254.08,262.7,420.33,683.03003,201407,201511,335,3688.12
012283490103,1,10/09/1967,55,5,1,19,1,,175.73,,82,82,201402,202306,731,73018.15000000002
012391440132,1,19/03/1967,56,5,1,2,1,,,,,,201404,202306,218,33671.65999999999
012392930132,1,02/08/1968,54,4,2,2,1,2,1654.27,,132.34,132.34,201406,202306,803,142108.44
012430910132,1,09/04/1967,56,5,2,2,1,6,817.58,,82,82,201402,202306,692,77635.02
012512890132,1,22/05/1971,52,4,2,24,0,5,4562.86,228.14,365.03,593.16998,201612,201903,381,10894.62
012940510132,1,18/04/1974,49,4,,2,0,,,,,,201405,201705,99,1765.8
013144440144,1,13/04/1959,64,5,1,14,0,6,7888.61,394.43,631.09,1025.52,201504,202101,519,21165.11
013309880177,1,29/04/1995,28,2,1,13,0,,,,,,201506,201608,8,1839.51
013329200140,1,29/11/1976,46,4,1,17,1,6,635.23,,82,82,201404,202306,601,79666.43999999999
013574490132,1,16/07/1965,57,5,1,2,1,6,471.82,,82,82,201405,202306,543,71939.93999999999
014316620140,1,05/02/1979,44,3,1,14,0,,,,,,201404,202206,225,8734.440000000001
015595610144,1,24/03/1987,36,3,1,24,0,,,,,,201407,202003,185,19995.18
015857280118,1,14/10/1972,50,4,1,12,1,,,,,,201402,202306,381,31556.46
015914320106,1,18/12/1965,57,5,2,12,0,,,,,,201506,201508,208,243.8
016003060118,1,27/02/1976,47,4,1,12,1,,,,,,201402,202306,221,18258.96
016270300142,1,08/02/1982,41,3,1,17,0,5,2706.81,,216.54,216.53999,201804,202302,58,10523.4
017045160143,1,02/08/1985,37,3,1,14,0,,,,,,201704,202008,56,6493.73
017171980175,1,31/03/1996,27,2,1,2,1,,,,,,201804,202306,24,3049.1
017420290140,1,09/12/1978,44,3,,17,0,,,,,,201402,201701,194,4271.700000000001
017510290170,1,14/08/1996,26,2,1,2,1,,,,,,202301,202306,8,413.48
017516750175,1,18/05/2001,22,1,,2,0,6,1229.8,,98.38,98.379997,202211,202212,2,253.12
018164030142,1,12/07/1980,42,3,1,19,0,6,435.26,,82,82,201605,202211,272,16198.69
018164290142,1,12/12/1982,40,3,1,19,0,,,,,,201704,201907,10,1297.24
018218410147,1,06/05/1991,32,2,1,13,0,6,,,,,201405,201406,6,
018509030148,1,27/11/1993,29,2,1,2,0,,,,,,202006,202106,2,401.04
018773410119,1,12/06/1968,55,5,1,2,1,,,,,,201405,202306,470,17710.11
018833600140,1,12/06/1979,44,3,1,2,1,,,,,,201504,202306,341,28192.92
019422480110,1,16/02/1972,51,4,2,14,1,6,1274.9,,101.99,101.99,201406,202306,706,76248.92999999999
019522930141,1,18/12/1981,41,3,1,2,1,6,714.6,,82,82,201406,202306,310,57247.93000000001
019985670141,1,30/01/1980,43,3,1,14,0,,13877.63,693.88,1110.21,1804.09,201404,202202,189,15295.59
020146360180,1,01/10/1977,45,4,1,2,1,6,457.03,,82,82,201402,202306,206,45479.46000000001
020186050144,1,18/06/1982,41,3,,2,0,6,4303.29,,344.26,344.26001,202205,202302,13,2964.15
020545880180,1,29/09/1979,43,3,1,14,0,6,1144.21,57.21,91.54000000000001,148.75,202111,202112,9,934.21
020712630147,1,25/04/1991,32,2,1,19,0,,,,,,201406,201408,6,415.65
020801070141,1,24/01/1982,41,3,1,2,1,,1239.59,,99.17,99.169998,201404,202306,288,40051.68000000001
020851580141,1,27/01/1982,41,3,1,14,1,,,,,,201402,202306,270,23066.36
021007750180,1,28/05/1979,44,3,1,2,0,,,,,,201701,201710,18,1447.36
021118710140,1,01/06/1979,44,3,1,14,0,6,2007.19,100.36,160.58,260.94,201505,201505,122,260.94
021133220145,1,23/07/1988,34,2,1,2,0,6,7763.05,388.15,621.04,1009.19,202005,202207,19,5367.62
021568170176,1,30/07/2000,22,1,,2,0,6,5681.42,,454.51,454.51001,202301,202301,3,454.51
021721530146,1,26/10/1988,34,2,1,13,0,6,3751.34,187.57,300.11,487.67999,202007,202007,4,487.68
022047010143,1,02/10/1985,37,3,1,24,0,,,,,,201707,201804,4,409.74
022111800140,1,26/05/1979,44,3,2,14,1,,,,,,201404,202306,294,31787.79
022171520142,1,07/02/1984,39,3,,2,0,6,222,46.5,74.40000000000001,120.9,201812,201812,1,120.9
022463410145,1,14/08/1988,34,2,2,2,0,,,,,,201804,202007,22,10299.36
022592150144,1,22/02/1987,36,3,1,19,0,6,5520.28,,441.62,441.62,201504,201504,2,441.62
022809460100,1,29/05/1960,63,5,1,23,1,,,,,,201404,202306,747,33379.12000000001
022958340100,1,24/07/1961,61,5,2,14,0,6,2993.84,149.69,239.51,389.20001,201404,201407,430,2077.5
023088440144,1,07/05/1987,36,3,1,10,1,,,,,,201405,202306,74,9949.219999999998
023148050174,1,14/08/1993,29,2,1,24,0,,13589.47,679.47,1087.16,1766.63,201604,202202,43,21454.58
023781340147,1,10/06/1992,31,2,,2,0,6,1310.31,65.52,104.82,170.34,202012,202101,6,535.54
023953300141,1,19/05/1980,43,3,2,14,0,,,,,,201904,202101,98,2210.55
024121530141,1,10/03/1981,42,3,1,2,0,6,2341.38,,187.31,187.31,201504,202301,137,18240.43
024532960122,1,24/06/1964,59,5,2,19,0,6,1039.87,51.99,83.19,135.18001,201402,201405,354,1173.57
024674830144,1,08/04/1980,43,3,1,14,0,6,13598.33,679.92,1087.87,1767.79,201504,202207,74,31365.39
025370330170,1,04/09/1995,27,2,,14,0,,,,,,202205,202208,10,1363.48
025585220142,1,25/12/1981,41,3,1,20,0,,,,,,201403,201606,20,
025888090147,1,09/09/1991,31,2,1,19,0,6,2528.39,126.42,202.27,328.69,201406,201407,7,724.49
026049110133,1,04/12/1972,50,4,1,2,1,6,2059.34,,164.75,164.75,201405,202306,411,66651.26000000002
026093820133,1,01/02/1973,50,4,2,2,1,2,2314.2,,185.14,185.14,201402,202306,500,101046.98
026098870144,1,02/02/1987,36,3,1,2,0,,,,,,202006,202106,7,380.65
026122520180,1,12/09/1979,43,3,2,19,0,6,9210.76,460.54,736.86,1197.4,201406,201507,49,3656.94
026230540141,1,28/12/1979,43,3,1,22,0,,,,,,201406,201501,104,267.3
026235940143,1,02/03/1975,48,4,,19,0,6,1965.87,98.29000000000001,157.27,255.56,202103,202104,5,493.17
026375650133,1,27/07/1973,49,4,2,2,0,6,3005.91,150.3,240.47,390.76999,201811,201812,72,771.6700000000001
026384490133,1,26/06/1969,54,4,1,17,1,,,,,,201404,202306,649,42945.39000000001
026436750109,1,22/09/1960,62,5,1,14,0,,,,,,201404,201812,165,5595.56
026479220141,1,18/11/1980,42,3,1,14,0,,,,,,201405,201703,267,10014.4
026484140180,1,25/04/1979,44,3,1,17,0,,,,,,201406,202304,322,16067.77
026593500133,1,23/04/1956,67,6,1,2,0,,834.71,,82,82,201405,202304,878,81699.06
026599090133,1,04/02/1978,45,4,1,2,1,,,,,,201404,202306,426,34983.25
026787510142,1,18/02/1984,39,3,1,14,1,6,297.82,,82,82,201406,202306,269,69955.52
026810540106,1,09/05/1967,56,5,2,14,1,6,3497.89,,279.83,279.82999,201406,202306,603,96906.29000000001
026931790122,1,28/12/1961,61,5,4,10,1,6,916.6,,82,82,201404,202306,570,48781.63
027166630140,1,10/07/1979,43,3,1,2,1,,1000,,82,82,201402,202306,168,30818.93
027196590122,1,29/10/1966,56,5,2,10,1,3,9749.77,,779.98,779.97998,201405,202306,781,158401.9299999999
027381860148,1,18/04/1994,29,2,,17,0,6,755.59,,82,82,201504,202302,31,4354.970000000001
027786030147,1,17/09/1992,30,2,1,14,0,,,,,,201612,201908,51,7211.51
028129360148,1,20/04/1994,29,2,,13,0,6,2846,142.3,227.68,369.98001,202006,202006,4,369.98
028240590180,1,10/05/1978,45,4,1,2,0,6,6573.76,328.69,525.9,854.59003,201611,202105,78,3327.95
028303020180,1,07/11/1979,43,3,1,14,0,,2013.05,100.65,161.04,261.69,201403,202009,202,32197.68000000001
028404410180,1,13/05/1979,44,3,2,14,1,6,1986.76,,158.94,158.94,201402,202306,279,55681.02999999999
028547070144,1,11/02/1987,36,3,2,2,0,6,3007.48,150.37,240.6,390.97,201504,201612,5,792.3199999999999
028734770141,1,08/12/1981,41,3,1,14,0,,,,,,202012,202305,63,13696.69
029474790145,1,06/08/1986,36,3,,13,0,6,5380.14,269.01,430.41,699.41998,201607,201805,20,2461.9
030111040101,1,06/07/1969,53,4,2,17,1,,,,,,201404,202306,346,4177.65
030214740122,1,26/02/1963,60,5,1,10,1,,3978.36,,318.27,318.26999,201405,202306,671,99550.16999999997
030309050122,1,31/01/1974,49,4,2,10,1,6,921.88,,82,82,201405,202306,489,129629.12
030378810140,1,22/12/1977,45,4,2,17,0,,,,,,201403,201801,400,11593.11
030736510142,1,24/02/1984,39,3,1,19,0,,5894.26,294.71,471.54,766.25,201402,201605,4,1806.88
030816070140,1,28/11/1978,44,3,1,14,0,,295.04,46.5,74.40000000000001,120.9,202005,202107,12,4857.56
030844020180,1,11/01/1978,45,4,1,2,0,3,1812.07,90.59999999999999,144.97,235.56999,201405,201601,176,1629.13
031098810146,1,29/10/1989,33,2,1,10,1,6,463.07,,82,82,201505,202306,117,35463.42000000001
031572270141,1,08/09/1981,41,3,1,2,0,,,,,,202006,202007,8,120.9
031678500140,1,02/10/1977,45,4,2,2,1,6,790.1900000000001,,82,82,201405,202306,386,77307.90000000004
032501260163,1,03/01/1996,27,2,1,24,0,,,,,,201601,201901,2,110.63
032893870119,1,26/06/1972,51,4,2,12,0,,,,,,201403,201807,21,3231.44
032921570119,1,11/01/1973,50,4,1,12,0,,,,,,202006,202106,5,746.4200000000001
033156730180,1,11/03/1975,48,4,1,2,1,6,319.42,,82,82,201405,202306,157,28073.76
033304570144,1,24/12/1986,36,3,1,17,0,,,,,,201402,201710,114,3521.23
033340700133,1,02/09/1963,59,5,1,2,1,,,,,,201404,202306,669,27700.73
033721610180,1,29/03/1972,51,4,1,2,1,,,,,,201404,202306,130,23667.63
034006810146,1,14/01/1988,35,3,,19,0,,,,,,201511,201612,14,1252.53
034261890141,1,07/02/1980,43,3,1,19,0,6,5037.76,251.89,403.02,654.90997,201406,201507,22,2830.96
034551040180,1,04/10/1979,43,3,1,14,0,,,,,,201511,201601,3,222.61
034584330147,1,11/10/1991,31,2,1,2,0,,,,,,202005,202008,5,2604.72
034621300144,1,06/05/1987,36,3,1,2,0,,1482.75,74.14,118.62,192.75999,201702,202208,130,44218.91
034736410110,1,31/12/1975,47,4,2,19,0,6,6063.75,303.19,485.1,788.28998,201407,201511,68,9431.070000000002
034843980174,1,27/02/1996,27,2,1,12,0,,,,,,201901,201907,3,1109.16
034913010141,1,06/08/1973,49,4,1,19,1,6,403.63,,82,82,201402,202306,612,29912.59
034961200144,1,11/07/1987,35,3,1,2,0,,,,,,201407,201408,16,97.5
035350390147,1,26/09/1991,31,2,1,13,0,6,1609.89,80.48999999999999,128.79,209.28,201405,201407,5,408.86
035424840143,1,12/10/1985,37,3,1,2,1,6,49.74,,82,82,201406,202306,65,22331.9
035997900141,1,14/07/1982,40,3,2,14,0,6,7079.03,353.95,566.3200000000001,920.27002,201408,202007,28,1017.77
036240940142,1,15/01/1983,40,3,1,17,0,,,,,,201404,201707,100,4740.620000000001
036530790146,1,14/01/1990,33,2,1,19,0,,1783.75,89.19,142.7,231.89,201901,202006,8,890
037538360141,1,08/07/1980,42,3,1,10,0,,,,,,202007,202303,17,3269.86
037750230180,1,02/08/1978,44,3,1,2,0,2,2756.53,,220.52,220.52,201405,202301,228,15611.65
038134800170,1,17/08/1992,30,2,1,19,1,6,412.04,,82,82,202107,202306,39,11611.97
038687000103,1,27/01/1976,47,4,1,19,1,4,1912.04,,152.96,152.96001,201402,202306,503,61386.87999999999
038870810171,1,21/08/2002,20,1,1,2,0,6,2496.94,124.85,199.76,324.60999,202104,202203,19,2446.44
038890150127,1,15/02/1969,54,4,1,2,1,6,2445.65,,195.65,195.64999,201402,202306,410,56896.31
039020300174,1,16/02/1995,28,2,1,14,1,,,,,,202005,202306,44,6645.8
039148920173,1,05/11/1999,23,1,,2,0,6,1594.11,,127.53,127.53,202104,202302,43,7325.759999999999
040131340143,1,25/01/1986,37,3,1,2,0,,,,,,201404,202010,206,28367.19
040266040144,1,25/05/1987,36,3,1,14,0,,,,,,201804,201807,10,2536.96
041772960130,1,10/09/1965,57,5,2,4,1,,,,,,201404,202306,436,39259.38
041929440141,1,02/07/1982,40,3,,14,0,,,,,,201906,201910,6,1030.22
042093800140,1,04/04/1977,46,4,1,19,0,6,3887.82,194.39,311.03,505.42001,201406,201507,22,2625.06
042435640119,1,13/03/1973,50,4,1,2,1,,1021.49,,82,82,201405,202306,339,72579.18999999999
042439190119,1,28/02/1964,59,5,2,2,1,6,179.85,,82,82,201405,202306,436,83311.26000000001
043141710104,1,18/01/1973,50,4,2,17,0,,,,,,201405,201509,145,1015.72
043227350140,1,24/08/1977,45,4,1,17,1,6,461.3,,82,82,201403,202306,84,6140.25
043253130141,1,23/08/1982,40,3,1,19,1,,593.08,,82,82,201404,202306,286,53516.38
043534970146,1,23/07/1985,37,3,1,2,0,6,4929.67,,394.37,394.37,202207,202302,10,1895.27
043834390142,1,14/08/1983,39,3,1,2,1,,,,,,201801,202306,62,24348.52
043836030142,1,16/12/1981,41,3,1,2,1,,,,,,201607,202306,101,21618.97
044359910148,1,31/03/1990,33,2,1,2,0,,,,,,201611,202007,2,342.39
044434940142,1,02/05/1978,45,4,1,14,1,,706.91,,82,82,201404,202306,273,10869.31
044896720146,1,18/09/1989,33,2,,14,0,6,1854.97,92.75,148.4,241.14999,202203,202204,3,367.09
044945080145,1,16/12/1988,34,2,1,14,1,,,,,,201611,202306,243,44304.12999999999
045066080141,1,31/12/1981,41,3,1,13,1,,,,,,202207,202306,4,510.38
045305760116,1,03/08/1959,63,5,2,2,0,,,,,,201504,201509,263,441.53
046022110103,1,27/04/1966,57,5,1,19,0,6,1007.55,50.38,80.59999999999999,130.98,201406,201906,322,2717.150000000001
046048550147,1,01/11/1992,30,2,1,2,0,6,254.83,37.5,60,97.5,201407,201408,2,195
046095010103,1,10/03/1965,58,5,1,19,1,,,,,,202102,202306,504,7896.28
046169550103,1,18/02/1965,58,5,2,19,1,,,,,,201405,202306,825,12680.23999999999
046193680106,1,26/08/1951,71,6,4,14,0,,5941.19,297.06,475.3,772.35999,201503,201503,10,772.36
046491540103,1,04/05/1961,62,5,2,19,1,,326.09,,82,82,201403,202306,565,38117.48000000001
046515540103,1,16/10/1963,59,5,2,19,1,,,,,,201601,202306,162,27050.95
046635290143,1,01/04/1985,38,3,1,2,0,,9689.700000000001,484.49,775.18,1259.67,201405,202006,31,4956.71
046674050103,1,09/12/1956,66,6,1,26,0,,,,,,201506,202007,157,15942.05
046835740103,1,19/12/1960,62,5,2,19,1,,2718.17,,217.45,217.45,201405,202306,1085,147910.52
046940600141,1,15/08/1982,40,3,2,2,0,,1186.15,59.31,94.89,154.2,201706,202102,184,6093.900000000001
046959270103,1,25/10/1956,66,6,2,19,0,6,2221.47,111.07,177.72,288.79001,201402,201408,170,1287.09
047152760103,1,13/07/1966,56,5,2,19,1,5,3197.2,,255.78,255.78,201407,202306,1088,80426.09
047290780170,1,26/01/1992,31,2,,2,0,,,,,,201806,201810,2,156.57
047864170109,1,15/12/1965,57,5,1,17,0,6,4142.09,207.1,331.37,538.47003,201405,201507,211,1338.9
048213940142,1,12/06/1981,42,3,1,12,1,,,,,,201404,202306,203,29953.43
048745890130,1,27/05/1956,67,6,2,17,1,7,393.97,,82,82,201402,202306,1017,40810.03
049040350103,1,05/03/1967,56,5,2,14,1,,,,,,201403,202306,128,55443.39
049041610145,1,31/12/1988,34,2,1,14,0,,,,,,202005,202112,2,362.7
049076490103,1,12/01/1968,55,5,2,19,0,6,183.81,46.5,74.40000000000001,120.9,201812,201907,368,935.0700000000001
049205220103,1,29/01/1968,55,5,1,19,0,6,220.54,42.5,68,110.5,201405,201710,65,2884.51
049211550103,1,05/12/1966,56,5,2,19,1,6,2148.63,,171.89,171.89,201402,202306,1041,44021.65
049222450103,1,20/06/1967,56,5,1,19,1,,1627.31,,130.18,130.17999,201910,202306,473,22049.82999999999
049223520103,1,10/06/1970,53,4,2,19,1,6,627.39,,82,82,201407,202306,495,39873.67000000001
049227590103,1,07/04/1970,53,4,1,19,0,,,,,,201402,202304,1133,10826.47
049240580103,1,26/04/1970,53,4,2,24,1,4,2454.43,,196.35,196.35001,201512,202306,499,87819.31
049254780103,1,21/10/1970,52,4,2,19,1,6,417.14,,82,82,201405,202306,498,61807.94000000002
049261620103,1,29/06/1970,53,4,1,19,0,6,4032.43,201.62,322.59,524.21002,201404,201801,237,621.71
049305680103,1,21/02/1971,52,4,2,19,1,6,807.15,,82,82,201605,202306,499,37068.49
049422620103,1,03/10/1970,52,4,2,19,1,6,739.8,,82,82,201405,202306,657,73015.61000000002
049433350103,1,19/09/1972,50,4,2,19,1,6,431.91,,82,82,201407,202306,492,29473.84
049451970103,1,23/08/1971,51,4,1,19,1,1,2204.76,,176.38,176.38,201412,202306,1126,36900.92000000001
049466820103,1,07/10/1971,51,4,2,19,1,,2819.4,,225.55,225.55,201405,202306,412,11994.39
049498150148,1,28/07/1994,28,2,1,19,0,,,,,,201405,202305,230,8057.84
049965040103,1,27/12/1974,48,4,1,19,0,6,10458.61,522.93,836.6900000000001,1359.62,202004,202007,328,5313.67
050089200103,1,08/08/1975,47,4,1,19,0,6,256.83,42.5,68,110.5,201608,201609,189,221
050121610103,1,08/09/1975,47,4,1,19,0,,,,,,201402,202304,479,12923.62
050141670103,1,01/01/1976,47,4,1,19,1,2,1832.95,,146.64,146.64,201405,202306,872,122182.14
050229460103,1,23/08/1974,48,4,1,19,0,,,,,,201409,201903,465,4759.52
050239130103,1,27/10/1962,60,5,2,,1,6,2215.84,,177.27,177.27,201406,202306,529,97617.70000000001
050246110103,1,06/04/1976,47,4,1,19,1,6,807.15,,82,82,201911,202306,261,4184.1
050390570103,1,09/02/1976,47,4,1,19,0,6,178.59,,82,82,201402,202211,665,24237.66
050441350141,1,23/10/1982,40,3,2,14,0,,,,,,201404,201605,189,7499.940000000001
050462790103,1,29/07/1965,57,5,1,19,1,5,1498.94,,119.92,119.92,201402,202306,453,55440.67000000001
050482170174,1,05/03/1997,26,2,1,10,0,,,,,,202105,202205,8,1619.99
050608280103,1,05/10/1958,64,5,2,19,1,6,641.15,,82,82,201405,202306,657,84695.56999999999
050636050108,1,20/01/1964,59,5,2,14,1,4,9087.639999999999,,727.01,727.01001,201406,202306,947,143566.81
050777340103,1,21/11/1967,55,5,1,19,0,6,1875.48,93.77,150.04,243.81,201410,201506,36,727.0599999999999
051065400180,1,10/09/1976,46,4,1,12,0,,1098.35,54.92,87.87,142.78999,201511,201701,103,1046.33
051124420129,1,01/01/1967,56,5,2,17,0,6,2806.39,140.32,224.51,364.83002,201505,201506,285,364.83
051208600145,1,27/01/1989,34,2,1,19,0,6,1299.24,64.95999999999999,103.94,168.89999,201505,201507,10,413.05
051238220144,1,05/09/1987,35,3,1,2,0,3,14861.48,743.0700000000001,1188.92,1931.99,201403,202105,167,51947.23
052743130117,1,23/03/1946,77,6,2,13,0,,,,,,201407,201605,161,3631.02
054030800176,1,23/06/1995,28,2,1,2,0,,1450.23,72.51000000000001,116.02,188.53,201610,201610,0,188.53
054790400141,1,16/09/1980,42,3,1,14,0,,,,,,201607,201711,59,3263.9
054903980148,1,22/07/1994,28,2,1,19,0,6,2897.66,144.88,231.81,376.69,201406,201706,30,3831.03
055275210146,1,14/06/1990,33,2,1,14,1,,,,,,201704,202306,139,33977.26
056333070127,1,16/08/1952,70,6,1,6,0,,,,,,201607,201610,0,
056551640143,1,15/08/1985,37,3,1,2,0,6,1305.18,65.26000000000001,104.41,169.67,201611,202207,19,1416.57
056586450147,1,10/04/1991,32,2,1,19,0,6,167.97,37.5,60,97.5,201412,201412,8,97.5
056901150147,1,16/07/1992,30,2,1,14,0,6,8917.25,445.86,713.38,1159.24,202006,202006,4,1159.24
058151720115,1,25/01/1961,62,5,,14,0,,,,,,201507,201510,199,97.5
058553750115,1,20/01/1957,66,6,2,14,0,,19566.31,,1565.3,1565.3,201404,202303,811,101326.12
058733500140,1,12/07/1979,43,3,1,2,0,,,,,,201404,202204,273,13453.11
058952950140,1,29/08/1980,42,3,1,2,0,6,1889.01,,151.12,151.12,202301,202302,2,151.12
058986400180,1,16/09/1975,47,4,1,14,0,,,,,,201405,201909,182,3445.15
059076410115,1,13/06/1966,57,5,1,14,1,,,,,,201404,202306,525,36921.67
059136020140,1,09/02/1979,44,3,1,2,1,6,3186.4,,254.91,254.91,201407,202306,431,79507.38999999998
059225500146,1,07/10/1990,32,2,,17,0,,,,,,202104,202212,3,448.89
059390990117,1,03/06/1957,66,6,1,2,0,6,1369.74,68.48999999999999,109.58,178.06999,201404,201407,363,682.23
059497330141,1,02/03/1981,42,3,1,13,0,,,,,,201811,201901,5,1045.89
059541080115,1,18/04/1961,62,5,2,24,1,,,,,,201611,202306,134,26768.67999999999
059610720143,1,03/04/1986,37,3,1,2,0,,,,,,202202,202204,0,124.02
059625510117,1,02/08/1972,50,4,1,13,0,6,783.37,46.5,74.40000000000001,120.9,201907,201907,21,120.9
059886160116,1,23/09/1960,62,5,2,13,0,6,6177.56,308.88,494.2,803.08002,201611,201612,8,1600.84
059890900116,1,23/10/1964,58,5,2,13,0,6,5150.34,257.52,412.03,669.54999,201601,201607,8,3256.29
059952980115,1,09/09/1964,58,5,2,14,1,,,,,,201404,202306,422,45651.08
059984440142,1,28/11/1979,43,3,1,19,0,,,,,,202205,202207,6,413.32
060259850115,1,30/01/1966,57,5,1,14,0,,3579.99,179,286.4,465.39999,201406,201407,16,465.4
060282470125,1,13/01/1966,57,5,2,24,1,,,,,,201804,202306,376,12525.34
060321690115,1,29/01/1957,66,6,2,14,1,6,823.49,,82,82,201403,202306,917,59236.25
060402640115,1,08/03/1960,63,5,1,14,0,,,,,,201403,201604,228,
060506210125,1,11/10/1964,58,5,2,24,0,,,,,,201407,202305,712,59473.81999999999
060549500146,1,27/10/1990,32,2,1,14,0,,,,,,201410,201703,17,1650.67
060694830125,1,14/08/1964,58,5,2,24,0,,,,,,201407,202212,885,38436.44000000001
060821520141,1,07/10/1979,43,3,1,2,0,,,,,,201805,202112,4,840.5
060825690117,1,28/07/1969,53,4,1,13,0,6,1098.8,54.94,87.90000000000001,142.84,201705,201906,26,3464.599999999999
061123680117,1,06/10/1971,51,4,2,13,0,,,,,,201403,201606,108,
061152410180,1,24/05/1979,44,3,1,14,0,6,983.28,49.16,78.66,127.82,202007,202007,1,127.82
061270610171,1,09/12/1997,25,2,1,12,0,6,8900.93,445.05,712.0700000000001,1157.12,201804,202012,18,2970.36
061291440115,1,28/03/1959,64,5,2,14,1,,,,,,201402,202306,311,13056.88
061333870125,1,20/04/1963,60,5,1,24,1,,,,,,201402,202306,405,37672.86000000002
061428650117,1,31/07/1973,49,4,1,13,1,6,228.51,,82,82,202203,202306,236,9173.48
061522350180,1,28/07/1979,43,3,1,14,1,,,,,,202212,202306,24,427.89
061739300143,1,14/09/1979,43,3,1,2,0,,,,,,202005,202106,0,271.85
061816590107,1,07/09/1967,55,5,1,14,1,,,,,,201402,202306,271,97.5
062058120180,1,24/06/1979,44,3,1,2,1,,,,,,201404,202306,366,37846.47
062076460117,1,27/11/1972,50,4,2,14,1,2,1065.7,,85.26000000000001,85.260002,201405,202306,700,188299.9
062698060146,1,28/10/1990,32,2,1,12,0,6,722.34,42.5,68,110.5,201607,201607,2,110.5
062933480115,1,06/04/1955,68,6,4,14,0,6,643.93,37.5,60,97.5,201405,201407,369,292.5
062951400180,1,05/10/1979,43,3,1,2,0,,,,,,201406,201702,182,1554.33
063175850104,1,05/10/1957,65,6,2,17,0,,,,,,201404,201501,355,628.11
063461100117,1,17/06/1977,46,4,1,13,0,6,2782.68,,222.61,222.61,201607,202212,94,9877.309999999999
063621210104,1,15/08/1956,66,6,2,24,1,6,635.23,,82,82,201504,202306,864,65525.75999999999
063647990104,1,20/12/1965,57,5,,17,1,,,,,,201402,202306,559,3393.07
063707740104,1,16/12/1968,54,4,1,17,1,,165,,82,82,201405,202306,542,70790.92000000003
063733270116,1,17/05/1970,53,4,1,13,0,6,8102.17,405.11,648.17,1053.28,201504,201612,44,4438.24
063924860115,1,23/11/1954,68,6,2,14,0,,,,,,201404,201406,283,97.5
063943190115,1,12/12/1961,61,5,2,14,1,,1041.49,,83.31999999999999,83.32,201405,202306,426,62544.23
064002220115,1,07/05/1961,62,5,2,14,1,2,1419.46,,113.56,113.56,201407,202306,807,87687.29000000002
064035780115,1,09/11/1966,56,5,2,14,1,6,981.09,,82,82,201407,202306,657,50086.78
064051470115,1,29/12/1966,56,5,2,14,0,6,1820.26,91.01000000000001,145.62,236.63,201511,201601,312,438.43
064055650115,1,23/10/1967,55,5,2,14,1,,,,,,201404,202306,484,46431.31
064064260115,1,28/11/1968,54,4,2,14,1,,151.23,,82,82,201504,202306,697,72201.30000000002
064068500115,1,27/03/1968,55,5,1,14,0,6,2451.47,122.57,196.12,318.69,201405,201405,7,318.69
064074390115,1,07/02/1969,54,4,1,14,0,6,7028.22,,562.26,562.26001,201403,202301,353,22484.22
064078890115,1,04/02/1970,53,4,1,14,1,5,1255.95,,100.48,100.48,201405,202306,762,97478.45999999999
064121740115,1,18/04/1974,49,4,1,14,1,6,294.89,,82,82,201404,202306,545,56914.45000000001
064137340115,1,06/06/1974,49,4,1,14,0,6,1924.04,96.2,153.92,250.12,201404,202107,412,14766.82
064146020115,1,19/11/1957,65,6,2,14,0,,,,,,201404,201407,203,97.5
064640960104,1,16/01/1971,52,4,2,17,1,,2855.59,,228.45,228.45,201404,202306,670,74915.63000000003
064761360115,1,20/11/1967,55,5,1,4,1,,,,,,201405,202306,119,74563.60000000001
064816460104,1,02/02/1968,55,5,1,17,1,6,1125.75,,90.06,90.059998,201408,202306,287,59506.79
064830370142,1,23/03/1979,44,3,1,13,0,6,863.09,43.15,69.05,112.2,201504,201507,11,1157.34
064847590115,1,08/05/1968,55,5,1,14,0,,,,,,201403,201606,146,
064863050104,1,30/03/1972,51,4,1,14,0,,,,,,201504,201709,473,14670.43
065203010104,1,13/05/1965,58,5,1,17,1,1,741.72,,82,82,201406,202306,691,101176.34
065313610103,1,01/09/1967,55,5,1,24,1,,,,,,201405,202306,118,21355.55
065758520115,1,10/11/1963,59,5,1,14,1,2,638.55,,82,82,201405,202306,625,102302.31
066115810144,1,31/03/1987,36,3,1,14,0,6,138.37,,82,82,202010,202302,55,20234.96
066296400102,1,24/08/1960,62,5,1,19,0,,,,,,201402,202102,310,3153.29
066389030102,1,26/10/1970,52,4,2,19,0,6,266.91,,82,82,201402,202303,934,15017.37999999999
066579060173,1,11/07/1998,24,1,,12,0,,,,,,201902,201910,13,1370.66
066998260119,1,02/10/1969,53,4,2,12,1,,,,,,201402,202306,377,50031.07999999999
067061710115,1,01/03/1964,59,5,1,,1,,,,,,201402,202306,313,58031.57000000002
067192230170,1,04/02/1990,33,2,1,14,0,,,,,,201404,201507,52,1356.5
067560760145,1,15/02/1988,35,3,2,13,0,5,,,,,201405,201406,6,
068324890125,1,10/04/1971,52,4,1,24,1,,,,,,201406,202306,400,26137.23
068436120106,1,22/02/1958,65,6,2,14,1,,,,,,201405,202306,280,19311.11
068586600143,1,10/07/1985,37,3,1,14,0,,,,,,201404,202101,71,6925.61
069371450115,1,04/11/1968,54,4,1,14,1,,,,,,201404,202306,574,48228.91
069603620103,1,27/04/1975,48,4,2,19,0,,,,,,201402,202303,396,28746.19
069628220103,1,13/05/1974,49,4,1,19,0,,,,,,201402,202303,286,23880.46
069738420125,1,25/07/1966,56,5,1,24,0,,,,,,201406,202107,386,10027.07
069881210141,1,21/02/1973,50,4,2,13,1,6,7621.09,,609.6900000000001,609.69,201406,202306,470,91941.72000000002
069886940173,1,15/03/1995,28,2,1,14,1,,,,,,202301,202306,4,240.9
070609780115,1,23/03/1958,65,6,1,14,1,6,619.91,,82,82,201403,202306,604,49049.01999999999
070731450144,1,19/12/1987,35,3,1,14,1,,,,,,201405,202306,89,14309.54
070840560115,1,15/01/1968,55,5,2,14,0,6,1838.62,91.93000000000001,147.09,239.02,201511,201707,126,2887.55
070858640115,1,06/05/1967,56,5,2,14,1,6,7087.84,,567.03,567.03003,201406,202306,698,83606.58000000002
070869570148,1,03/07/1995,27,2,1,2,0,,,,,,201801,201811,4,319.42
070913060140,1,23/12/1978,44,3,1,19,1,,,,,,201607,202306,81,9004.559999999999
071008490115,1,19/07/1965,57,5,2,14,1,,1125.75,,90.06,90.059998,201404,202306,558,58738.04000000001
071014610145,1,12/05/1989,34,2,1,14,0,,,,,,202005,202007,1,334.48
071163610115,1,23/12/1964,58,5,2,14,0,6,2875.78,,230.06,230.06,201404,201507,332,2083.11
071240740115,1,24/10/1955,67,6,2,14,1,,593.08,,82,82,201404,202306,694,55736.30999999998
071274940115,1,22/08/1963,59,5,2,2,0,,,,,,201405,202007,248,3904.77
071336420146,1,08/02/1991,32,2,,17,0,6,2221.39,111.07,177.71,288.78,201802,201805,3,399.28
071360110115,1,28/12/1965,57,5,1,14,0,4,844.03,46.5,74.40000000000001,120.9,201402,201907,194,1276.89
071376560115,1,16/10/1967,55,5,2,14,0,,,,,,201402,202112,592,5978.66
071424880115,1,19/06/1970,53,4,2,14,0,,,,,,201402,201403,148,
071430180115,1,27/08/1970,52,4,1,14,1,6,412.04,,82,82,201402,202306,682,44353.07000000001
071634670145,1,12/05/1989,34,2,1,2,0,,2855.56,142.78,228.44,371.22,201408,202204,131,52114.75999999998
072011590115,1,19/03/1957,66,6,2,14,1,6,752.65,,82,82,201405,202306,602,93152.35000000001
072363620115,1,10/02/1968,55,5,1,14,0,2,8100.42,405.02,648.03,1053.05,201404,201704,504,13166.29
072395200115,1,28/05/1969,54,4,1,14,0,,,,,,201408,201408,352,
072448220102,1,20/08/1961,61,5,1,19,1,6,1028.97,,82.31999999999999,82.32,201405,202306,525,84150.79000000002
072478020126,1,16/09/1970,52,4,2,2,0,,,,,,201704,202006,177,1941.55
072938190142,1,10/10/1984,38,3,1,19,0,,69.65000000000001,37.5,60,97.5,201402,201402,63,97.5
073178860140,1,13/12/1980,42,3,1,10,1,6,1109.31,,88.73999999999999,88.739998,201405,202306,391,104328.33
073206660172,1,12/07/1997,25,2,,19,0,,,,,,201602,201605,1,131.89
073398690132,1,15/08/1972,50,4,,2,0,,,,,,201402,201403,194,97.5
073429650132,1,10/12/1973,49,4,1,2,1,6,518.5700000000001,,82,82,201405,202306,342,87735.86000000003
073437420132,1,26/02/1972,51,4,1,2,1,6,297.82,,82,82,201406,202306,430,90368.51999999999
073461730148,1,03/08/1994,28,2,,2,1,,,,,,202207,202306,2,202.4
073544540115,1,18/07/1972,50,4,1,14,1,6,881.59,,82,82,201406,202306,288,60046.41
073561510115,1,16/07/1973,49,4,1,14,1,,,,,,201404,202306,424,25007.48
073683430115,1,20/10/1974,48,4,2,14,1,6,93.66,,82,82,201405,202306,404,31852.30000000001
073744450132,1,01/08/1959,63,5,1,2,1,,2196.59,,175.73,175.73,201402,202306,675,74786.72000000003
073830160102,1,24/10/1960,62,5,2,19,0,,,,,,201402,202303,477,23991.51
073830240132,1,12/01/1970,53,4,2,2,1,,,,,,201405,202306,245,16557.07
073929720115,1,01/06/1962,61,5,2,14,1,,,,,,201402,202306,613,60810.25
073950150125,1,06/09/1968,54,4,2,24,1,,,,,,201402,202306,793,54948.05000000002
073951800125,1,08/07/1962,60,5,1,14,1,6,1885.63,,150.85,150.85001,201407,202306,678,87451.53999999999
073991190102,1,09/06/1958,65,6,2,19,1,,,,,,201407,202306,208,10713.87
074033430125,1,22/11/1968,54,4,2,24,1,,,,,,201405,202306,592,26207.39
074089330132,1,16/09/1971,51,4,1,2,1,6,1635.87,,130.87,130.87,201405,202306,339,64055.18000000002
074092490132,1,10/06/1975,48,4,1,2,0,6,2637.24,131.86,210.98,342.84,201906,202111,14,3034.24
074222510125,1,08/11/1969,53,4,1,17,1,6,211.78,,82,82,201403,202306,734,58246.56
074227260125,1,18/10/1969,53,4,1,5,0,,,,,,201404,202207,463,25758.7
074312560102,1,19/02/1967,56,5,,19,0,6,5334.31,266.72,426.74,693.46002,201611,201612,10,964.51
074371790102,1,15/06/1969,54,4,,19,0,3,6986.89,349.34,558.95,908.28998,201406,201507,21,3635.94
074386170102,1,08/06/1968,55,5,2,19,0,,,,,,201402,202303,617,69430.95000000001
074439740116,1,20/09/1974,48,4,1,13,0,,210549.58,10527.48,16843.97,27371.451,201405,201603,324,43622.91
074449840115,1,24/10/1966,56,5,1,15,1,,,,,,201405,202306,571,125899.29
074519090125,1,08/02/1972,51,4,1,24,0,,,,,,201406,202111,308,56834.06000000001
074652980125,1,18/10/1972,50,4,2,24,1,,,,,,201407,202306,448,29752.62
074746680141,1,15/05/1983,40,3,1,2,0,4,4797.93,,383.83,383.82999,201407,202103,344,48997.47000000002
074827690104,1,25/03/1977,46,4,1,17,0,6,1033.89,,82.70999999999999,82.709999,201406,202302,106,12818.12
075501770115,1,25/06/1973,50,4,2,14,1,1,9922.4,,793.79,793.78998,201404,202306,730,428581.2799999998
075905240102,1,20/11/1963,59,5,,19,0,1,47673.86,2383.69,3813.91,6197.6001,201406,201507,22,10975.24
076047460132,1,13/06/1966,57,5,1,2,1,6,1300.76,,104.06,104.06,201407,202306,532,55886.9
076057730146,1,02/02/1992,31,2,1,2,0,,,,,,201512,201512,0,
076081590115,1,19/11/1976,46,4,1,14,1,,,,,,202102,202306,37,7986.639999999999
076154870132,1,01/05/1965,58,5,2,2,1,6,999.77,,82,82,201405,202306,413,79845.03000000003
076256940115,1,19/08/1972,50,4,2,14,1,,,,,,201801,202306,380,27607.48
076273510140,1,14/03/1979,44,3,1,2,0,,,,,,201405,201706,20,2564.41
076358870143,1,03/02/1986,37,3,2,2,0,,,,,,201405,201912,98,6752.68
076536680131,1,02/02/1971,52,4,1,2,1,,,,,,201402,202306,424,66716.05000000002
076778520142,1,28/11/1984,38,3,1,24,0,,,,,,201806,201807,1,519.37
076936280102,1,19/09/1967,55,5,2,19,0,,,,,,201707,201708,0,110.5
076998310143,1,30/09/1986,36,3,1,2,0,,,,,,201405,202106,43,4292.64
077046450140,1,22/03/1979,44,3,2,2,1,,,,,,201405,202306,161,38151.37
077066030132,1,10/07/1962,60,5,1,2,1,6,1749.1,,139.93,139.92999,201405,202306,140,35832.06
077172590125,1,28/10/1973,49,4,1,19,0,,,,,,201403,202305,256,30624.91
077334700170,1,19/08/1991,31,2,1,14,0,,,,,,202011,202012,1,345.02
077342360125,1,11/04/1974,49,4,1,24,1,,,,,,201406,202306,507,62906.49000000002
077625120132,1,26/12/1960,62,5,1,2,1,,,,,,201405,202306,671,31111.16
077714460132,1,02/06/1964,59,5,1,2,1,6,171.34,,82,82,201405,202306,369,71757.60000000001
077778840102,1,31/01/1964,59,5,1,19,1,,,,,,201703,202306,414,8680.539999999999
077824540132,1,28/07/1962,60,5,1,2,1,6,3751.89,,300.15,300.14999,201405,202306,764,95439.22000000002
077885380132,1,01/06/1957,66,6,1,2,1,6,166.82,,82,82,201405,202306,614,21450.02
077891500132,1,28/01/1957,66,6,2,2,1,,,,,,201402,202306,866,49492.31000000001
078091300116,1,18/08/1977,45,4,1,13,0,6,1206.53,,96.52,96.519997,201804,202302,164,14597.17
078295710125,1,03/01/1974,49,4,1,24,1,6,297.82,,82,82,201406,202306,400,87552.21999999999
079058710132,1,07/11/1963,59,5,1,2,1,,3514.54,,281.16,281.16,201402,202306,557,85052.46999999997
079527370140,1,29/04/1979,44,3,1,14,0,,,,,,201407,201503,80,457.62
079547680132,1,10/02/1955,68,6,1,2,0,,,,,,201405,201608,126,1506.71
079591770132,1,04/03/1958,65,6,1,2,0,,,,,,201404,201509,238,3029.49
080085250144,1,15/10/1987,35,3,1,2,0,6,700.76,,82,82,201406,202301,156,10317.9
080106000102,1,08/01/1967,56,5,1,19,1,,,,,,201402,202306,795,66764.63
080305820145,1,21/04/1989,34,2,1,2,0,,,,,,202007,202106,2,300.19
080384640110,1,25/10/1977,45,4,1,14,1,,1852.19,,148.18,148.17999,201405,202306,205,60975.05
080519810172,1,15/10/1993,29,2,1,19,1,6,199.3,,82,82,201407,202306,117,28041.23999999999
080771440175,1,26/11/1996,26,2,,13,0,6,5123.88,256.19,409.91,666.09998,202011,202106,8,2185.2
080793860132,1,15/06/1964,59,5,2,2,0,,,,,,201906,202012,133,540.95
080964640132,1,19/07/1961,61,5,2,2,1,6,3640.7,,291.26,291.26001,201405,202306,359,110867.83
081084840172,1,26/06/1996,27,2,1,2,0,,,,,,201612,202012,9,1933.05
081302700132,1,29/08/1962,60,5,1,2,0,6,463.73,42.5,68,110.5,201405,201607,207,1037.35
081326450121,1,12/01/1969,54,4,1,10,0,,,,,,201404,202305,509,34478.85999999999
081699880132,1,06/09/1962,60,5,1,2,1,6,284.15,,82,82,201406,202306,728,62004.61000000001
081712410132,1,15/06/1953,70,6,2,2,1,,,,,,201402,202306,284,27607.46
082005200142,1,27/01/1985,38,3,1,14,0,,,,,,202005,202105,35,1470.53
082066120121,1,26/09/1965,57,5,,10,0,,,,,,201707,201708,2,110.5
082416920132,1,02/04/1963,60,5,,2,0,,,,,,201405,201601,277,2286.43
082461050132,1,27/05/1960,63,5,1,2,0,,,,,,201405,201610,413,1450.39
082468590121,1,11/10/1968,54,4,2,10,0,,3277.55,163.88,262.2,426.08002,201407,201508,97,9728.279999999999
082552320132,1,22/06/1955,68,6,1,2,0,,,,,,201405,201903,172,2849.3
082563370132,1,12/08/1953,69,6,,,0,,,,,,,,422,
082644060130,1,01/04/1958,65,6,2,17,1,,,,,,201406,202306,582,71039.39999999999
082700240125,1,07/09/1972,50,4,1,17,0,,,,,,201405,202301,622,97956.12
082747580132,1,18/03/1960,63,5,1,14,1,1,811.05,,82,82,201406,202306,966,191034.3
082757370132,1,16/03/1957,66,6,1,2,0,,,,,,201406,201408,140,490.94
082771800141,1,15/10/1982,40,3,1,2,0,,,,,,201404,201705,135,3271.93
082865210132,1,31/10/1958,64,5,2,2,1,3,6213.15,,497.05,497.04999,201402,202306,1019,125034.3999999999
082873210147,1,17/06/1993,30,2,,19,0,6,3887.82,194.39,311.03,505.42001,201504,201507,15,1900.57
082976440132,1,27/01/1965,58,5,2,2,1,3,1300,,104,104,202302,202306,281,657.78
082988530143,1,22/09/1982,40,3,1,14,0,,,,,,201405,201503,55,755.76
083225950102,1,29/11/1972,50,4,1,19,1,,,,,,201402,202306,705,19027.45999999999
083402690102,1,10/11/1971,51,4,1,19,1,6,107.44,,82,82,201408,202306,710,121508.08
083624090130,1,05/01/1973,50,4,1,4,0,5,2602.04,130.1,208.16,338.26001,201404,201507,52,1283.13
083877210132,1,18/11/1962,60,5,2,2,1,6,1712.47,,137,137,201402,202306,352,63802.10999999999
083925440143,1,16/07/1986,36,3,1,4,0,,,,,,201407,201602,38,
084054790142,1,19/01/1985,38,3,1,13,0,6,2000,100,160,260,201705,201706,6,598
084193500132,1,13/04/1961,62,5,1,2,1,,1299.96,,104,104,201404,202306,490,30618.91
084310060125,1,12/03/1977,46,4,2,24,0,,2200,110,176,286,201403,201502,368,9156.950000000001
084365310144,1,29/12/1987,35,3,1,13,0,6,1628,81.40000000000001,130.24,211.64,201611,202011,47,3505.010000000001
084370480130,1,18/03/1977,46,4,2,17,0,,,,,,201506,201602,2,133.09
084601450102,1,19/04/1963,60,5,1,2,1,,,,,,201402,202306,381,20765.99
084618610130,1,12/05/1965,58,5,2,14,1,,120.81,,82,82,201405,202306,392,63198.61
084624150132,1,06/06/1965,58,5,1,2,0,6,873.28,46.5,74.40000000000001,120.9,201511,202104,164,9538.710000000001
084919610132,1,16/02/1960,63,5,1,2,1,6,164.85,,82,82,201405,202306,527,71902.09
084925760132,1,12/07/1962,60,5,2,2,0,,,,,,201705,201706,65,110.5
084936740140,1,14/12/1980,42,3,2,2,1,6,314.2,,82,82,201405,202306,379,44015.27
085051890125,1,13/08/1970,52,4,1,14,1,6,1570.36,,125.63,125.63,201402,202306,329,59008.76000000001
085120150132,1,10/11/1959,63,5,2,2,0,6,2031.72,,162.54,162.53999,201405,202301,277,25830.71999999999
085167200128,1,05/01/1975,48,4,2,14,1,3,1953.2,,156.26,156.25999,201403,202306,253,49649.51999999998
085254510115,1,27/09/1967,55,5,1,14,1,6,1050.72,,84.06,84.059998,201402,202306,459,65659.59
085268540121,1,26/08/1961,61,5,2,10,0,,,,,,201404,202305,339,30321.96
085278470115,1,19/08/1972,50,4,1,14,1,,,,,,201404,202306,393,22188.64999999999
085289040115,1,12/04/1971,52,4,2,14,1,6,4035.62,,322.85,322.85001,201405,202306,541,78637.62
085368690115,1,24/10/1973,49,4,1,15,1,6,688.4,,82,82,201405,202306,481,79129.23000000003
085378200121,1,10/02/1966,57,5,,10,0,,,,,,201404,201510,141,5612.47
085378590121,1,03/10/1963,59,5,1,10,1,6,680.22,,82,82,201405,202306,338,46757.10999999999
085380530115,1,08/08/1972,50,4,2,14,1,3,1341.76,,107.34,107.34,201404,202306,354,67864.42
085385640115,1,07/01/1976,47,4,1,14,0,,,,,,201402,202304,192,26472.88
085388910121,1,10/03/1968,55,5,1,10,1,6,1125.75,,90.06,90.059998,201408,202306,618,58401.39999999999
085400430121,1,23/03/1970,53,4,2,10,1,6,5924.67,,473.97,473.97,201407,202306,656,96797.03
085407580121,1,05/06/1970,53,4,1,10,0,,,,,,201404,202305,249,32627.68
085533550125,1,24/03/1971,52,4,1,4,0,,,,,,201405,201508,106,734.78
085570780146,1,01/08/1991,31,2,1,2,0,6,4751.77,237.59,380.14,617.72998,202006,202012,5,1331.62
085606520115,1,10/12/1963,59,5,1,2,0,6,3958.44,197.92,316.68,514.59998,201802,201802,287,514.6
085634330141,1,07/07/1981,41,3,1,2,1,,,,,,201405,202306,254,34889.35999999999
085670970130,1,06/05/1974,49,4,1,2,1,,2560.13,,204.81,204.81,201404,202306,517,65815.16000000002
085725960102,1,19/11/1967,55,5,1,19,0,6,3887.82,194.39,311.03,505.42001,201406,201507,22,2582.1
085766610121,1,28/02/1969,54,4,1,10,1,6,5859.77,,468.78,468.78,201406,202306,306,52121.68000000001
085795600143,1,17/02/1976,47,4,1,2,1,6,2557.75,,204.62,204.62,201405,202306,384,91817.42000000001
085987110132,1,12/08/1965,57,5,1,2,0,6,2064.33,103.22,165.15,268.37,202011,202012,88,775.76
085997900132,1,07/03/1960,63,5,2,2,1,6,2445.65,,195.65,195.64999,201402,202306,443,73445.58000000003
086102190132,1,16/02/1966,57,5,1,2,1,6,393.25,,82,82,201405,202306,579,38057.28000000001
086175320121,1,20/02/1972,51,4,2,10,1,,,,,,201407,202306,472,65712.22
086201770102,1,14/11/1972,50,4,1,19,0,,,,,,201607,201612,5,247.5
086219750121,1,12/05/1972,51,4,1,10,0,,,,,,201402,201509,206,5849.67
086280400115,1,13/11/1970,52,4,4,2,1,,1021.49,,82,82,201405,202306,629,59171.66000000002
086281670121,1,15/07/1968,54,4,1,17,0,,,,,,201404,201510,367,5119.02
086403690115,1,09/08/1977,45,4,1,14,1,3,3930.31,,314.42,314.42001,201402,202306,466,114288.84
086413290141,1,13/07/1983,39,3,1,2,1,6,685.75,,82,82,201904,202306,117,18582.77
086511210102,1,19/02/1974,49,4,2,19,1,,593.08,,82,82,201404,202306,490,53492.66
086611690125,1,07/12/1969,53,4,2,24,1,,,,,,201405,202306,648,144860.55
086690280115,1,10/06/1977,46,4,2,14,0,6,402.88,,82,82,201403,202302,360,46082.59999999999
086702410132,1,12/12/1965,57,5,1,2,0,,,,,,201402,201711,237,5533.810000000001
086854270132,1,29/05/1960,63,5,2,2,0,,,,,,201801,201802,84,200.88
087076600103,1,06/12/1975,47,4,1,24,1,6,112.51,,82,82,202005,202306,89,14079.38
087311040118,1,04/11/1969,53,4,1,12,0,6,397.31,,82,82,201812,202302,34,13124.65
087445020121,1,24/03/1975,48,4,1,10,0,6,14098.74,704.9400000000001,1127.9,1832.84,202111,202111,27,1832.84
087551900121,1,06/06/1975,48,4,2,10,1,6,4466.12,,357.29,357.29001,201505,202306,381,72929.33000000002
087738030121,1,02/04/1977,46,4,1,10,1,6,1482.47,,118.6,118.6,201405,202306,470,94321.62000000002
087739490121,1,08/06/1977,46,4,1,10,1,,,,,,201404,202306,227,24875.81
088063530121,1,01/10/1953,69,6,2,10,0,,,,,,201402,201912,410,18268.01
088098310121,1,29/12/1975,47,4,1,14,0,5,4809.34,240.47,384.75,625.21997,201407,201511,144,7791.26
088189750103,1,28/04/1970,53,4,2,14,1,,3923.36,,313.87,313.87,201405,202306,508,97988.42000000004
088500850143,1,29/11/1986,36,3,2,14,0,,,,,,201404,201709,224,16702.61
088654680102,1,03/10/1966,56,5,1,14,1,6,1528.99,,122.32,122.32,201402,202306,346,63896.45
088755960132,1,10/10/1973,49,4,1,2,1,,,,,,201612,202306,233,5893.52
088792130132,1,16/03/1972,51,4,2,24,0,,4063.69,,325.1,325.10001,201402,202305,506,95962.18000000002
088813370132,1,25/02/1972,51,4,1,2,0,6,1583.99,,126.72,126.72,201405,202207,198,4950.139999999999
088875300132,1,24/08/1971,51,4,,2,0,6,310.93,42.5,68,110.5,201704,201705,33,669.71
089031110132,1,15/04/1959,64,5,2,2,1,6,570.09,,82,82,201407,202306,854,84140.99999999999
089234750132,1,16/12/1965,57,5,1,2,0,,,,,,202011,202106,28,954.3399999999999
089412450102,1,28/05/1973,50,4,2,19,0,,,,,,201506,201702,25,1560
089553020132,1,31/10/1965,57,5,1,2,0,,,,,,201404,201802,266,6866.54
090139040132,1,01/04/1966,57,5,1,12,0,,,,,,202105,202107,122,2633.86
090203390132,1,06/01/1968,55,5,1,2,0,6,787.71,46.5,74.40000000000001,120.9,201407,202106,267,36558.31
090300100132,1,15/05/1970,53,4,2,2,1,,,,,,201405,202306,342,32691.33999999999
090404260132,1,18/02/1960,63,5,2,2,0,,,,,,201404,202305,551,33000.92
090617480132,1,01/05/1966,57,5,1,2,1,,,,,,201807,202306,115,15910.64
090812870132,1,05/12/1967,55,5,,2,0,,,,,,201607,201803,4,938.58
090891940132,1,23/11/1967,55,5,2,2,1,6,284.15,,82,82,201406,202306,530,52974.90000000001
090987460132,1,02/06/1963,60,5,1,24,0,,655.83,46.5,74.40000000000001,120.9,201405,201804,152,1241.21
091114060132,1,21/06/1968,55,5,1,2,1,6,3443.86,,275.51,275.51001,201405,202306,470,82007.15000000002
091129070132,1,21/12/1966,56,5,2,2,1,6,613.66,,82,82,201405,202306,630,88643.11
091312120132,1,24/12/1966,56,5,1,2,0,6,244.56,37.5,60,97.5,201404,201405,9,97.5
091363000132,1,05/11/1967,55,5,1,2,1,5,529.8099999999999,,82,82,201405,202306,368,80248.12000000001
091557770132,1,03/09/1968,54,4,1,2,1,,,,,,201402,202306,467,28110.38
091620950132,1,30/03/1965,58,5,2,2,1,5,1256.3,,100.5,100.5,201405,202306,478,73505.43999999999
091851160132,1,10/01/1967,56,5,1,2,1,6,356.9,,82,82,201512,202306,463,41172.86
091971620132,1,25/01/1967,56,5,2,2,0,,,,,,201404,202207,572,51534.81000000001
092135010132,1,10/09/1968,54,4,1,2,1,6,77.92,,82,82,201402,202306,236,37572.66
092251980132,1,24/04/1970,53,4,1,2,1,6,2437.85,,195.03,195.03,201405,202306,695,95892.70000000001
092321860132,1,24/03/1970,53,4,2,2,0,6,15937.21,796.86,1274.98,2071.8401,201407,202105,391,35518.88
092335630132,1,16/06/1970,53,4,1,2,1,6,1125.76,,90.06,90.059998,201407,202306,344,55724.61
092359790132,1,26/03/1970,53,4,2,2,1,,,,,,201811,202306,388,17796.55
092446070132,1,20/05/1970,53,4,4,2,0,,,,,,202207,202302,267,133.25
092467450132,1,11/08/1969,53,4,1,2,1,2,1394.99,,111.6,111.6,201404,202306,643,54426.67
092581010132,1,06/01/1970,53,4,1,2,1,,1088.23,,87.06,87.059998,201504,202306,274,21114.90999999999
092595810132,1,29/09/1970,52,4,2,2,1,1,2704,,216.32,216.32001,201703,202306,305,71413.36
092614430132,1,30/09/1970,52,4,1,2,0,,,,,,202104,202201,12,1458.37
092653290132,1,06/11/1970,52,4,1,2,1,,,,,,201407,202306,220,20044.39
092722270148,1,02/07/1977,45,4,1,2,0,,,,,,202011,202204,13,2046.2
092781010132,1,24/11/1970,52,4,1,14,1,5,484.9,,82,82,201405,202306,559,88152.47999999998
092818230132,1,14/04/1968,55,5,2,,1,6,202.76,,82,82,201406,202306,524,46183.91
092887040132,1,29/01/1971,52,4,1,2,1,6,1120.59,,89.65000000000001,89.650002,201402,202306,460,63280.93000000002
093084680144,1,23/01/1988,35,3,1,19,0,,,,,,201407,201701,25,6939.059999999999
093169250132,1,10/06/1959,64,5,2,2,0,6,1942.58,,155.41,155.41,201705,202301,506,5125.49
093185430132,1,20/11/1970,52,4,1,2,0,6,605.42,46.5,74.40000000000001,120.9,201612,201906,56,4901.469999999999
093302500141,1,06/01/1983,40,3,1,2,1,,,,,,201701,202306,152,16649.86
093314500132,1,29/03/1971,52,4,2,2,1,,,,,,201402,202306,191,
093356740132,1,06/09/1971,51,4,1,2,1,6,1531.22,,122.5,122.5,201406,202306,276,65529.91000000003
093737370132,1,07/08/1967,55,5,1,2,1,,109.83,,82,82,201402,202306,308,57990.41000000002
093782880132,1,08/04/1969,54,4,1,2,1,,109.83,,82,82,201402,202306,385,59554.64000000004
093854520132,1,04/10/1971,51,4,1,2,0,,,,,,201404,201608,222,2584.61
093888290177,1,30/08/1995,27,2,1,2,0,,,,,,202011,202101,2,906.55
094140110141,1,22/07/1983,39,3,2,12,0,,,,,,202006,202106,7,513.6700000000001
094141210132,1,02/12/1973,49,4,1,2,1,,,,,,201404,202306,388,30089.81
094388850140,1,19/05/1981,42,3,2,13,0,6,2782.68,,222.61,222.61,201607,202212,88,9214.02
094404680142,1,10/05/1982,41,3,1,2,0,,306.42,46.5,74.40000000000001,120.9,202111,202201,7,1606.18
094579450132,1,26/12/1974,48,4,1,2,0,,,,,,202006,202106,173,704.9400000000001
094626990141,1,21/08/1983,39,3,1,17,0,,,,,,201601,202007,48,11087
094657920132,1,29/07/1971,51,4,2,14,1,,,,,,201406,202306,456,66611.12
094690180132,1,04/10/1974,48,4,1,2,1,3,6142.98,,491.44,491.44,201405,202306,465,146923.14
094717480132,1,26/01/1976,47,4,2,2,1,5,412.04,,82,82,201510,202306,291,24508.11
094850920132,1,04/05/1976,47,4,2,,1,6,150.16,,82,82,201806,202306,232,12201.6
095210690132,1,04/05/1957,66,6,3,2,0,3,3267.72,,261.42,261.42001,201504,202212,89,8106.329999999999
095217900132,1,15/09/1967,55,5,1,2,1,,,,,,201704,202306,386,40281.07000000001
095289180132,1,10/03/1967,56,5,2,2,1,,,,,,201511,202306,687,59229.00999999999
095356100132,1,18/09/1960,62,5,2,2,1,,,,,,201402,202306,1049,55773.84999999999
095772980132,1,24/04/1973,50,4,1,2,1,6,37.44,,82,82,201405,202306,379,18701.02
095868510132,1,26/02/1964,59,5,1,2,1,,,,,,201404,202306,570,39945.66999999999
095927180132,1,14/09/1953,69,6,2,2,0,,,,,,201405,202303,359,12522.37
095931400132,1,25/08/1971,51,4,1,2,0,6,558.73,37.5,60,97.5,201405,201408,155,1395.52
095962500132,1,04/05/1974,49,4,1,2,0,,,,,,201511,201601,66,97.5
096049010132,1,02/06/1973,50,4,1,2,1,5,3496.78,,279.74,279.73999,201405,202306,484,113527.44
096092050141,1,18/08/1982,40,3,,12,0,,,,,,201605,201712,20,2814.85
096161610176,1,11/09/1994,28,2,1,12,0,,,,,,201512,201604,2,261.01
096190480147,1,03/10/1992,30,2,,14,0,,,,,,202012,202212,5,1090.16
096257130132,1,19/08/1970,52,4,1,2,1,,,,,,201402,202306,276,28383.94
096342610132,1,26/05/1971,52,4,1,2,0,,,,,,202011,202106,16,3139.75
096493660132,1,20/05/1975,48,4,1,2,0,6,1942.58,,155.41,155.41,201611,202301,195,10390.69
096724410132,1,30/06/1970,53,4,2,2,1,,,,,,201404,202306,336,28968.44
096742170142,1,14/04/1985,38,3,1,19,0,6,2028.21,101.41,162.26,263.67001,201812,201910,15,6209.650000000001
096888940147,1,31/10/1993,29,2,1,2,0,7,697.3200000000001,51.25,82,133.25,201907,202208,80,11270.71
097129380132,1,09/03/1972,51,4,2,2,1,,,,,,201404,202306,275,22640.68
097145980132,1,06/11/1972,50,4,1,2,0,6,2994.93,,239.59,239.59,201506,202301,186,6939.38
097155920161,1,22/10/1994,28,2,,19,0,6,5754.85,,460.39,460.39001,202112,202212,12,2021.98
097173340132,1,23/10/1973,49,4,1,2,1,,,,,,201405,202306,336,44812.39000000001
097226630132,1,31/05/1976,47,4,1,2,1,6,157.1,,82,82,201405,202306,97,13174.09
097266580132,1,30/03/1973,50,4,2,2,0,,,,,,201403,201606,57,
097503480132,1,02/09/1976,46,4,1,2,0,,,,,,201405,201608,306,17642.69
097514700132,1,22/01/1967,56,5,1,2,0,,,,,,201403,202305,735,260753.17
097565240146,1,05/10/1986,36,3,1,19,0,6,945.68,47.28,75.65000000000001,122.93,201405,201612,33,702.76
097592740132,1,02/12/1967,55,5,1,2,0,,,,,,201405,202204,476,26396.44
097669120132,1,16/10/1975,47,4,1,2,1,,,,,,201407,202306,374,56476.97
097726850132,1,18/06/1976,47,4,2,2,0,6,2341.38,,187.31,187.31,201405,202301,194,26625.67
097750280142,1,15/05/1985,38,3,1,24,0,,9561.01,478.05,764.88,1242.9299,202006,202006,0,1242.93
097765410115,1,02/08/1965,57,5,1,14,1,6,3287.95,,263.04,263.04001,201405,202306,613,105401.85
097833090132,1,03/12/1969,53,4,2,2,1,1,74.88,,82,82,201405,202306,558,49266.12
097848180132,1,23/05/1960,63,5,1,2,0,,,,,,201404,202305,358,34615.75999999999
097865640140,1,03/09/1980,42,3,1,12,1,,,,,,201601,202306,123,12465.47
097883330132,1,23/09/1961,61,5,2,2,0,,,,,,201404,202305,696,146203.01
097948050115,1,12/08/1962,60,5,2,18,1,,,,,,201801,202306,501,23171.34
097984770115,1,19/06/1965,58,5,2,14,1,6,3336.43,,266.91,266.91,201405,202306,483,95561.84000000004
098079080132,1,16/03/1975,48,4,1,2,1,,,,,,201606,202306,232,10024.77
098174510132,1,04/03/1975,48,4,1,2,1,,,,,,201403,202306,345,56641.58999999998
098189650132,1,16/10/1977,45,4,1,2,1,6,197.48,,82,82,201406,202306,351,51571.28999999999
098317200132,1,11/07/1977,45,4,1,2,0,6,322.59,37.5,60,97.5,201405,201408,127,1369.4
098463310143,1,07/08/1986,36,3,,10,0,,,,,,201806,201810,2,156.57
098481920132,1,26/04/1977,46,4,1,2,0,,,,,,201404,201807,101,2847.54
098486590132,1,20/03/1978,45,4,1,2,0,,,,,,201406,202303,446,61007.08000000002
098580900115,1,31/05/1964,59,5,1,14,1,6,349.53,,82,82,201404,202306,464,39761.13000000001
098587990132,1,08/10/1965,57,5,2,2,1,5,573.54,,82,82,201504,202306,604,72965.56
098725740115,1,22/09/1961,61,5,2,14,1,6,783.91,,82,82,201405,202306,549,92180.56000000006
098783350115,1,25/01/1963,60,5,1,14,1,6,5477.11,,438.17,438.17001,202006,202306,463,27064.44
098830770132,1,19/09/1974,48,4,2,2,1,3,5067.26,,405.38,405.38,201405,202306,682,128755.52
098883290132,1,14/11/1962,60,5,1,2,0,6,2335.83,116.79,186.87,303.66,201406,201612,415,1754.36
098884610132,1,12/05/1974,49,4,1,2,0,,,,,,201705,201904,11,811.54
098957940146,1,05/05/1991,32,2,1,2,0,6,660.48,42.5,68,110.5,201801,201801,1,110.5
098979400132,1,02/08/1977,45,4,1,2,0,6,25.99,42.5,68,110.5,201603,201803,100,7133.42
099007940140,1,08/03/1981,42,3,1,12,0,,,,,,201403,202007,133,25653.47
099023170132,1,20/04/1978,45,4,1,2,0,,,,,,201811,202301,29,3464.990000000001
099025810132,1,17/10/1977,45,4,2,2,1,,,,,,201706,202306,100,16601.38
099044160132,1,10/02/1976,47,4,2,2,0,6,1169.22,58.46,93.54000000000001,152,201601,201707,45,1155.81
099123560132,1,10/09/1978,44,3,2,2,0,,,,,,201403,201511,423,7347.009999999999
099208570132,1,21/03/1961,62,5,1,2,1,2,290.75,,82,82,201402,202306,972,119856.75
099603830143,1,19/07/1986,36,3,1,19,0,3,10663.77,,853.1,853.09998,201504,202212,65,17568.01
100048400143,1,25/04/1985,38,3,1,14,0,6,7378.7,368.94,590.3,959.23999,201611,202101,29,7812.1
100512200143,1,15/06/1985,38,3,1,2,0,6,7670.01,383.5,613.6,997.09998,202011,202012,9,1312.87
100740450147,1,22/05/1991,32,2,1,19,0,,,,,,201512,201605,10,1950.45
101000020116,1,08/09/1970,52,4,2,14,0,,,,,,201512,202108,122,14775.45
101141300116,1,19/02/1976,47,4,1,14,1,,,,,,201402,202306,413,77515.17000000001
101150820116,1,19/11/1973,49,4,1,17,1,2,943.73,,82,82,201403,202306,327,47121.50000000001
101256270148,1,09/05/1990,33,2,1,17,0,,,,,,202107,202302,14,940.28
101551140116,1,15/10/1965,57,5,2,14,1,6,1223.5,,97.88,97.879997,201406,202306,515,68874.38999999998
102236820116,1,27/12/1977,45,4,2,17,0,,,,,,201402,202304,234,18578.52
10224928790713,1,23/03/1956,67,6,,14,0,,10378.47,518.92,830.28,1349.2,201512,201603,6,4392.82
102407940118,1,22/03/1963,60,5,2,2,1,6,1909.05,,152.72,152.72,201402,202306,406,63989.5
103519930110,1,09/06/1975,48,4,2,14,1,4,3624.23,,289.94,289.94,201405,202306,560,112592.75
103870940142,1,24/05/1983,40,3,1,2,0,,,,,,201607,201807,35,8033.46
104029430145,1,09/05/1988,35,3,,19,0,6,3020.64,151.03,241.65,392.67999,201504,201507,16,1429.63
104099290107,1,21/11/1966,56,5,1,,1,6,349.53,,82,82,201405,202306,352,22458.87
104568300143,1,04/11/1984,38,3,1,2,0,,,,,,201405,202110,140,8537.92
104685240148,1,21/12/1992,30,2,1,19,0,6,4149.62,207.48,331.97,539.45001,201504,201607,15,2348.74
105527540142,1,26/03/1972,51,4,1,2,0,6,5119.15,,409.53,409.53,201405,202301,159,15072.99
105829190141,1,16/07/1975,47,4,2,14,1,,,,,,201405,202306,184,641.18
10621588860713,1,03/10/1970,52,4,,14,0,,,,,,201505,201506,0,
106286300141,1,21/07/1981,41,3,1,14,0,,,,,,201402,202106,217,29083.13
106367240118,1,13/09/1968,54,4,1,12,1,6,3920.13,,313.61,313.60999,201405,202306,754,81695.90000000002
10719154200713,1,09/01/1974,49,4,,24,0,,,,,,201511,201602,4,3211.45
107365760140,1,24/07/1976,46,4,1,14,1,6,327.14,,82,82,201405,202306,428,62510.52000000002
107415360140,1,04/01/1974,49,4,1,2,1,6,5022.9,,401.83,401.82999,201406,202306,417,89349.34000000004
107557160120,1,09/11/1973,49,4,2,14,0,,,,,,202105,202105,0,
107587740176,1,03/05/1999,24,1,1,14,1,,,,,,202005,202306,50,14371.62
108443470143,1,06/08/1985,37,3,1,2,1,4,7239.74,,579.18,579.17999,201607,202306,135,110294.45
108451020146,1,27/05/1988,35,3,1,14,0,,,,,,201403,201707,7,151.97
109380710122,1,30/08/1975,47,4,1,10,0,,,,,,201705,202001,182,10562.91
109746430142,1,28/10/1983,39,3,1,17,0,,,,,,201403,201709,70,7034.52
110099060140,1,23/05/1976,47,4,1,14,1,6,2298.11,,183.85,183.85001,201402,202306,599,96633.42000000001
110605340132,1,25/09/1960,62,5,2,2,1,6,217.15,,82,82,201405,202306,388,27285.66
110634010175,1,28/01/2002,21,1,,19,0,6,608.62,46.5,74.40000000000001,120.9,202111,202111,4,120.9
110836600132,1,25/06/1967,56,5,2,2,1,6,8772.51,,701.8,701.79999,201406,202306,462,95858.02000000002
110967450140,1,30/07/1978,44,3,1,2,1,,,,,,201405,202306,459,30430.86
110971050132,1,09/03/1970,53,4,1,2,1,,,,,,201404,202306,448,31295.10999999999
111073040144,1,08/03/1984,39,3,1,14,0,6,16402.01,820.1,1312.16,2132.26,202104,202106,6,4017.24
111077170132,1,19/05/1972,51,4,1,2,1,6,1120.59,,89.65000000000001,89.650002,201402,202306,220,53615.33000000001
111642750145,1,07/04/1985,38,3,1,19,0,,,,,,201606,201607,0,
111949060174,1,11/12/1994,28,2,1,2,0,,,,,,201803,202001,13,1585.12
112166950132,1,21/01/1956,67,6,1,2,0,,,,,,201402,201503,314,1256.92
112181660140,1,01/10/1978,44,3,2,14,1,,940.6,,82,82,201404,202306,211,43199.07
112326060132,1,01/06/1967,56,5,1,14,1,6,916.6,,82,82,201404,202306,500,50740.00999999999
112339240132,1,18/09/1958,64,5,2,14,0,,2726.14,136.31,218.09,354.39999,201402,201610,527,26971.4
112366540132,1,29/08/1967,55,5,1,2,0,6,9491.58,474.58,759.33,1233.91,201402,202111,316,31140.98000000001
112396910132,1,12/10/1966,56,5,2,19,1,6,966.03,,82,82,201404,202306,450,46235.89999999999
112511440132,1,27/05/1971,52,4,1,2,1,6,481.02,,82,82,201404,202306,328,45359.33
1125938320400,1,15/04/1971,52,4,,14,0,6,1512.37,75.62,120.99,196.61,201512,201705,31,13906.17
112883300143,1,08/09/1985,37,3,1,13,0,6,1000,50,80,130,201804,201805,8,260
113120770144,1,02/06/1980,43,3,1,12,0,,,,,,202006,202106,5,746.4200000000001
113137710144,1,17/06/1985,38,3,1,14,1,6,384.23,,82,82,201404,202306,243,48724.95
113256860108,1,11/09/1969,53,4,2,14,0,,,,,,201404,201903,513,8157.790000000001
113402470132,1,15/07/1974,48,4,1,14,0,3,2320.95,116.05,185.68,301.73001,202206,202206,112,301.73
113818200132,1,07/04/1966,57,5,1,17,1,,1416.68,,113.33,113.33,201402,202306,396,26919.16
113899610132,1,20/01/1977,46,4,1,2,0,,,,,,201601,201706,2,110.5
114122670141,1,09/01/1978,45,4,1,2,0,,3456.34,172.82,276.51,449.33002,201402,202208,300,105114.99
114738990176,1,01/04/2003,20,1,,2,0,6,1215.29,,97.22,97.220001,202211,202302,10,656.1700000000001
114926350144,1,30/03/1984,39,3,,14,0,,,,,,202005,202007,3,515.11
115354730176,1,02/01/2004,19,1,,14,0,,,,,,202211,202302,10,637.1999999999999
115474660140,1,12/03/1979,44,3,2,2,1,,,,,,201405,202306,414,74367.59000000001
115945500140,1,24/03/1979,44,3,2,2,1,6,476.83,,82,82,201407,202306,322,72129.45
116232640140,1,06/01/1979,44,3,1,2,1,4,2805.98,,224.48,224.48,201402,202306,531,69409.10000000001
116245740110,1,24/05/1976,47,4,,2,0,,69.65000000000001,37.5,60,97.5,201402,201402,125,97.5
116536850118,1,27/12/1967,55,5,1,12,1,6,1986.76,,158.94,158.94,201402,202306,209,40705.03000000001
116956410141,1,17/04/1980,43,3,1,19,0,,,,,,201407,201907,133,6049.82
117595180146,1,18/04/1988,35,3,1,19,0,6,266.91,,82,82,201609,202303,230,10483.79
118001600141,1,20/05/1982,41,3,1,14,1,,,,,,201406,202306,270,35699.57
118212950173,1,27/10/1992,30,2,1,13,0,,4278.28,213.91,342.26,556.16998,201405,202204,137,42504.55
118770910146,1,20/02/1990,33,2,,2,0,6,4240.81,,339.26,339.26001,202006,202301,24,5051.389999999999
118834080140,1,12/06/1979,44,3,1,2,1,,,,,,201504,202306,143,47071.64
119281910141,1,20/04/1981,42,3,1,19,1,5,1108.26,,88.66,88.660004,201405,202306,457,91612.43000000001
119364750143,1,23/02/1985,38,3,1,14,0,,,,,,201507,202101,29,2808.17
119365190180,1,11/12/1958,64,5,1,2,0,6,1636.47,81.81999999999999,130.92,212.74001,201607,201907,29,3729.62
119758660148,1,28/01/1993,30,2,1,14,0,,,,,,202010,202101,2,504.37
119774120143,1,19/01/1982,41,3,1,19,0,5,1097.03,54.85,87.76000000000001,142.61,201402,201407,145,1507.22
119943080180,1,26/01/1977,46,4,1,2,1,,,,,,201405,202306,187,10885.89
120094820142,1,06/12/1983,39,3,1,2,0,,,,,,201504,201507,5,543.98
120323960145,1,29/05/1986,37,3,1,2,0,6,3812.35,190.62,304.99,495.60999,201801,201801,3,495.61
120443830170,1,20/12/1993,29,2,1,2,0,6,3181.38,159.07,254.51,413.58002,202006,202107,5,1366.94
120546760140,1,25/01/1976,47,4,1,2,0,,439.32,51.25,82,133.25,201402,202208,301,78449.42000000001
120716870118,1,08/04/1973,50,4,,2,0,,,,,,201911,202107,28,4395.34
120830390118,1,17/09/1974,48,4,1,12,1,4,1047.98,,83.84,83.839996,201406,202306,372,70466.65999999999
120880830100,1,19/04/1959,64,5,,23,0,,,,,,201406,202001,121,6256.099999999999
121037300140,1,31/01/1979,44,3,1,22,1,6,910.28,,82,82,201406,202306,383,113846.59
121305800143,1,09/08/1985,37,3,1,14,0,6,5647.74,,451.82,451.82001,201804,202302,80,20425.82
121403720143,1,04/11/1985,37,3,,24,0,6,1609.89,80.48999999999999,128.79,209.28,201611,201612,4,523.87
122266650146,1,02/05/1988,35,3,1,19,1,,,,,,201705,202306,158,35633.34
122366300180,1,20/07/1977,45,4,1,24,0,,,,,,202006,202007,0,
122399100147,1,15/05/1992,31,2,1,2,0,,,,,,201707,201710,1,110.5
122643150147,1,04/12/1990,32,2,1,14,1,6,374.42,,82,82,201511,202306,89,29478.44
122839330100,1,12/07/1961,61,5,2,19,1,6,269.45,,82,82,201402,202306,854,31186.52
122897520100,1,02/03/1965,58,5,2,2,1,,,,,,201404,202306,800,30306.25
122936580140,1,01/08/1979,43,3,1,2,1,6,5199.67,,415.97,415.97,201402,202306,517,116535.21
123024330108,1,07/11/1964,58,5,1,14,0,6,5145.12,257.26,411.61,668.87,202011,202012,1,668.87
123139550143,1,11/09/1985,37,3,2,2,0,,,,,,201402,202208,298,76427.65000000001
123726840140,1,23/05/1979,44,3,1,17,0,,,,,,201406,201607,2,103.82
123826100140,1,24/05/1978,45,4,1,17,0,6,117.08,,82,82,201407,202301,213,17958.59
124692890143,1,14/09/1985,37,3,1,14,0,,,,,,201402,201407,25,330.7
125125930122,1,07/01/1961,62,5,2,2,1,3,5438.59,,435.09,435.09,201402,202306,864,129763.44
125176280180,1,04/06/1975,48,4,1,2,1,6,1528.99,,122.32,122.32,201402,202306,301,69995.47
125278660140,1,28/05/1979,44,3,1,19,0,6,178.59,,82,82,201601,202211,202,8064.640000000001
125912700180,1,21/09/1976,46,4,1,14,1,,,,,,201511,202306,158,12503.72
125988740122,1,16/10/1966,56,5,2,10,1,6,591.76,,82,82,201404,202306,563,71849.37000000002
126007690133,1,18/01/1972,51,4,1,2,1,6,476.83,,82,82,201407,202306,574,79268.00999999999
126074600133,1,19/12/1972,50,4,1,2,0,,,,,,201405,201912,535,27868.48
126107480133,1,31/01/1973,50,4,1,2,0,,,,,,201504,202305,227,24893.68
126138470133,1,07/10/1972,50,4,1,2,1,6,227.31,,82,82,201402,202306,434,65169.62000000002
126155950133,1,07/12/1972,50,4,1,2,1,,,,,,201405,202306,222,14401.21
126243880133,1,07/06/1970,53,4,2,17,1,6,377.51,,82,82,201406,202306,491,54510.59000000001
126282320144,1,25/04/1987,36,3,2,12,1,6,587.47,,82,82,201402,202306,255,47173.19
126306380133,1,15/12/1971,51,4,1,2,1,,,,,,201404,202306,235,23783.22
126328020107,1,04/01/1972,51,4,1,14,0,6,7878.26,393.91,630.26,1024.17,201405,201812,161,8374.18
126401960133,1,26/11/1973,49,4,1,2,1,6,157.1,,82,82,202104,202306,398,6058.85
126555740133,1,27/08/1976,46,4,1,2,1,,,,,,201404,202306,359,61422.02999999999
126656710109,1,21/11/1966,56,5,1,12,1,6,192.32,,82,82,201402,202306,256,48115.67000000002
126716000180,1,21/01/1979,44,3,1,19,0,6,4950,247.5,396,643.5,201406,201407,7,1039.3
126754600145,1,15/08/1988,34,2,1,19,0,5,7109.18,,568.73,568.72998,201504,202212,57,10793.38
126897530122,1,04/01/1964,59,5,,10,1,,,,,,201904,202306,290,14732.35
127671570141,1,16/01/1982,41,3,1,14,1,,,,,,201604,202306,154,31577.07999999999
128545630144,1,17/12/1984,38,3,1,2,0,6,3176.49,158.82,254.12,412.94,201805,202006,12,1933.05
128893980180,1,22/10/1974,48,4,1,19,0,6,3020.64,151.03,241.65,392.67999,201406,201507,21,2846.64
129029780177,1,27/12/1995,27,2,,2,1,,,,,,202301,202306,4,461.91
129055680140,1,31/08/1979,43,3,1,13,0,6,6143.72,307.19,491.5,798.69,201612,202007,39,5751.08
129182970122,1,18/08/1972,50,4,1,10,1,2,1850.05,,148,148,201406,202306,564,101602.55
129220890146,1,28/04/1990,33,2,1,10,0,,,,,,201707,201811,17,1475.97
129514180142,1,24/03/1984,39,3,1,17,1,,,,,,201404,202306,290,31007.94999999999
129587830144,1,26/10/1973,49,4,1,2,0,,,,,,201707,202112,14,1885.32
129927040101,1,10/12/1966,56,5,2,20,1,6,881.59,,82,82,201406,202306,424,72570.29000000002
130317950101,1,10/04/1965,58,5,2,17,1,6,1168.79,,93.5,93.5,201406,202306,299,63259.97
130493430122,1,22/08/1967,55,5,4,14,1,,1100,,88,88,201402,202306,529,50946.48999999999
131123910144,1,11/06/1983,40,3,1,14,0,6,7878.26,393.91,630.26,1024.17,201801,201812,19,4369.98
131896090148,1,15/07/1994,28,2,1,14,0,6,1293.92,64.7,103.51,168.20999,201601,201601,3,168.21
132015790148,1,03/05/1993,30,2,1,19,0,,,,,,201504,201708,25,2925.32
132330950100,1,13/03/1972,51,4,1,23,0,,,,,,201811,202006,378,2338.31
132778480140,1,02/09/1979,43,3,,14,0,,,,,,201404,201510,152,6186.67
132848350100,1,22/10/1975,47,4,1,4,1,3,3334.53,,266.76,266.76001,201801,202306,517,39809.4
133025560125,1,26/10/1965,57,5,1,24,0,1,24323.95,,1945.92,1945.92,201612,202301,584,67983.57000000001
133188060146,1,09/05/1990,33,2,1,19,0,6,7109.18,,568.73,568.72998,201504,202212,65,12100.01
133661140147,1,26/08/1992,30,2,,14,0,6,2293.21,114.66,183.46,298.12,202111,202112,4,566.3299999999999
134196750140,1,20/06/1979,44,3,2,10,1,,,,,,201504,202306,484,64098.13
134263260147,1,07/01/1990,33,2,1,2,1,,331.1,,82,82,201607,202306,80,31196.59
134440460145,1,23/01/1981,42,3,1,14,1,,,,,,201511,202306,26,2545.05
134668350108,1,17/04/1958,65,6,2,14,1,,,,,,201402,202306,718,46523.88
134753350129,1,18/04/1955,68,6,2,14,0,,632.45,37.5,60,97.5,201402,201412,291,1013.87
134851700180,1,16/04/1977,46,4,2,14,0,6,7440.09,,595.21,595.21002,201404,202304,153,9770.029999999999
135264060144,1,13/03/1983,40,3,1,14,0,,,,,,201407,201503,2,97.5
135532900142,1,27/03/1984,39,3,,14,0,,,,,,202006,202010,5,1559.79
135579980146,1,06/02/1989,34,2,1,14,0,,,,,,201611,202104,35,2957.98
136082030141,1,30/05/1982,41,3,2,19,0,,,,,,201402,201903,70,251.1
136595940142,1,18/05/1984,39,3,1,14,0,6,5943.92,297.2,475.51,772.71002,202005,202012,7,1859.19
136798230140,1,27/11/1979,43,3,1,23,0,6,11353.92,567.7,908.3099999999999,1476.01,201506,201604,11,5604.47
136974290142,1,20/01/1983,40,3,1,19,0,6,4583.37,229.17,366.67,595.84003,201706,201707,8,1191.68
137369660144,1,29/06/1987,36,3,1,2,0,,,,,,202005,202106,27,239.26
137431490180,1,11/08/1978,44,3,1,19,1,5,3271.8,,261.74,261.73999,201405,202306,378,78613.82000000001
137645490147,1,08/07/1990,32,2,1,14,0,6,2142.71,,171.42,171.42,201612,202301,131,20826
138587480144,1,21/02/1987,36,3,1,19,0,6,1121,56.05,89.68000000000001,145.73,201406,201506,12,1104.87
138717210142,1,24/02/1984,39,3,1,2,0,,,,,,201404,202302,10,710.45
138849790141,1,17/03/1980,43,3,2,14,0,,,,,,201404,202010,194,12868.87
139688510141,1,02/08/1982,40,3,1,2,1,6,388.54,,82,82,201403,202306,238,52931.54
139804440141,1,17/07/1982,40,3,2,14,0,,,,,,201901,201907,33,241.8
140321340141,1,09/08/1982,40,3,,19,0,6,863.09,43.15,69.05,112.2,201507,201507,2,112.2
140638580104,1,11/08/1960,62,5,1,17,0,,,,,,201402,201404,480,
141110140141,1,24/05/1982,41,3,1,2,0,,,,,,201402,201801,35,1117.57
141662820130,1,26/08/1965,57,5,2,4,1,,,,,,201404,202306,422,46805.51000000001
141772510130,1,11/11/1966,56,5,1,4,1,6,228.51,,82,82,201404,202306,270,51084.82
141854310142,1,17/03/1968,55,5,1,14,1,,,,,,201404,202306,328,31300.3
141882520140,1,13/09/1978,44,3,2,17,0,6,9211.309999999999,,736.9,736.90002,201503,202305,326,24298.77
141936490146,1,13/01/1990,33,2,1,2,0,,,,,,201504,201506,3,575.3600000000001
142293890144,1,10/07/1987,35,3,2,19,0,,,,,,201402,202001,88,3094.08
142364500119,1,29/01/1960,63,5,1,2,1,6,3628.27,,290.26,290.26001,201405,202306,718,105812.69
142484930142,1,05/11/1983,39,3,,19,0,,,,,,201511,201908,84,5414.82
142698170119,1,28/08/1969,53,4,1,2,1,6,3740.45,,299.24,299.23999,201405,202306,519,105413.04
142731870147,1,13/10/1992,30,2,1,13,0,6,2574.38,128.72,205.95,334.67001,201905,201912,10,1941.47
143152350148,1,10/02/1993,30,2,1,2,0,5,2152.71,,172.22,172.22,202211,202211,1,172.22
143270990117,1,19/09/1969,53,4,1,2,1,6,77.92,,82,82,201402,202306,500,39156.89000000001
143386980140,1,22/08/1978,44,3,2,14,1,6,697.0599999999999,,82,82,201405,202306,384,82932.85999999999
143947620125,1,01/03/1966,57,5,1,24,1,6,1652.71,,132.22,132.22,201405,202306,505,96472.88
144044920140,1,12/06/1975,48,4,1,4,1,,326.09,,82,82,201403,202306,416,40305.97
144341270146,1,07/07/1990,32,2,1,14,0,,,,,,201707,201803,11,820.1
144472700117,1,22/10/1972,50,4,1,2,0,,,,,,201404,202305,619,48609.06
144790860115,1,11/06/1976,47,4,1,14,1,6,5833.47,,466.68,466.67999,201406,202306,563,105519.86
144993480109,1,28/11/1968,54,4,2,14,1,,,,,,201406,202306,367,19920.05
145313290170,1,30/03/1990,33,2,,2,0,,,,,,201505,201605,5,3052.16
145373650140,1,14/08/1972,50,4,1,2,1,6,150.16,,82,82,201405,202306,143,14214.52
145441290140,1,06/06/1979,44,3,1,2,0,,,,,,201705,201810,52,1405.32
145816240110,1,08/12/1975,47,4,2,13,0,,,,,,201504,201506,84,499.45
146044940103,1,22/05/1960,63,5,2,19,1,6,7255.83,,580.47,580.46997,201405,202306,1164,123790.15
146119980103,1,19/03/1965,58,5,2,24,1,3,6917.77,,553.42,553.41998,201402,202306,939,186885.08
146126560103,1,17/07/1962,60,5,1,19,1,2,698.12,,82,82,201405,202306,525,103895.38
146346520103,1,16/10/1964,58,5,3,19,1,,,,,,201405,202306,887,38306.55999999997
146636520103,1,19/04/1965,58,5,1,19,1,,,,,,201405,202306,1033,14858.87
146696830103,1,28/09/1962,60,5,2,19,1,6,403.63,,82,82,201402,202306,985,31261.16000000001
146893170103,1,30/12/1957,65,6,2,19,1,,,,,,201402,202306,744,45013.39000000001
146985660103,1,16/10/1964,58,5,2,19,0,,1779.24,88.95999999999999,142.34,231.3,201402,201407,418,801.16
147043930180,1,08/04/1978,45,4,1,19,0,4,930,46.5,74.40000000000001,120.9,201406,201912,46,2043.6
147102250103,1,09/03/1960,63,5,2,12,1,,300.81,,82,82,201405,202306,1051,77835.70000000001
147469030103,1,04/01/1973,50,4,2,19,1,6,1076.95,,86.16,86.160004,201402,202306,773,33465.92999999999
148067910129,1,30/04/1965,58,5,2,12,1,6,353.15,,82,82,201405,202306,457,82210.13
148148570173,1,12/04/2002,21,1,,21,0,6,5123.88,256.19,409.91,666.09998,202105,202106,6,1054.83
148405860180,1,14/09/1972,50,4,1,19,0,,50.85,42.5,68,110.5,201402,201612,132,5631.08
148737780175,1,15/11/2000,22,1,,14,1,,,,,,202103,202306,47,5409.85
149001600100,1,16/01/1968,55,5,1,4,0,6,152.72,37.5,60,97.5,201403,201404,3,195
149043530170,1,21/04/1998,25,2,,2,0,,,,,,202106,202207,10,641.51
149121820103,1,25/01/1967,56,5,2,19,1,1,4569.27,,365.54,365.54001,201402,202306,1367,62180.38000000002
149122940103,1,13/08/1967,55,5,2,19,0,6,9279.860000000001,463.99,742.39,1206.38,201707,201801,20,1206.38
149128490103,1,10/02/1968,55,5,1,19,0,,,,,,201506,201506,0,
149181740103,1,05/07/1969,53,4,2,19,1,6,2784.22,,222.74,222.74001,201405,202306,579,82237.57000000004
149182200103,1,17/03/1969,54,4,2,19,0,5,532.68,37.5,60,97.5,201404,201404,174,97.5
149294080125,1,16/07/1958,64,5,2,24,1,,,,,,201402,202306,583,47720.78000000001
149355770142,1,29/04/1984,39,3,1,2,0,,263.59,46.5,74.40000000000001,120.9,202106,202107,0,241.8
149372670103,1,14/08/1972,50,4,,2,0,,,,,,201804,201907,30,3134.29
149499120180,1,22/02/1979,44,3,1,19,1,3,1436.47,,114.92,114.92,201408,202306,284,29429.82000000001
149870220147,1,16/04/1991,32,2,1,14,1,6,93.66,,82,82,201612,202306,91,16580.86
149883760103,1,04/07/1974,48,4,,19,0,,,,,,201403,201707,343,6279.539999999999
149979550103,1,15/09/1973,49,4,2,19,0,6,6748.22,337.41,539.86,877.27002,202006,202207,167,1328.06
150020320103,1,31/08/1973,49,4,,19,1,6,2169.7,,173.58,173.58,201402,202306,533,26471.06
150057050103,1,30/03/1967,56,5,2,2,1,,,,,,201405,202306,522,45105.03
150090090103,1,21/11/1973,49,4,,19,0,,,,,,201512,201605,202,400.89
150103180103,1,31/01/1974,49,4,,19,0,6,359.36,,82,82,201402,202211,711,21693.14999999999
150115580103,1,20/03/1976,47,4,2,19,1,6,591.76,,82,82,201512,202306,493,35644.03
150161680103,1,10/04/1976,47,4,1,19,0,6,95.06999999999999,,82,82,201805,202210,321,444.7
150226050103,1,11/06/1976,47,4,2,19,1,6,388.54,,82,82,201403,202306,508,58600.25
150264530100,1,30/01/1973,50,4,1,22,0,,,,,,201405,201509,20,712.89
150354500140,1,14/10/1978,44,3,1,19,0,,,,,,201405,201408,103,416.89
150361070173,1,20/07/1998,24,1,,2,0,6,153.45,,82,82,202012,202302,43,9316.030000000001
150505760145,1,11/01/1989,34,2,1,14,0,6,1924.16,96.20999999999999,153.93,250.14,201405,201609,102,4728.77
150731310103,1,12/09/1977,45,4,1,19,0,6,359.36,,82,82,201504,202211,490,21862.30999999999
150802650103,1,11/01/1978,45,4,,19,0,,,,,,201707,201802,24,1512.43
150990070125,1,08/11/1962,60,5,1,,1,,,,,,201402,202306,594,89023.85000000001
151372570140,1,22/12/1978,44,3,1,14,0,,,,,,201804,201806,8,2305.82
151681040143,1,18/01/1986,37,3,1,13,0,,,,,,201511,201602,3,195
152150060132,1,08/06/1969,54,4,1,2,0,6,138.84,46.5,74.40000000000001,120.9,201405,201804,135,1626.09
152534510142,1,25/07/1984,38,3,1,2,0,,,,,,201504,201708,12,1199.12
152589750147,1,27/12/1992,30,2,1,2,1,,,,,,201512,202306,22,3059.9
153299650141,1,05/03/1982,41,3,1,14,1,6,431.91,,82,82,201502,202306,129,26094.36
153333850145,1,19/01/1988,35,3,1,19,0,,,,,,201707,201803,3,535.78
153460700144,1,06/09/1987,35,3,,17,0,,,,,,201507,201612,1,
153593650141,1,19/10/1979,43,3,2,19,0,,,,,,201601,201712,30,1784.46
153933770172,1,20/06/1992,31,2,1,2,0,6,115.86,42.5,68,110.5,201607,201701,5,331.5
154102160140,1,09/01/1979,44,3,1,2,0,3,1594.11,,127.53,127.53,201405,202302,241,15711.39
154216940117,1,26/10/1969,53,4,2,13,0,6,1279.87,63.99,102.39,166.38,201405,201405,14,166.38
154240250132,1,09/05/1969,54,4,1,,0,6,4301.66,215.08,344.13,559.21002,201407,201511,317,9359.300000000001
154311860132,1,22/12/1976,46,4,1,2,0,,,,,,201402,202001,169,2057.61
154334140132,1,27/07/1974,48,4,1,24,0,,,,,,201407,201602,102,3762.7
154377420110,1,25/06/1975,48,4,1,2,1,5,127.35,,82,82,201402,202306,519,46433.81
154471180142,1,24/01/1984,39,3,2,19,0,5,1075.1,53.76,86.01000000000001,139.77,201611,201703,24,2125.39
154517450144,1,28/08/1987,35,3,1,2,0,,,,,,201404,201708,30,1745.75
155206020143,1,03/10/1985,37,3,2,2,1,,,,,,201601,202306,181,34520.95
155263900108,1,12/03/1966,57,5,,24,1,,,,,,201402,202306,451,45181.25999999999
155589710144,1,16/10/1987,35,3,1,14,0,6,14595.68,729.78,1167.65,1897.4301,201405,202007,94,8564.83
155630950141,1,05/10/1982,40,3,1,2,1,6,635.36,,82,82,201404,202306,319,52637.14999999999
155684680120,1,02/11/1962,60,5,2,2,1,6,2423.73,,193.9,193.89999,201402,202306,662,88389.02000000002
155893240174,1,14/01/1998,25,2,,2,0,6,3375.84,168.79,270.07,438.85999,202011,202101,4,1732.12
156391000140,1,14/07/1979,43,3,1,2,0,6,1295.11,64.76000000000001,103.61,168.37,201504,202011,184,1069.49
156477350143,1,08/03/1986,37,3,1,19,0,6,1192.26,,95.38,95.379997,202107,202302,7,1137.41
156618800110,1,02/07/1967,55,5,2,2,1,6,4242.15,,339.37,339.37,201405,202306,336,86562.18999999999
157613640109,1,08/06/1969,54,4,2,15,1,5,2019.99,,161.6,161.60001,201402,202306,514,66062.75
157864580140,1,20/05/1978,45,4,,19,1,,3887.96,,311.04,311.04001,202007,202306,44,32971.83
158549500116,1,17/06/1959,64,5,1,14,1,4,4171.32,,333.71,333.70999,201503,202306,1077,130155.42
158565530117,1,02/10/1961,61,5,2,13,0,,17660,,1412.8,1412.8,201407,202301,489,74112.54000000001
158987190180,1,07/12/1977,45,4,2,14,1,,,,,,201406,202306,285,32665.98
159157250116,1,03/08/1961,61,5,1,13,0,6,1000,50,80,130,201611,201612,37,260
159235620146,1,01/06/1990,33,2,,2,1,6,8735.02,,698.8,698.79999,202006,202306,33,17387.79
159312760115,1,01/01/1966,57,5,2,14,1,,,,,,201404,202306,653,91737.56000000003
159385840117,1,21/08/1965,57,5,2,13,1,2,1034.34,,82.75,82.75,201405,202306,668,129692.13
159567280140,1,06/08/1975,47,4,2,2,1,6,1589.79,,127.18,127.18,201407,202306,415,91493.63
159668540115,1,22/08/1966,56,5,2,14,1,,925.6900000000001,,82,82,201405,202306,648,110109.31
159954470125,1,25/01/1963,60,5,2,24,0,,,,,,201404,201710,492,9637.48
160110790116,1,21/04/1967,56,5,2,13,0,5,2944.52,147.23,235.56,382.79001,201405,201407,6,382.79
160324960115,1,23/09/1959,63,5,2,14,1,,,,,,201404,202306,440,31775.2
160448780144,1,18/10/1987,35,3,1,14,0,,,,,,202005,202104,11,6116.549999999999
160893400171,1,17/09/1993,29,2,1,14,0,6,2953.87,147.69,236.31,384,201801,201807,24,3964.89
160976470117,1,05/05/1971,52,4,1,2,0,,161.68,37.5,60,97.5,201406,201506,30,1399.95
161110610176,1,22/08/1995,27,2,,2,0,,,,,,201704,201706,2,221
161149920115,1,23/08/1963,59,5,1,14,0,,,,,,201812,202002,70,1843.82
161192460144,1,24/06/1985,38,3,1,10,0,,,,,,202005,202107,35,7919.51
161193260115,1,20/07/1960,62,5,1,14,0,1,475.92,,82,82,201404,202302,575,54811.77
161307350140,1,02/08/1980,42,3,,2,0,6,195.67,42.5,68,110.5,201612,201701,14,453.84
162009380125,1,05/03/1966,57,5,2,24,1,,,,,,201405,202306,753,29674.78000000001
162029000142,1,22/03/1982,41,3,1,2,1,,,,,,202211,202306,15,1916.93
162031520104,1,27/08/1962,60,5,2,17,1,,1087.82,,87.03,87.029999,201402,202306,525,5763.97
162063350116,1,25/06/1974,49,4,2,13,0,6,1609.89,80.48999999999999,128.79,209.28,201405,201407,79,408.86
162119680104,1,12/02/1950,73,6,2,17,0,,,,,,201406,201708,476,4749.54
162261310180,1,21/08/1979,43,3,1,2,0,6,2476.41,123.82,198.11,321.92999,201801,201801,30,321.93
162263180125,1,26/05/1963,60,5,2,24,0,,,,,,201904,201910,287,997.38
162265510115,1,04/04/1961,62,5,3,14,1,2,2594.62,,207.57,207.57001,201405,202306,655,99434.08000000005
162695450146,1,28/10/1990,32,2,1,2,0,,,,,,201512,201609,7,513.5
163374060104,1,02/12/1959,63,5,1,17,0,,,,,,201404,202304,393,12808.88
163416060140,1,03/09/1980,42,3,1,2,0,,,,,,201911,202209,6,773.1800000000001
163654700146,1,13/07/1990,32,2,1,2,1,6,415.9,,82,82,201811,202306,62,31821.55
163691370104,1,23/12/1965,57,5,,17,1,,,,,,201402,202306,304,6141.14
163836600115,1,18/10/1954,68,6,1,14,0,,,,,,201606,201607,0,
163843150115,1,30/06/1962,61,5,2,14,1,1,1251.72,,100.14,100.14,201405,202306,622,208292.06
163859870115,1,27/07/1966,56,5,2,14,1,,,,,,201506,202306,688,48006.32999999999
163881010115,1,11/01/1959,64,5,2,14,0,,,,,,201404,202302,357,13119.39
164019990115,1,11/11/1951,71,6,2,14,0,,,,,,201405,201704,325,4730.699999999999
164051000115,1,08/01/1967,56,5,1,14,1,6,425.15,,82,82,201405,202306,540,88923.12999999999
164061820115,1,24/12/1962,60,5,2,14,0,,,,,,201611,202001,204,1067.17
164064320115,1,10/05/1968,55,5,1,14,0,6,5352.49,,428.2,428.20001,201509,202207,279,18429.14000000001
164085660115,1,03/10/1970,52,4,2,14,1,6,981.09,,82,82,201407,202306,616,57865.56
164087900115,1,27/10/1970,52,4,2,14,1,3,2167.7,,173.42,173.42,201811,202306,577,17637.42
164095620115,1,20/10/1971,51,4,1,14,0,5,2403.11,120.16,192.25,312.41,201607,201704,129,968.18
164109930115,1,10/03/1973,50,4,2,14,1,,,,,,201404,202306,249,24768.27
164112050115,1,18/05/1973,50,4,1,14,0,,,,,,201704,201912,61,3625.85
164114670115,1,28/08/1973,49,4,1,14,1,4,526.98,,82,82,201405,202306,548,38598.56000000001
164120060115,1,29/11/1973,49,4,1,14,0,,,,,,201606,201703,362,2652.03
164125720115,1,16/09/1974,48,4,2,14,1,,,,,,201404,202306,288,24709.2
164143170115,1,29/07/1976,46,4,1,14,0,,,,,,202005,202008,9,556.11
164151740115,1,16/03/1970,53,4,2,14,1,,134.92,,82,82,201405,202306,459,58334.89000000001
164313850142,1,20/02/1984,39,3,1,2,1,,109.83,,82,82,201402,202306,297,86604.14999999999
164365400104,1,16/08/1972,50,4,,17,0,6,1430.8,71.54000000000001,114.46,186,202104,202105,4,930.8400000000001
164408620140,1,05/01/1980,43,3,,2,0,6,5518.08,275.9,441.45,717.34998,202105,202106,63,838.25
164494930104,1,02/02/1969,54,4,2,17,0,,,,,,201406,202304,581,3415.92
164507600104,1,11/08/1969,53,4,,17,1,,2327.4,,186.19,186.19,201402,202306,176,8377.110000000001
164556470104,1,05/06/1968,55,5,1,12,1,,,,,,201402,202306,282,15847.05
164645310103,1,13/11/1967,55,5,2,14,1,6,8704.040000000001,,696.3200000000001,696.32001,201405,202306,778,145677.3
164759840104,1,26/12/1972,50,4,1,17,1,6,215.4,,82,82,201402,202306,292,45145.54000000001
165188400104,1,14/09/1976,46,4,1,17,0,6,20217.83,1010.89,1617.43,2628.3201,202005,202105,71,8361.98
165216590104,1,04/11/1962,60,5,1,17,1,,,,,,201405,202306,434,2860.07
165343760104,1,11/06/1978,45,4,1,17,1,,,,,,201406,202306,126,4023.57
166217200180,1,05/04/1977,46,4,2,2,1,6,98.67,,82,82,201402,202306,406,55067.33000000002
166254880141,1,26/03/1983,40,3,2,23,0,4,10012.02,500.6,800.96,1301.5601,202104,202207,13,6362.09
166289860103,1,13/03/1973,50,4,1,2,1,2,750.34,,82,82,201405,202306,565,144554.96
166393420144,1,01/10/1987,35,3,1,19,0,,,,,,201402,201408,76,658.9400000000001
166822990142,1,03/10/1984,38,3,1,19,1,,,,,,201403,202306,241,12557.92
166941550108,1,14/01/1968,55,5,2,14,1,,,,,,201404,202306,425,52423.5
166953700140,1,10/11/1980,42,3,2,2,1,6,150.16,,82,82,201811,202306,251,11496.85
167399120147,1,30/11/1991,31,2,1,2,0,6,2199.8,109.99,175.98,285.97,201404,201707,106,12710.01
167442160141,1,16/04/1983,40,3,1,22,0,,,,,,201404,201707,171,7592.84
167956300143,1,15/05/1986,37,3,,2,0,,,,,,201912,202007,1,120.9
167979260141,1,26/06/1981,42,3,2,14,1,,40,,82,82,201607,202306,257,48205.12000000001
168260770125,1,31/12/1970,52,4,1,24,0,,439.32,46.5,74.40000000000001,120.9,202005,202005,13,120.9
168444640108,1,03/02/1967,56,5,1,14,1,1,484.03,,82,82,201404,202306,626,65105.64000000001
168646270103,1,01/01/1976,47,4,2,17,1,,,,,,201406,202306,479,56032.08
169042530144,1,12/09/1987,35,3,1,19,1,6,104.52,,82,82,201403,202306,203,48666.56
169626430102,1,30/04/1961,62,5,1,2,0,3,2402.3,120.12,192.18,312.29999,201802,201804,559,1545.45
169708420103,1,15/04/1978,45,4,,19,0,6,1299.24,64.95999999999999,103.94,168.89999,201406,201507,17,812.6099999999999
169988900142,1,31/10/1984,38,3,1,2,0,6,3176.49,158.82,254.12,412.94,201811,202006,21,1805.25
170017810126,1,23/02/1972,51,4,1,2,1,3,3704.35,,296.35,296.35001,201405,202306,441,58512.28000000001
170874110102,1,22/08/1961,61,5,2,19,1,,,,,,201405,202306,464,44645.48
170910190143,1,07/07/1986,36,3,,19,1,,,,,,201402,202306,219,15393.28
170942940144,1,02/12/1987,35,3,1,2,1,,1812.19,,144.98,144.98,202011,202306,37,19999.99
171034150146,1,14/12/1990,32,2,1,14,1,6,9405.459999999999,,752.4400000000001,752.44,201711,202306,192,94753.08999999998
171374750115,1,29/12/1966,56,5,1,14,0,6,7791.5,389.58,623.3200000000001,1012.9,201404,202105,441,17226.08
171408620140,1,01/03/1980,43,3,1,19,1,6,1125.76,,90.06,90.059998,201704,202306,261,47252.52999999999
171888710115,1,16/09/1967,55,5,2,2,1,,328.64,,82,82,201405,202306,813,217703.4999999999
172031860115,1,09/07/1970,52,4,1,14,1,,,,,,201404,202306,340,39660.55
172213070115,1,05/05/1965,58,5,2,24,1,,790.77,,82,82,201404,202306,900,200441.92
172397540115,1,14/11/1969,53,4,1,14,0,6,1673.92,,133.91,133.91,201407,202305,418,23874.21
172406870115,1,02/10/1969,53,4,2,14,1,,,,,,201404,202306,449,32398.25
172597030107,1,06/02/1965,58,5,1,14,0,,,,,,201403,201710,520,8661.740000000002
172621360140,1,14/05/1980,43,3,1,24,0,6,3610.93,,288.87,288.87,201407,202212,212,9055.77
172653750116,1,06/02/1975,48,4,1,24,0,,,,,,201505,201508,2,
172878570115,1,08/07/1971,51,4,2,14,0,,9614.110000000001,,769.13,769.13,201404,202303,550,41980.99
173288550132,1,22/10/1972,50,4,1,2,1,,1374.9,,109.99,109.99,201406,202306,445,107201.57
173334140132,1,19/07/1972,50,4,2,2,1,6,290.83,,82,82,201406,202306,496,51074.56
173356050132,1,28/04/1970,53,4,2,2,1,6,742.84,,82,82,201701,202306,534,27150.29
173370030132,1,10/11/1972,50,4,2,2,1,,,,,,201404,202306,505,38575.63
173371860132,1,05/02/1972,51,4,1,2,0,,,,,,201405,201510,304,2973.56
173425980132,1,15/11/1971,51,4,2,2,1,6,235.97,,82,82,201402,202306,364,51339.67
173435850132,1,17/03/1974,49,4,1,2,1,,,,,,201404,202306,397,13960.44
173436910132,1,09/08/1972,50,4,1,2,1,6,685.22,,82,82,201506,202306,342,19954.41
173492240144,1,10/09/1987,35,3,1,2,1,,,,,,201404,202306,208,35674.32999999999
173756730132,1,17/05/1964,59,5,1,2,1,6,633.6,,82,82,201601,202306,168,53690.50999999999
173759420115,1,22/03/1975,48,4,1,2,1,6,3450,,276,276,201404,202306,357,55878.2
173834010115,1,04/01/1976,47,4,2,14,1,6,591.76,,82,82,201404,202306,465,53319.03000000001
173836700125,1,07/09/1967,55,5,2,24,1,,,,,,201506,202306,548,45470.98
173905070115,1,12/02/1974,49,4,2,14,1,6,469.04,,82,82,201404,202306,311,44170.33
173950680102,1,01/11/1960,62,5,2,19,1,,,,,,201406,202306,559,46507.48
174304620125,1,14/04/1970,53,4,2,24,1,,,,,,201402,202306,641,61384.15000000001
174391820115,1,04/06/1974,49,4,,14,0,,,,,,202006,202204,63,642.8899999999999
174428270116,1,25/01/1973,50,4,1,13,0,6,2575.47,128.77,206.04,334.81,201506,201705,5,1221.7
174502690125,1,16/10/1971,51,4,2,24,1,,,,,,201406,202306,562,78167.86000000002
174521890125,1,22/08/1971,51,4,2,24,1,6,302.48,,82,82,201402,202306,490,72474.89000000001
174525890146,1,10/02/1989,34,2,,19,0,6,101.05,42.5,68,110.5,201611,201611,1,110.5
174569120115,1,26/06/1971,52,4,1,14,1,1,4886.37,,390.91,390.91,201404,202306,614,245319.67
174611900125,1,27/06/1972,51,4,2,24,0,,,,,,201405,202305,249,30273.63
174684580125,1,14/11/1971,51,4,1,24,1,,,,,,201404,202306,462,59553.43000000001
174780200147,1,13/05/1993,30,2,1,14,0,6,2114.74,105.74,169.18,274.91998,201704,201805,17,858.54
174811420104,1,05/11/1958,64,5,2,17,0,,,,,,201407,201705,326,2908.17
174814150104,1,16/05/1968,55,5,1,17,1,6,510.52,,82,82,201404,202306,715,88166.54000000001
174996560104,1,13/06/1978,45,4,1,17,0,,,,,,201604,201612,30,
175066290125,1,26/05/1972,51,4,2,24,0,,,,,,202011,202302,480,11103.01
175297790147,1,21/09/1992,30,2,1,13,0,,,,,,201405,201503,1,657.8
175362590115,1,12/04/1968,55,5,2,14,1,,,,,,201511,202306,461,18890.98
175393240140,1,30/10/1979,43,3,2,24,1,5,2895.9,,231.67,231.67,201405,202306,549,99551.26999999999
175406190125,1,02/11/1970,52,4,4,24,1,6,5680.56,,454.44,454.44,201405,202306,543,96244.25
175863420115,1,29/08/1977,45,4,1,14,0,,,,,,201608,202201,298,25681.28
175863890115,1,15/05/1977,46,4,1,14,0,,,,,,201404,202111,113,14694.09
175866520115,1,15/05/1977,46,4,1,14,0,6,7247.32,362.37,579.79,942.15997,201601,202112,7,1378.58
175916840102,1,04/11/1968,54,4,1,19,1,6,632.76,,82,82,201402,202306,592,60251.26000000002
175920480102,1,26/03/1968,55,5,1,19,0,5,4814.21,,385.14,385.14001,201406,202301,111,16164.1
175922870102,1,29/12/1967,55,5,1,19,0,1,44808.03,2240.4,3584.64,5825.04,201406,201507,22,9409.360000000001
175934480102,1,15/04/1970,53,4,2,19,0,6,4814.21,,385.14,385.14001,201406,202301,109,16164.1
175965910115,1,02/03/1976,47,4,1,14,1,,,,,,201404,202306,193,15352.6
176006490115,1,24/07/1976,46,4,1,14,0,6,257.91,46.5,74.40000000000001,120.9,201404,202203,249,19529.37
176016570132,1,04/03/1964,59,5,1,2,1,6,332.03,,82,82,201407,202306,592,44489.54000000001
176029410115,1,02/04/1975,48,4,1,14,1,,,,,,201511,202306,218,20199.49
176514930143,1,26/09/1986,36,3,1,14,0,,,,,,201706,202002,18,1298.43
176616120115,1,24/01/1978,45,4,1,14,0,6,8612.33,,688.99,688.98999,201404,202305,462,50345.06
176879410142,1,03/11/1984,38,3,1,2,0,3,1235.23,61.76,98.81999999999999,160.58,201707,201707,3,160.58
177073360132,1,17/02/1966,57,5,1,2,0,,,,,,201405,202305,373,43353.92000000001
177123610125,1,26/06/1970,53,4,1,2,0,,,,,,201404,201408,264,507.98
177503730132,1,24/03/1958,65,6,2,2,1,6,239.48,,82,82,201405,202306,759,34396.88
177537720141,1,23/04/1983,40,3,1,19,1,6,807.15,,82,82,201407,202306,286,37843.96999999999
177549820132,1,11/05/1965,58,5,2,2,1,6,556.96,,82,82,201407,202306,611,86655.31000000001
177578210132,1,08/07/1964,58,5,2,2,1,6,387.73,,82,82,201405,202306,471,86774.58000000002
177616070140,1,09/05/1957,66,6,2,14,0,4,1385.36,69.27,110.83,180.09999,201405,201911,474,64395.68000000001
177685750142,1,24/05/1981,42,3,1,14,0,6,4315.74,215.79,345.26,561.04999,201707,202207,91,33801.37
177839080116,1,23/03/1966,57,5,2,17,0,,,,,,201503,201609,588,2034.41
177934530132,1,09/03/1965,58,5,2,2,1,,,,,,201402,202306,524,37546.35000000001
178100120175,1,09/06/1996,27,2,1,2,0,,,,,,201606,201607,0,
178104610142,1,11/11/1984,38,3,1,2,1,6,235.97,,82,82,201704,202306,94,27959.45
178294690147,1,15/03/1993,30,2,1,19,0,,,,,,201811,201907,7,667.76
178713340102,1,27/12/1964,58,5,2,24,1,4,7784.44,,622.76,622.76001,201405,202306,846,198447.83
179126110132,1,13/06/1964,59,5,1,2,0,,,,,,201405,201508,80,936.89
179329360145,1,27/05/1989,34,2,1,14,0,,,,,,201704,201707,8,1291.25
179443260125,1,29/12/1975,47,4,1,24,0,3,20057.59,1002.88,1604.61,2607.49,201812,202006,272,8460.08
179472810132,1,28/03/1963,60,5,1,2,1,6,1986.76,,158.94,158.94,201402,202306,259,60088.63
180156620132,1,17/03/1963,60,5,2,2,0,,,,,,201405,201507,18,1189.2
180400700146,1,13/02/1991,32,2,2,19,0,6,359.36,,82,82,201402,202211,260,11314.16
180462680125,1,08/11/1958,64,5,2,24,1,6,1885.63,,150.85,150.85001,201407,202306,793,83610.29000000001
180500220132,1,12/03/1958,65,6,1,2,1,6,2527.33,,202.19,202.19,201405,202306,554,89606.69
180902870132,1,09/12/1963,59,5,1,2,1,5,320.58,,82,82,201405,202306,255,22601.24
180958910132,1,28/10/1959,63,5,2,2,1,,2621.59,,209.73,209.73,201405,202306,324,50060
180972380125,1,11/07/1954,68,6,1,24,0,6,35753.72,,2860.3,2860.3,201406,202212,949,68749.06000000001
181063940132,1,23/02/1966,57,5,1,2,1,6,481.02,,82,82,201404,202306,290,63896.05
181120000132,1,25/08/1957,65,6,2,2,1,6,2162.85,,173.03,173.03,201402,202306,689,76340.61000000002
181647330140,1,10/05/1980,43,3,1,2,1,6,285.14,,82,82,201607,202306,55,15273.65
181723900102,1,13/09/1967,55,5,1,19,0,6,8140.66,407.03,651.25,1058.28,201501,201506,21,3074.37
181857270140,1,25/04/1977,46,4,1,19,0,,,,,,201404,202305,349,50367.60000000001
182028090132,1,08/11/1964,58,5,1,2,0,6,849.9400000000001,42.5,68,110.5,201407,201606,216,1673.77
182051190146,1,26/02/1991,32,2,,13,0,6,2279.05,113.95,182.32,296.26999,201705,201706,8,530.22
182100170125,1,30/09/1967,55,5,2,24,1,6,635.36,,82,82,201404,202306,765,52964.29999999999
182112650132,1,08/11/1955,67,6,2,2,1,,,,,,201405,202306,902,22798.72
182181910140,1,02/03/1978,45,4,1,19,0,6,5123.88,256.19,409.91,666.09998,202105,202106,168,1054.83
182265750142,1,15/11/1984,38,3,1,4,1,,,,,,201402,202306,218,31889
182446710121,1,01/04/1970,53,4,1,10,1,6,1740.6,,139.25,139.25,201405,202306,271,74311.48000000003
182465860121,1,26/12/1971,51,4,2,14,1,6,491.21,,82,82,201407,202306,497,80135.89000000001
182689770132,1,16/11/1954,68,6,1,26,0,,,,,,201405,201606,5,1159.57
182729840132,1,04/12/1961,61,5,2,2,1,,1500,,120,120,201405,202306,686,60010.23000000001
182736510143,1,03/09/1986,36,3,1,2,0,,,,,,202205,202302,8,594.0899999999999
183073630125,1,22/07/1972,50,4,2,17,1,,,,,,201407,202306,403,13651.77
183175930125,1,16/07/1975,47,4,,24,0,,,,,,201404,201508,0,
183307570132,1,25/10/1964,58,5,2,2,1,6,3803.89,,304.31,304.31,201405,202306,669,82396.01999999999
183435740141,1,15/04/1983,40,3,1,2,0,,,,,,201901,202112,115,3432.95
183814550121,1,17/11/1949,73,6,2,10,0,,,,,,201407,201802,358,19391.84
184038990132,1,06/07/1957,65,6,2,2,1,,,,,,201405,202306,949,74398.28
184167390132,1,01/01/1964,59,5,1,2,0,,,,,,201405,201510,177,292.5
184196190132,1,03/10/1965,57,5,2,2,1,5,2822.86,,225.83,225.83,201405,202306,423,141042.3
184316090132,1,14/01/1964,59,5,2,2,0,6,2614.82,,209.19,209.19,201405,202301,197,29496.28
184486350121,1,04/07/1972,50,4,2,10,1,6,850.64,,82,82,201405,202306,584,81457.74999999999
184519270115,1,10/12/1973,49,4,1,14,1,,,,,,201611,202306,176,28590.09
184572660103,1,09/10/1953,69,6,2,19,0,6,8366.33,,669.3099999999999,669.31,201601,202206,84,11341.18
184578980115,1,26/03/1965,58,5,2,14,1,4,4273.55,,341.88,341.88,201406,202306,794,120777.23
184705640115,1,05/04/1974,49,4,2,14,0,,,,,,201406,202208,457,67999.67999999999
184925940102,1,12/04/1972,51,4,,19,0,6,4024.9,201.25,321.99,523.23999,201402,201812,309,23617.16
184990760115,1,10/03/1973,50,4,2,14,1,,,,,,201404,202306,355,62125.55000000002
185148790132,1,05/09/1961,61,5,2,2,0,6,283.72,42.5,68,110.5,201707,201707,404,110.5
185275330115,1,17/10/1971,51,4,1,14,1,5,370.91,,82,82,201405,202306,455,31109.69
185328810115,1,18/05/1974,49,4,2,14,1,6,635.36,,82,82,201505,202306,424,44760.01999999999
185361640115,1,05/07/1959,63,5,2,14,1,6,2031.46,,162.52,162.52,201405,202306,717,66649.17000000001
185371740102,1,27/06/1974,49,4,1,19,0,,,,,,201404,202303,373,24568.16
185379060103,1,09/07/1975,47,4,2,19,0,,,,,,201402,202303,270,26011.6
185386590121,1,04/10/1967,55,5,1,24,1,6,2942.68,,235.41,235.41,201403,202306,576,65901.10000000001
185396560115,1,21/07/1970,52,4,1,14,0,,,,,,202103,202212,24,1549.45
185418920121,1,05/03/1972,51,4,,10,0,,2306.42,115.32,184.51,299.82999,201402,201510,280,12792.04
185736930132,1,11/07/1965,57,5,1,2,0,,,,,,201904,201906,10,368.7
185938880121,1,24/04/1965,58,5,2,10,0,,,,,,201404,202305,507,33105.82999999999
185967290132,1,14/09/1966,56,5,1,2,0,6,842.76,46.5,74.40000000000001,120.9,201601,202007,141,512.02
186079140121,1,30/11/1970,52,4,1,10,1,5,644.98,,82,82,201410,202306,548,87950.38
186215200102,1,15/04/1970,53,4,2,19,1,2,208.95,,82,82,201402,202306,646,103420.79
186295660115,1,04/07/1977,45,4,1,14,1,,,,,,201506,202306,342,54587.81
186296210115,1,16/10/1977,45,4,1,14,1,6,635.36,,82,82,201511,202306,404,47870.13
186348430125,1,11/06/1978,45,4,,24,0,,,,,,201402,202303,305,24676.02
186619230132,1,23/10/1960,62,5,1,2,0,,,,,,201406,201701,725,195
186637540132,1,05/07/1966,56,5,1,2,1,6,2666.85,,213.35,213.35001,201405,202306,719,126131.1500000001
186690940115,1,15/12/1975,47,4,1,14,1,6,199.3,,82,82,201407,202306,396,43119.54
186694020115,1,15/01/1960,63,5,4,14,1,,2754.38,,220.35,220.35001,201405,202306,546,99239.92999999999
186816150132,1,23/02/1967,56,5,1,2,0,6,1596.34,,127.71,127.71,201405,202301,249,19801.43
186918190132,1,21/05/1967,56,5,2,2,1,6,2494.4,,199.55,199.55,201402,202306,671,109174.99
186941300103,1,09/04/1970,53,4,1,19,1,3,3616.56,,289.32,289.32001,201402,202306,816,93897.03999999999
186964920132,1,13/07/1958,64,5,1,2,1,,,,,,201512,202306,406,15206.78
186991360132,1,26/12/1966,56,5,1,2,1,6,1368.15,,109.45,109.45,201405,202306,605,98755.59
187156490142,1,03/01/1985,38,3,,17,0,,,,,,202104,202212,3,331.97
187231590121,1,10/10/1975,47,4,1,10,0,,,,,,201404,201510,196,5119.02
187301770132,1,23/10/1967,55,5,1,2,1,,,,,,201402,202306,425,57777.32000000001
187403600117,1,21/06/1966,57,5,1,12,1,6,754.61,,82,82,201406,202306,435,69081.16
187431640121,1,26/07/1970,52,4,2,10,0,5,3699.07,184.95,295.93,480.88,201407,201511,256,9104.32
187561260132,1,16/07/1970,52,4,2,2,1,6,208.5,,82,82,201402,202306,395,52899.54000000002
187734260141,1,18/11/1980,42,3,2,14,1,,1856.09,,148.49,148.49001,201404,202306,481,45207.17000000002
188498370121,1,07/02/1978,45,4,1,10,1,6,980.4400000000001,,82,82,201402,202306,454,71663.46000000002
188510380121,1,11/08/1977,45,4,1,2,1,,,,,,201504,202306,143,10881.91
188513140121,1,22/06/1977,46,4,1,10,0,6,,,,,201407,202004,401,47257.51000000001
188789560132,1,28/08/1971,51,4,1,2,0,,,,,,201404,201410,133,1028.02
188889870142,1,14/02/1985,38,3,1,26,0,,1812.19,90.61,144.98,235.59,202006,202108,22,16242.52
189036200132,1,18/07/1966,56,5,2,2,0,1,60227.86,3011.39,4818.23,7829.6201,201405,201804,603,179077.47
189258950141,1,20/11/1982,40,3,1,2,0,,,,,,201811,202007,14,7775.039999999999
189551320103,1,04/02/1975,48,4,1,19,0,6,13975.31,,1118.02,1118.02,201407,202212,52,14240.3
189625730132,1,14/01/1963,60,5,1,2,0,,,,,,201405,201504,3,184.49
190115550132,1,30/07/1961,61,5,2,2,1,6,242.02,,82,82,201512,202306,361,22108.04999999999
190141220132,1,23/12/1966,56,5,1,,1,6,1505.94,,120.48,120.48,201402,202306,481,66030.62
190181450132,1,10/05/1967,56,5,1,2,0,,,,,,201407,202305,754,99337.20000000001
190326750143,1,23/05/1985,38,3,1,19,0,,,,,,201505,201610,4,528.9300000000001
190360890132,1,15/05/1970,53,4,2,2,0,,,,,,201405,201905,260,16301.25
190490640141,1,03/06/1983,40,3,1,17,0,,,,,,202207,202209,91,193.98
190498510132,1,22/07/1967,55,5,1,2,1,,,,,,201405,202306,338,65950.06000000001
190505150132,1,03/07/1965,57,5,1,2,1,,88.28,,82,82,201407,202306,598,52060.19
190581520132,1,23/08/1967,55,5,1,2,1,6,77.92,,82,82,201402,202306,302,18222.89
190788490142,1,03/10/1980,42,3,2,14,0,,,,,,201504,201708,62,447.65
190943110144,1,08/02/1983,40,3,1,2,0,,,,,,202111,202210,9,2038.3
191001390109,1,11/04/1969,54,4,2,14,0,,,,,,201405,201504,9,1436.3
191292040132,1,10/10/1968,54,4,1,2,0,,1280.74,,102.46,102.46,201711,202304,336,12836.8
191371030132,1,21/12/1966,56,5,2,2,1,6,685.22,,82,82,201405,202306,631,22761.64
191385760132,1,05/02/1968,55,5,1,2,1,,1027.24,,82.18000000000001,82.18,201405,202306,494,39345.37000000001
191710390132,1,19/12/1968,54,4,2,2,0,6,10205.62,510.28,816.45,1326.73,201405,201804,400,12540.54
191808580132,1,18/05/1966,57,5,1,2,1,6,373.72,,82,82,201406,202306,610,95026.22
191830330132,1,26/06/1969,54,4,2,2,1,6,1624.02,,129.92,129.92,201405,202306,380,84308.8
191844290175,1,23/11/2000,22,1,,14,0,,,,,,202012,202212,24,4132.22
191995430132,1,24/11/1969,53,4,1,12,0,,,,,,201405,201611,149,1831.61
191998680132,1,23/09/1969,53,4,2,2,0,,,,,,201611,202005,250,4173.69
192001470132,1,12/12/1967,55,5,2,2,1,6,3783.55,,302.68,302.67999,201405,202306,556,80176.69
192081540132,1,03/08/1967,55,5,1,2,0,6,766.9400000000001,38.35,61.36,99.709999,201506,201506,157,99.71000000000001
192551600132,1,12/08/1968,54,4,1,2,1,,,,,,201611,202306,226,3694.39
192558320132,1,24/04/1968,55,5,2,2,1,6,5911.17,,472.89,472.89001,201406,202306,667,95373.51000000001
192578180132,1,20/08/1970,52,4,2,2,1,6,1885.63,,150.85,150.85001,201407,202306,546,89215.36000000002
192620950132,1,16/05/1968,55,5,2,2,1,,1125.75,,90.06,90.059998,201405,202306,438,4361.41
192623610132,1,15/07/1970,52,4,2,2,1,,,,,,201405,202306,192,24870.42999999999
192753570132,1,27/12/1970,52,4,2,2,0,,,,,,201405,202305,484,41908.56
192839190132,1,23/04/1969,54,4,1,2,1,,,,,,201402,202306,345,32916.37
192840630132,1,31/03/1969,54,4,1,2,1,6,601.39,,82,82,201406,202306,617,108472.09
193052580132,1,01/09/1970,52,4,2,2,1,,,,,,201811,202306,511,71456.28999999999
193170170143,1,02/04/1978,45,4,1,2,0,,,,,,201405,201607,79,796.3299999999999
193202450132,1,10/05/1971,52,4,1,2,0,,,,,,201404,201710,135,14842.73
193321760132,1,22/02/1969,54,4,,2,1,6,556.84,,82,82,201711,202306,351,70355.61
193330070132,1,19/04/1971,52,4,1,2,0,,,,,,201801,201803,49,110.5
193379210132,1,18/06/1972,51,4,2,2,1,,,,,,201507,202306,218,17930.93
193403290132,1,25/01/1968,55,5,2,2,1,6,950.6,,82,82,201402,202306,488,107790.72
193427560132,1,06/02/1964,59,5,2,15,1,5,4709.12,,376.73,376.73001,201405,202306,825,101126.56
193440870132,1,14/01/1955,68,6,2,2,1,6,1773.97,,141.92,141.92,201402,202306,904,70671.75999999999
193458540132,1,18/04/1968,55,5,2,2,1,6,3016.85,,241.35,241.35001,201402,202306,565,71865.46999999999
193579480132,1,13/08/1960,62,5,2,12,1,6,2464.9,,197.19,197.19,201405,202306,1045,47669.61
193666100132,1,21/11/1959,63,5,2,2,1,6,1139.31,,91.14,91.139999,201405,202306,410,92789.01000000001
193731660132,1,15/05/1969,54,4,2,2,1,2,9999.24,,799.9400000000001,799.94,201406,202306,676,137259.89
193843410132,1,09/06/1970,53,4,2,2,1,6,2937.87,,235.03,235.03,201405,202306,581,76246.09000000003
193876210132,1,14/06/1972,51,4,1,2,0,,,,,,201407,201408,125,246.16
193879030132,1,30/09/1971,51,4,2,2,1,6,983.84,,82,82,201406,202306,583,61768.37
193949740132,1,09/09/1971,51,4,1,2,0,6,414.25,42.5,68,110.5,201405,201606,46,1956.86
194044560132,1,04/09/1968,54,4,2,2,0,,,,,,201504,201612,98,817.99
194391640132,1,19/05/1974,49,4,1,2,0,,205.02,,82,82,201405,202302,305,18047.63
194409780132,1,08/05/1974,49,4,1,2,0,,,,,,201405,202101,215,11668.5
194507620132,1,17/06/1974,49,4,1,2,1,,,,,,201405,202306,273,18986.38
194689720144,1,17/12/1985,37,3,1,14,0,,,,,,201406,202302,143,41223.67000000001
194848290132,1,23/04/1974,49,4,2,2,0,,,,,,201506,201612,38,243.01
194850730132,1,01/08/1975,47,4,1,2,0,,,,,,202011,202107,12,665.1099999999999
194852310132,1,16/06/1974,49,4,1,2,1,,,,,,201402,202306,274,65317.87999999999
194870730132,1,06/01/1962,61,5,4,2,1,5,1391.88,,111.35,111.35,201406,202306,672,69321.61000000002
194984490132,1,22/10/1961,61,5,1,2,0,1,12213.85,,977.11,977.10999,201706,202301,135,26980.3
195022940140,1,18/07/1981,41,3,1,4,0,,,,,,201403,201412,207,2371.38
195189210144,1,19/01/1985,38,3,1,17,0,,,,,,202104,202212,4,569.79
195280530132,1,24/09/1976,46,4,1,2,0,6,1380.89,69.04000000000001,110.47,179.50999,201504,201701,131,7438.13
195354960132,1,03/04/1961,62,5,1,2,1,,,,,,201405,202306,356,28201.66
195585970176,1,02/07/1996,26,2,,13,0,6,2846,142.3,227.68,369.98001,202006,202006,4,369.98
195702150132,1,25/10/1976,46,4,1,2,0,,109.83,,82,82,201402,202209,349,101582.82
195767300132,1,17/11/1969,53,4,,2,1,,,,,,202211,202306,8,505.48
195948060132,1,05/05/1964,59,5,1,2,0,,,,,,201405,202303,503,12890.62
196104220147,1,05/07/1993,29,2,,2,0,6,255.5,46.5,74.40000000000001,120.9,202201,202201,1,120.9
196171520147,1,01/05/1987,36,3,1,2,0,,,,,,201904,202110,11,1738.92
196184590142,1,23/03/1981,42,3,1,14,0,6,5085.38,254.27,406.83,661.09998,202005,202107,18,7946.24
196567670132,1,23/11/1970,52,4,1,2,1,,3887.96,,311.04,311.04001,201403,202306,473,31633.93
196726320132,1,27/09/1975,47,4,2,2,1,6,224.94,,82,82,201406,202306,412,49409.81
196737790132,1,25/01/1975,48,4,1,2,1,,,,,,201405,202306,254,61201.67000000001
196888440132,1,19/11/1974,48,4,1,2,0,4,51626.42,2581.32,4130.11,6711.4302,201405,201812,430,75352.06
197038320132,1,27/01/1976,47,4,2,14,0,,,,,,201912,202001,0,120.9
197043780132,1,26/01/1976,47,4,1,2,0,6,3404.42,170.22,272.35,442.57001,201811,202012,88,4080.94
197109800132,1,14/08/1975,47,4,2,2,0,,,,,,201811,202107,109,4486.2
197138900132,1,22/02/1975,48,4,2,2,0,,,,,,201506,201508,8,246.03
197255440144,1,06/09/1986,36,3,1,2,1,6,1788.66,,143.09,143.09,201612,202306,97,45828.07000000001
197521530132,1,25/05/1971,52,4,2,2,1,6,5664.05,,453.12,453.12,201405,202306,184,138006.15
197605320132,1,26/06/1972,51,4,1,2,1,6,21.91,,82,82,201404,202306,148,36308.70999999999
197691640132,1,12/10/1960,62,5,1,2,0,,,,,,201405,202102,104,1817.28
197791690115,1,21/09/1962,60,5,,14,1,3,3712.63,,297.01,297.01001,201407,202306,687,126424.0799999999
197924510132,1,24/08/1963,59,5,2,2,0,3,10626.01,,850.08,850.08002,201405,202201,734,56005.04999999999
197943870132,1,31/03/1969,54,4,1,2,0,,,,,,202107,202302,6,590.67
197974350132,1,10/12/1973,49,4,,2,1,6,1427.78,,114.22,114.22,201402,202306,451,37721.35999999999
198014620115,1,28/01/1960,63,5,2,14,1,6,3985.5,,318.84,318.84,201405,202306,788,109336.36
198200900115,1,02/02/1965,58,5,2,2,1,,1076.49,,86.12,86.120003,201405,202306,500,100004.87
198226760132,1,30/04/1977,46,4,1,2,0,5,1576.77,,126.14,126.14,201404,202301,65,9182.98
198231550132,1,07/08/1965,57,5,2,2,1,5,499.83,,82,82,201402,202306,511,78569.14000000001
198301460115,1,04/01/1963,60,5,1,14,1,6,2215.84,,177.27,177.27,201406,202306,348,84181.53000000001
198522580132,1,19/05/1961,62,5,2,2,1,6,3008.14,,240.65,240.64999,201405,202306,887,98099.87000000002
198534900132,1,26/07/1973,49,4,2,2,1,6,808.47,,82,82,201406,202306,386,46482.78000000001
198590000146,1,14/02/1992,31,2,1,13,0,6,2248.03,,179.84,179.84,202011,202212,27,2819.63
198642350132,1,07/07/1975,47,4,1,2,1,6,4511.18,,360.89,360.89001,201402,202306,309,52962.82999999999
198679830132,1,02/03/1978,45,4,1,2,0,,,,,,201406,202305,213,41236.13
198744300132,1,23/09/1977,45,4,1,2,1,3,5240.4,,419.23,419.23001,201402,202306,225,100888.1799999999
198779440115,1,24/05/1961,62,5,1,14,1,6,1352.94,,108.24,108.24,201405,202306,564,71189.34
198782500115,1,10/09/1958,64,5,1,14,0,6,21985.95,,1758.88,1758.88,201405,202301,578,35533.69
198857670132,1,14/11/1977,45,4,1,2,0,,3155.8,157.79,252.46,410.25,202005,202007,3,2101.9
198944330132,1,14/09/1977,45,4,2,2,0,,,,,,201402,202210,377,59392.23000000001
199025910132,1,30/11/1970,52,4,2,2,1,6,486.91,,82,82,201504,202306,613,101184.23
199043430132,1,04/12/1963,59,5,4,2,1,6,1108.87,,88.70999999999999,88.709999,201402,202306,776,85713.95000000003
199053110132,1,11/07/1978,44,3,1,2,0,,,,,,201405,201707,112,4752.25
199062600132,1,26/02/1978,45,4,1,2,0,6,1596.34,,127.71,127.71,201405,202301,166,18745.19
199081560132,1,08/03/1968,55,5,2,2,0,,,,,,201511,202207,352,21663.93
199154690132,1,30/10/1978,44,3,2,2,0,6,1594.11,,127.53,127.53,201405,202302,221,16129.21
199559090175,1,08/06/2000,23,1,,13,1,,,,,,202005,202306,64,11786.49
199660810115,1,13/01/1972,51,4,1,18,1,6,697.0599999999999,,82,82,201405,202306,302,75195.79999999999
199798530142,1,07/05/1985,38,3,1,2,0,,,,,,201407,202012,46,5092.34
199830200142,1,11/04/1985,38,3,1,2,0,4,4706.29,,376.5,376.5,201405,202302,109,40161.77
199985930115,1,17/06/1955,68,6,2,14,0,,,,,,201405,202105,419,11815.72
200056900176,1,23/02/1996,27,2,1,13,0,,,,,,202106,202207,12,2171.58
200111380116,1,15/11/1968,54,4,2,24,1,6,4831.18,,386.49,386.48999,201405,202306,783,107430.78
200274300143,1,09/04/1985,38,3,1,14,0,,,,,,202205,202302,73,1980.05
200344240143,1,27/06/1984,39,3,1,26,0,6,2927.38,,234.19,234.19,202104,202302,28,9502.950000000001
200609800116,1,31/10/1962,60,5,2,14,1,3,8275.5,,662.04,662.03998,201405,202306,882,172962.7300000001
200826850116,1,02/01/1967,56,5,1,14,1,,,,,,201407,202306,735,44934.61
200842930116,1,28/03/1967,56,5,2,14,1,,,,,,201406,202306,400,25714.52
200922570140,1,11/10/1978,44,3,1,19,1,6,314.2,,82,82,202111,202306,57,3551.31
200939040116,1,27/06/1970,53,4,2,14,1,,,,,,201407,202306,525,21961.45
201080820144,1,29/11/1980,42,3,1,2,0,,,,,,201705,202108,102,20336.35
201116820116,1,11/11/1974,48,4,1,14,0,,3225.44,161.27,258.04,419.31,201812,202104,43,22841.17
201134780116,1,16/01/1974,49,4,1,14,1,2,961.58,,82,82,201403,202306,476,31480.53
201324170118,1,10/11/1961,61,5,3,12,0,,,,,,201511,201512,144,
201358130118,1,12/01/1962,61,5,1,12,1,6,2680.43,,214.43,214.42999,201405,202306,768,68968.56000000004
201544310140,1,26/10/1978,44,3,2,2,1,6,228.51,,82,82,201404,202306,356,50187.85000000001
201547420146,1,18/10/1989,33,2,1,17,0,,,,,,202107,202212,2,241.8
201841940141,1,15/02/1981,42,3,1,14,0,2,3484.12,174.21,278.73,452.94,201504,201511,154,5398.81
201937120141,1,07/02/1979,44,3,1,2,0,,,,,,201405,201603,27,3406.23
201944330176,1,07/02/1996,27,2,,19,0,6,1055.87,52.79,84.47,137.25999,201707,201708,9,247.76
202040620116,1,14/05/1976,47,4,1,14,0,,,,,,201404,202107,134,2129.99
202552300107,1,12/07/1961,61,5,1,14,0,6,2993.84,149.69,239.51,389.20001,201404,201407,403,2077.5
202567620147,1,11/04/1991,32,2,1,14,0,6,7763.05,388.15,621.04,1009.19,202207,202207,3,1009.19
202644570140,1,11/08/1978,44,3,1,2,0,6,640.0700000000001,42.5,68,110.5,201607,201607,155,110.5
202686880143,1,11/12/1983,39,3,,19,0,6,3819.92,191,305.59,496.59,201406,201506,16,2642.48
203630700143,1,03/07/1985,37,3,1,19,0,6,3887.82,194.39,311.03,505.42001,201406,201507,22,2582.1
203876970140,1,07/04/1977,46,4,1,10,0,6,2788.36,139.42,223.07,362.48999,201407,201511,210,10346.75
203891510119,1,02/12/1973,49,4,1,12,1,,,,,,201405,202306,374,23476.1
204403560173,1,07/05/1994,29,2,1,19,0,6,7109.18,,568.73,568.72998,201504,202212,65,12281.36
204893610140,1,05/10/1975,47,4,1,14,0,,,,,,201701,201807,359,7541.780000000001
205203860145,1,07/10/1981,41,3,1,14,0,,,,,,201707,202112,4,403.83
205692180141,1,03/07/1978,44,3,1,10,1,6,33.01,,82,82,201404,202306,362,87021.61
206636650146,1,20/08/1989,33,2,,19,0,6,540.67,46.5,74.40000000000001,120.9,202006,202107,26,822.1199999999999
206867210118,1,10/12/1969,53,4,1,12,1,6,8772.51,,701.8,701.79999,201406,202306,724,85646.23000000001
207080480140,1,12/03/1978,45,4,1,14,0,,,,,,201404,201908,160,8589.84
20756654540713,1,09/05/1971,52,4,,14,0,6,3965.37,198.27,317.23,515.5,201504,201506,2,515.5
207762590140,1,30/03/1978,45,4,1,14,1,,,,,,201404,202306,495,39877.96
207789330118,1,22/02/1971,52,4,1,2,1,6,33.01,,82,82,201404,202306,479,84359.12
207816870143,1,12/06/1985,38,3,1,14,0,,,,,,201405,202107,230,35956.54000000001
208277430118,1,07/04/1965,58,5,1,12,0,1,7555.58,,604.45,604.45001,201402,202302,769,189188.6199999999
208639530118,1,07/06/1967,56,5,,2,0,6,6343.84,317.19,507.51,824.70001,202203,202206,47,3359.77
208786530143,1,15/04/1983,40,3,,2,0,,,,,,202103,202104,0,120.9
208909860118,1,11/11/1967,55,5,1,2,0,,,,,,201405,201703,382,26083.13
209252650118,1,28/04/1968,55,5,1,19,0,,,,,,201402,201903,249,2357.43
209296450108,1,20/04/1951,72,6,,2,0,,3791.55,189.58,303.32,492.89999,201402,201403,291,1068.43
209639800144,1,17/07/1986,36,3,1,2,0,,,,,,202005,202005,0,
210045220110,1,15/05/1965,58,5,4,10,1,6,5199.67,,415.97,415.97,201402,202306,730,100846.01
210167850132,1,21/10/1957,65,6,2,2,1,,,,,,201402,202306,643,62698.54000000001
210350140148,1,04/08/1990,32,2,,14,1,,,,,,201511,202306,87,25585.52
210574880145,1,07/08/1987,35,3,1,2,0,6,974.99,48.75,78,126.75,201706,201801,11,775.9200000000001
211105780141,1,24/07/1981,41,3,1,19,0,6,142.02,42.5,68,110.5,201606,201704,32,589.15
211143970145,1,04/04/1988,35,3,1,2,0,,,,,,201403,202106,9,645.3399999999999
211544070141,1,02/05/1981,42,3,,2,1,,,,,,202205,202306,35,5351.68
211545250141,1,20/05/1981,42,3,,2,0,6,802.93,46.5,74.40000000000001,120.9,201810,201812,7,362.7
211758910132,1,17/01/1966,57,5,2,2,1,6,302.48,,82,82,201402,202306,494,77104.52000000002
211780440132,1,24/10/1960,62,5,2,12,1,6,1733.32,,138.67,138.67,201402,202306,676,65456.34000000003
212017930146,1,21/12/1989,33,2,1,19,0,6,273.59,,82,82,201402,202211,406,13457.03999999999
212066630132,1,13/11/1961,61,5,2,2,1,,,,,,201404,202306,728,58153.42999999999
212086820132,1,20/09/1958,64,5,1,2,0,,,,,,201404,202011,232,17966.22
212335970132,1,06/02/1967,56,5,,2,1,6,77.92,,82,82,201402,202306,576,37809.23
212377110173,1,05/07/1998,24,1,1,19,0,6,7109.18,,568.73,568.72998,201812,202212,31,7297.550000000001
212486180142,1,14/11/1983,39,3,1,17,1,,,,,,201404,202306,171,57119.25000000001
212540940132,1,04/02/1969,54,4,2,2,0,,,,,,201405,202212,355,48026.86000000001
212594660144,1,29/07/1986,36,3,1,2,0,6,1183.7,59.19,94.7,153.89,201405,201406,14,251.39
212623640142,1,23/01/1981,42,3,,19,0,6,100.05,42.5,68,110.5,201611,201611,1,110.5
212882750118,1,24/06/1974,49,4,1,12,1,6,6424.67,,513.97,513.96997,201407,202306,325,96977.73
213044390132,1,24/10/1975,47,4,1,2,0,6,2756.53,,220.52,220.52,201911,202301,26,4862.24
213049110132,1,19/07/1975,47,4,2,2,1,6,5738.18,,459.05,459.04999,201406,202306,620,115809.2
213101380146,1,20/01/1990,33,2,1,13,0,6,1006.06,50.3,80.48,130.78,201405,201407,4,251.26
213154970141,1,24/04/1981,42,3,1,19,0,,,,,,201511,201606,23,808.55
213535730132,1,02/05/1964,59,5,1,2,1,6,916.6,,82,82,201404,202306,466,48450.63
213574860132,1,10/07/1975,47,4,1,2,1,6,5072.91,,405.83,405.82999,201406,202306,443,89522.79000000001
213595740174,1,17/05/1993,30,2,1,19,0,6,527.1900000000001,46.5,74.40000000000001,120.9,201810,202107,33,4143.26
213775680144,1,21/11/1983,39,3,1,2,0,,,,,,202011,202107,11,2012.03
213807090132,1,20/12/1976,46,4,1,2,1,5,895.33,,82,82,201404,202306,384,90194.92
213876200132,1,24/02/1977,46,4,2,2,1,6,356.9,,82,82,201512,202306,228,43113.10000000001
214611470147,1,25/05/1992,31,2,1,2,0,,1783.75,89.19,142.7,231.89,202005,202006,0,231.89
215559200141,1,19/10/1981,41,3,,2,0,,,,,,202002,202207,11,6514.139999999999
215623590140,1,30/07/1975,47,4,1,14,1,,,,,,201408,202306,178,8481.83
215760360147,1,26/04/1991,32,2,1,19,0,7,487.3,46.5,74.40000000000001,120.9,201806,201907,10,1170.8
215956070147,1,22/03/1991,32,2,,13,0,6,5380.14,269.01,430.41,699.41998,201804,201805,8,1135.18
217016770142,1,07/01/1984,39,3,1,2,1,,,,,,201404,202306,236,43585.28
217132670142,1,16/10/1982,40,3,1,19,1,6,483.25,,82,82,201811,202306,89,25161.75
217419900140,1,21/03/1979,44,3,1,17,0,,,,,,201404,201504,92,1347.09
217968720180,1,26/02/1976,47,4,1,2,1,,,,,,202005,202306,43,8654.35
218742560101,1,09/02/1969,54,4,1,14,1,6,900.1900000000001,,82,82,201405,202306,392,79985.57000000001
219449830143,1,11/05/1980,43,3,1,12,0,,,,,,201612,201802,1,1585.35
219494150145,1,06/07/1988,34,2,1,13,0,6,461.33,46.5,74.40000000000001,120.9,201806,201807,20,439.64
219978680110,1,29/10/1961,61,5,2,14,0,6,7878.26,393.91,630.26,1024.17,201405,201812,110,6098.26
220433170170,1,12/09/1994,28,2,,2,1,,,,,,202207,202306,2,270.27
220450790141,1,04/02/1980,43,3,,17,0,,,,,,202104,202212,3,511.88
220505690140,1,17/06/1979,44,3,1,2,0,,,,,,201711,201908,234,15385.08
220560810146,1,13/07/1989,33,2,,2,0,6,1316.59,65.83,105.33,171.16,201801,201801,2,171.16
220602150141,1,09/11/1980,42,3,1,2,0,,790.77,46.5,74.40000000000001,120.9,202105,202105,0,120.9
220692630144,1,25/08/1980,42,3,1,14,0,,,,,,201705,201710,3,472.24
220838370180,1,08/06/1977,46,4,1,2,0,6,126.24,42.5,68,110.5,201601,201705,136,526.5
220984530176,1,15/10/1997,25,2,2,2,1,,,,,,202103,202306,40,4223.65
221251060145,1,22/07/1988,34,2,1,19,1,6,807.15,,82,82,201407,202306,124,30010.12
221537060141,1,27/02/1979,44,3,1,2,1,,,,,,201405,202306,256,16759.49
221748870143,1,22/11/1983,39,3,1,10,1,,,,,,201402,202306,185,34117.81
222789350147,1,20/04/1991,32,2,1,19,0,,,,,,202104,202201,7,2098.91
222837190100,1,29/03/1963,60,5,1,19,1,6,2874.22,,229.94,229.94,201405,202306,548,81059.89000000003
223032520140,1,06/04/1978,45,4,,2,0,,,,,,201803,201807,4,352.23
223150080141,1,27/04/1982,41,3,2,19,1,,,,,,201405,202306,351,48985.26
223359270140,1,27/06/1977,46,4,1,19,0,6,893.5700000000001,44.68,71.48999999999999,116.17,201604,201607,101,494.16
223454710141,1,27/11/1981,41,3,1,2,1,6,190.44,,82,82,202011,202306,18,2221.79
223882120141,1,13/05/1982,41,3,1,2,0,6,5390.11,269.51,431.21,700.72003,201407,201911,10,869.7099999999999
224271640100,1,12/03/1967,56,5,1,24,0,,1100,55,88,143,201403,201509,247,11266.44
224412410147,1,23/09/1991,31,2,1,14,0,6,1180.92,59.05,94.47,153.52,201705,201706,8,301.3200000000001
224858660143,1,02/09/1985,37,3,,14,0,,,,,,201911,202207,43,7232.629999999999
225001360180,1,08/12/1972,50,4,1,26,0,,,,,,202012,202107,184,1374.93
225223620180,1,20/03/1975,48,4,1,2,0,,,,,,201601,201603,5,257.56
225369520170,1,18/06/1997,26,2,,14,1,,,,,,202011,202306,50,7007.57
225394920143,1,21/09/1980,42,3,2,2,0,,8224.030000000001,,657.92,657.91998,201402,202209,300,59118.35000000001
225487520100,1,16/04/1978,45,4,,23,0,6,1785.21,89.26000000000001,142.82,232.08,201402,201509,150,5206.940000000001
225996970133,1,02/08/1971,51,4,1,2,1,,,,,,201402,202306,300,77574.18000000001
226090110133,1,26/07/1962,60,5,2,2,1,6,3659.62,,292.77,292.76999,201402,202306,312,81186.98000000003
226102440133,1,06/05/1971,52,4,1,2,1,3,4148.85,,331.91,331.91,201402,202306,358,62366.52999999999
226151570133,1,14/02/1973,50,4,1,2,1,,,,,,201407,202306,490,88430.67000000001
226252180133,1,23/08/1971,51,4,1,2,1,,,,,,201404,202306,396,33191.48
226263990147,1,02/08/1992,30,2,1,4,0,,,,,,201512,202304,111,27101.96
226313770133,1,27/05/1973,50,4,,2,0,,,,,,201402,201403,83,
226389650133,1,20/02/1973,50,4,1,2,1,6,1186.32,,94.91,94.910004,201407,202306,315,51015.82000000001
226651010147,1,27/08/1991,31,2,,10,1,5,2575.97,,206.08,206.08,202005,202306,63,34825.63
227186190144,1,02/03/1987,36,3,1,19,0,6,128.33,42.5,68,110.5,201502,201703,10,543.71
227278410142,1,18/05/1979,44,3,1,14,0,,,,,,201511,201706,49,2629.05
227393120122,1,25/05/1969,54,4,2,10,1,6,855.78,,82,82,201404,202306,679,79682.17000000003
227690760145,1,04/01/1987,36,3,1,2,0,,,,,,201405,201611,42,1272.31
227872680106,1,10/10/1964,58,5,1,23,0,,,,,,201406,201406,312,
228200820141,1,07/03/1982,41,3,2,2,1,6,4290,,343.2,343.20001,201402,202306,373,76130.19
228400580144,1,03/06/1987,36,3,1,10,0,6,920.09,46.5,74.40000000000001,120.9,202005,202005,2,120.9
229085870145,1,10/09/1988,34,2,1,2,0,,,,,,201403,201606,30,
229535540144,1,19/02/1980,43,3,1,2,0,,,,,,201405,201803,24,1842.44
230702950172,1,26/03/1995,28,2,1,2,0,,,,,,201705,202001,16,1838.57
230714530110,1,05/03/1976,47,4,2,14,0,,,,,,201404,201709,497,17290.62
231277940146,1,08/05/1988,35,3,1,19,0,6,237.42,37.5,60,97.5,201402,201603,172,2459.42
231316040101,1,12/02/1969,54,4,1,20,0,,,,,,202109,202212,128,
231361050145,1,23/06/1986,37,3,1,2,0,6,918.75,46.5,74.40000000000001,120.9,202006,202007,5,799.55
231385920101,1,13/05/1968,55,5,1,17,0,,,,,,201402,201606,106,363.84
231553940180,1,29/12/1973,49,4,1,19,0,,,,,,202204,202207,8,783.22
231785020180,1,25/06/1972,51,4,1,13,0,1,2646.95,132.35,211.76,344.11002,201612,201701,7,688.22
231827310147,1,17/01/1989,34,2,1,2,0,6,698.52,46.5,74.40000000000001,120.9,201607,201911,11,698.76
231881050103,1,18/05/1964,59,5,2,19,1,6,2665.43,,213.23,213.23,201405,202306,649,72718.30000000002
232252390100,1,18/09/1966,56,5,1,23,0,,,,,,201706,201903,71,416.78
232365760146,1,07/04/1988,35,3,,14,0,,,,,,202102,202212,9,1558.95
232975570141,1,29/05/1982,41,3,1,19,0,6,1061.24,53.06,84.90000000000001,137.96001,201607,201607,7,137.96
233683610140,1,12/04/1976,47,4,2,24,1,7,816.98,,82,82,201407,202306,524,50009.07000000001
233859480146,1,18/04/1989,34,2,1,2,0,,,,,,202012,202302,10,529.28
233968420143,1,29/11/1985,37,3,,14,0,,150,37.5,60,97.5,201512,201512,0,97.5
233975830140,1,16/09/1977,45,4,1,19,1,5,279.55,,82,82,201402,202306,424,31502.44
234030890141,1,01/11/1980,42,3,1,2,0,,,,,,201402,201605,111,2079.1
234065750163,1,21/10/1999,23,1,1,2,0,,,,,,202006,202106,5,671.3900000000001
234086910140,1,17/05/1979,44,3,1,2,0,6,4369.85,218.49,349.59,568.08002,201504,202007,61,5504.65
234392970140,1,31/08/1976,46,4,1,17,0,,,,,,201403,201606,2,97.5
234602830133,1,16/01/1956,67,6,2,2,1,6,3043.43,,243.47,243.47,201504,202306,618,62400.51000000001
234912980141,1,13/04/1980,43,3,1,19,0,6,3537.43,,282.99,282.98999,201705,202303,172,36143.06
234916910142,1,17/09/1981,41,3,1,14,0,,,,,,201911,202302,67,5727.28
235459620141,1,23/07/1982,40,3,,19,0,6,187.92,42.5,68,110.5,201601,201712,7,429
237044730100,1,30/05/1972,51,4,,23,0,,,,,,201501,201601,7,4269.42
237277800180,1,03/10/1974,48,4,1,19,1,6,273.97,,82,82,201402,202306,561,28010.31999999999
238081850141,1,28/11/1981,41,3,1,2,0,6,3815.81,190.79,305.26,496.04999,201811,202104,44,20306.89
238242560145,1,04/11/1988,34,2,1,24,1,,,,,,202305,202306,3,84.31
238704220172,1,15/11/1992,30,2,,17,0,6,1135.1,,90.81,90.809998,202301,202304,4,172.81
239445440141,1,27/03/1981,42,3,1,12,1,6,192.32,,82,82,201402,202306,343,49238.77
239738960175,1,20/08/2002,20,1,,14,1,,,,,,202107,202306,36,4048.27
240122640144,1,15/07/1987,35,3,1,19,0,2,7221.31,,577.7,577.70001,201406,202301,69,21405.53
240272390140,1,02/05/1977,46,4,1,2,0,,,,,,201611,201611,4,
240386590145,1,04/08/1988,34,2,1,14,0,6,1346.74,67.34,107.74,175.08,201504,201504,14,175.08
240627620141,1,11/06/1982,41,3,1,19,0,,,,,,201607,201902,26,3678.73
240850990125,1,14/05/1959,64,5,,24,1,3,4731.7,,378.54,378.54001,201402,202306,715,138648.77
241965400148,1,10/11/1993,29,2,,13,0,6,492.4,,82,82,202301,202301,1,82
242151660144,1,04/10/1981,41,3,1,23,0,,,,,,201806,201906,4,394.83
242653530119,1,02/10/1977,45,4,1,2,1,6,356.9,,82,82,201512,202306,277,41146.06
243220950173,1,21/03/1996,27,2,1,2,0,,,,,,202112,202302,16,198.01
243884170143,1,06/12/1985,37,3,,19,0,,,,,,201801,201903,0,
244074890142,1,04/07/1984,38,3,1,2,0,6,1651.03,82.55,132.08,214.63,201506,201804,39,3149.13
244213750125,1,03/12/1959,63,5,1,14,1,6,374.42,,82,82,201405,202306,498,70174.57000000001
244260360146,1,25/07/1990,32,2,1,19,0,6,7259.46,362.97,580.76,943.72998,201406,201506,17,2964.59
244327020171,1,11/05/1994,29,2,,19,0,6,4814.21,,385.14,385.14001,202212,202301,6,772.21
244503840117,1,28/10/1969,53,4,1,13,1,6,70.34,,82,82,202011,202306,60,11433.87
244608810147,1,08/01/1985,38,3,,2,0,6,974.99,48.75,78,126.75,201606,201801,4,237.25
244838690115,1,31/12/1976,46,4,,14,0,6,1838.62,91.93000000000001,147.09,239.02,201612,201707,10,1484.62
244935360116,1,18/05/1962,61,5,2,13,1,6,1498.97,,119.92,119.92,201405,202306,621,86197.60000000001
245246330175,1,08/11/2002,20,1,,13,0,6,6920.77,,553.66,553.65997,202206,202212,14,2177.36
245299740140,1,07/01/1980,43,3,2,14,0,,,,,,201504,202007,148,7399.06
245800250141,1,28/04/1982,41,3,1,2,1,,,,,,201512,202306,207,22221.02
246015440145,1,19/12/1988,34,2,1,19,0,6,13975.31,,1118.02,1118.02,201406,202212,66,16854.34
246075000170,1,14/03/1997,26,2,,10,0,6,1090.53,54.53,87.23999999999999,141.77,201811,202107,55,14460.78
246112260174,1,23/07/1995,27,2,,13,0,6,1747.08,,139.77,139.77,202212,202212,1,139.77
246145600103,1,19/10/1962,60,5,2,19,1,1,4601.81,,368.14,368.14001,201402,202306,829,74701.64000000003
246369470103,1,06/06/1956,67,6,3,19,0,,,,,,201405,202210,1266,308021.93
246466080176,1,14/12/1996,26,2,,13,0,6,2036.41,101.82,162.91,264.73001,201705,201707,10,839.6099999999999
246557440141,1,25/09/1982,40,3,1,2,1,,,,,,201504,202306,284,53381.80000000001
246622370103,1,15/04/1965,58,5,1,19,1,,,,,,201402,202306,458,17443.32
246705720103,1,06/07/1964,58,5,2,19,1,6,807.15,,82,82,201407,202306,954,42899.98999999999
246746690125,1,18/07/1953,69,6,2,24,1,,1976.93,,158.15,158.14999,201407,202306,430,39596.75999999999
247073020103,1,19/12/1961,61,5,2,19,1,6,1462.25,,116.98,116.98,201405,202306,1109,127650.28
247078040103,1,01/01/1957,66,6,2,11,1,6,386.41,,82,82,201402,202306,555,60723.66000000002
247203250140,1,28/03/1978,45,4,1,2,1,6,2614.14,,209.13,209.13,201405,202306,494,109216
247268460125,1,28/12/1960,62,5,1,24,0,,,,,,201511,201512,0,
247340320103,1,05/04/1973,50,4,1,19,0,,,,,,201402,202104,336,18939.75
247340860103,1,03/11/1968,54,4,1,19,0,6,1744.19,87.20999999999999,139.54,226.75,201404,201404,5,226.75
247968750142,1,09/02/1984,39,3,1,2,0,,,,,,201405,201803,115,4280.790000000001
247989420140,1,14/04/1980,43,3,2,10,0,,8679.9,,694.39,694.39001,201812,202203,192,14555.93
248254480141,1,07/09/1981,41,3,2,19,1,6,269.45,,82,82,201402,202306,431,31592.99
248711890130,1,26/03/1962,61,5,2,4,1,,,,,,201404,202306,380,45641.52
248884530141,1,16/12/1981,41,3,1,14,0,,,,,,201611,201811,19,1945.59
249002980103,1,05/11/1965,57,5,2,19,1,6,273.97,,82,82,201402,202306,625,31624.66
249049760103,1,06/07/1967,55,5,1,19,1,,320.81,,82,82,201405,202306,661,57746.99000000002
249068310103,1,27/02/1968,55,5,1,19,1,,915,,82,82,201704,202306,415,29114.27999999999
249130610103,1,26/05/1968,55,5,2,19,1,6,2315.86,,185.27,185.27,202206,202306,381,1740.55
249162180146,1,05/07/1990,32,2,,2,0,,,,,,201804,201806,4,810.64
249188370103,1,05/10/1967,55,5,,19,0,,,,,,201405,201505,45,1694.93
249197550103,1,19/07/1969,53,4,1,11,1,,326.09,,82,82,201711,202306,424,22654.79
249315170103,1,30/03/1971,52,4,,19,0,,,,,,202204,202207,175,384.69
249588200103,1,14/09/1957,65,6,1,12,1,,,,,,201407,202306,616,81796.35999999999
249920380103,1,04/07/1974,48,4,1,19,0,1,521.5700000000001,,82,82,201405,202211,724,13664.04
249938550103,1,06/09/1974,48,4,2,19,0,,,,,,201511,201706,187,3196.36
249956820103,1,29/03/1974,49,4,1,19,0,6,2903.87,145.19,232.31,377.5,201701,201701,269,377.5
250090830103,1,24/02/1974,49,4,2,2,1,6,1826.15,,146.09,146.09,201611,202306,526,33952.35999999999
250128400103,1,07/01/1976,47,4,2,19,1,4,2019.22,,161.54,161.53999,202004,202306,293,23190.89
250243020103,1,14/07/1976,46,4,2,19,1,6,431.91,,82,82,201906,202306,316,10104.62
250259060103,1,01/04/1963,60,5,1,19,1,,326.09,,82,82,201403,202306,542,31659.05
250680170145,1,21/01/1989,34,2,1,2,0,,2959.24,147.96,236.74,384.70001,201402,202008,121,45662.49000000001
250731530103,1,18/04/1977,46,4,1,19,1,,,,,,201402,202306,525,16652.28
250731860103,1,06/10/1977,45,4,1,11,1,6,431.91,,82,82,202205,202306,269,3204.36
250783060103,1,02/04/1977,46,4,1,19,0,,,,,,201601,201602,16,175.67
250799880103,1,24/03/1978,45,4,2,19,1,,,,,,201405,202306,453,75761.89
251267850172,1,18/07/2002,20,1,,2,0,6,683.49,46.5,74.40000000000001,120.9,202105,202106,2,272.61
252030300146,1,28/01/1988,35,3,1,14,1,6,57.24,,82,82,202006,202306,62,13860.31
252032660140,1,10/05/1980,43,3,1,2,0,,,,,,201404,201903,251,22849.1
252096240143,1,06/02/1986,37,3,1,18,0,,,,,,202006,202304,14,2991.84
252247970148,1,16/05/1992,31,2,1,14,0,6,700.97,46.5,74.40000000000001,120.9,202006,202006,1,120.9
252408290143,1,10/02/1986,37,3,1,2,0,6,1591.66,79.58,127.33,206.91,201404,201907,119,27907.05
252431370140,1,24/04/1980,43,3,1,17,0,,,,,,201403,201606,37,
252460880141,1,03/10/1982,40,3,1,14,0,,,,,,201506,201705,123,1914.8
252632110117,1,12/02/1962,61,5,2,13,0,1,5565.36,,445.23,445.23001,201607,202212,94,19615.19
253275730145,1,02/12/1985,37,3,1,2,0,6,1653.82,,132.31,132.31,201804,202302,11,1907.34
253461590146,1,25/09/1990,32,2,1,13,0,,,,,,201601,201809,12,1389.29
254126900132,1,25/08/1967,55,5,1,2,1,3,7080.83,,566.47,566.46997,201402,202306,643,135197.4899999999
254241010132,1,05/10/1967,55,5,2,2,1,3,2562.8,,205.02,205.02,201402,202306,196,123689.76
254261770143,1,20/08/1984,38,3,,2,0,,,,,,201407,201602,116,500.14
254330800172,1,20/10/1991,31,2,1,2,0,5,2449.3,,195.94,195.94,202012,202301,27,3372.78
254666160141,1,25/05/1979,44,3,1,14,0,6,1803.85,90.19,144.31,234.5,201506,202011,39,456.99
254812170147,1,03/06/1991,32,2,1,19,0,6,608.96,42.5,68,110.5,201402,201709,115,2891.09
255414280142,1,15/09/1983,39,3,1,19,0,,,,,,201404,201508,41,2023.53
255730320125,1,16/05/1966,57,5,1,2,1,6,129.27,,82,82,201911,202306,264,246
255880650140,1,26/02/1975,48,4,1,2,1,,109.83,,82,82,201402,202306,295,61140.26000000001
256165610125,1,17/08/1967,55,5,2,24,0,,39046.38,1952.32,3123.71,5076.0298,201405,201604,366,12195.11
256372370143,1,28/04/1986,37,3,1,19,0,,,,,,201606,201606,0,
256610680147,1,11/12/1992,30,2,,10,1,,,,,,202112,202306,10,844.5
256646310142,1,27/08/1984,38,3,1,2,0,,,,,,202104,202107,7,1249.66
257142760125,1,29/09/1968,54,4,1,24,1,,,,,,201405,202306,267,18006.31
257262810146,1,13/04/1990,33,2,1,2,0,,,,,,201612,201706,9,576.13
257383440140,1,11/09/1978,44,3,1,14,0,4,5688.54,284.43,455.08,739.51001,201402,201807,398,48631.32
257509950180,1,10/07/1977,45,4,1,2,0,,,,,,201603,201708,44,208
257607020146,1,09/06/1990,33,2,1,14,0,,,,,,201811,202102,12,1139.22
257941120125,1,16/04/1953,70,6,2,24,0,,1691.37,84.56999999999999,135.31,219.88,201407,202109,316,30918.57000000001
258012820144,1,02/09/1986,36,3,1,17,1,,230.81,,82,82,201812,202306,76,32381.37
258230430142,1,06/03/1984,39,3,1,2,1,,,,,,201705,202306,81,19393.28
258234660117,1,07/02/1963,60,5,,13,0,,,,,,201504,201604,10,680.25
259181180125,1,30/11/1964,58,5,4,24,1,,,,,,201405,202306,450,30133.18
259252100115,1,28/03/1965,58,5,1,14,1,5,3234.35,,258.75,258.75,201405,202306,799,84098.95000000003
259274200125,1,05/10/1954,68,6,2,24,1,,,,,,201402,202306,475,48789.62000000001
259314700125,1,26/11/1965,57,5,2,19,1,,,,,,201608,202306,709,758.87
259330380117,1,07/10/1957,65,6,2,13,0,6,4287.41,214.37,342.99,557.35999,201402,202104,88,12790.69
259413620109,1,18/07/1966,56,5,2,4,1,6,3256.26,,260.5,260.5,201406,202306,530,81312.97000000002
259455440115,1,08/01/1957,66,6,2,14,0,1,1822.15,91.11,145.77,236.88,201405,201601,133,2988.82
259611490143,1,30/04/1986,37,3,1,2,0,6,1206.53,,96.52,96.519997,201804,202302,182,12832.59
259639470117,1,28/03/1973,50,4,1,13,0,6,1006.06,50.3,80.48,130.78,201405,201407,102,251.26
259875070116,1,14/06/1954,69,6,2,13,0,1,4510,,360.8,360.79999,201405,202212,65,7857.200000000001
259896650116,1,28/05/1963,60,5,1,13,0,1,13841.78,,1107.34,1107.34,201405,202212,190,32100.41
259958330116,1,16/05/1956,67,6,2,13,0,6,3025.05,151.25,242,393.25,201405,201906,180,8398.52
260094510141,1,17/05/1981,42,3,1,19,1,6,112.51,,82,82,201811,202306,246,14192.51
260150450109,1,18/07/1970,52,4,2,17,1,,,,,,201404,202306,488,42029.13
260179580143,1,29/06/1986,37,3,1,2,1,,,,,,201511,202306,51,13048.28
260197480115,1,11/11/1963,59,5,1,14,0,,,,,,201404,201602,61,2849.18
260229380141,1,08/07/1979,43,3,1,14,0,,,,,,201404,202302,173,32157.68
260259190180,1,05/02/1974,49,4,2,14,0,,9142.120000000001,,731.37,731.37,201404,202203,285,29454.31
260631180109,1,24/09/1968,54,4,1,2,1,,845.6900000000001,,82,82,201405,202306,501,69582.98000000003
260739190140,1,16/08/1980,42,3,1,2,1,,,,,,201901,202306,37,8330.619999999999
260878990125,1,06/03/1963,60,5,2,24,1,6,1578.42,,126.27,126.27,201402,202306,496,55571.59
261025870140,1,20/08/1980,42,3,1,14,1,,,,,,202203,202306,114,3131.94
261138250144,1,17/12/1986,36,3,1,10,0,,,,,,201706,202305,47,15758.79
261171660180,1,07/04/1979,44,3,1,14,0,,,,,,201504,201909,5,440.51
261220680147,1,14/10/1992,30,2,1,2,0,,,,,,201405,202107,44,4449.48
261416920115,1,14/11/1966,56,5,1,14,1,4,4979.4,,398.35,398.35001,201406,202306,632,85757.78999999998
261448960140,1,13/09/1980,42,3,2,19,0,,,,,,201907,202204,44,2567.42
261466880115,1,11/08/1964,58,5,1,14,0,,,,,,201404,202204,290,14959.27
261543780180,1,14/06/1978,45,4,1,2,0,,,,,,202212,202302,120,82
261669520141,1,08/12/1981,41,3,2,17,0,,,,,,201403,201407,209,
262140690146,1,15/06/1990,33,2,1,14,0,,,,,,201910,202012,3,564.89
262376020117,1,23/08/1972,50,4,,13,0,6,2000,100,160,260,201705,201706,6,598
262526560146,1,10/05/1990,33,2,1,13,0,5,3244.84,,259.59,259.59,202211,202212,6,359.95
262781220146,1,23/09/1990,32,2,1,24,0,6,12040.6,602.03,963.25,1565.28,201605,201606,7,1934.38
262860310104,1,30/06/1950,73,6,2,17,0,,,,,,201404,201907,478,24738.23
262911190115,1,12/04/1965,58,5,1,14,1,,,,,,201402,202306,196,5604.120000000001
263069050141,1,28/12/1982,40,3,2,14,1,,,,,,201402,202306,353,54689.64000000001
263254650173,1,07/10/1997,25,2,,2,1,6,481.02,,82,82,201911,202306,58,22746.99
263256670141,1,17/10/1982,40,3,1,2,0,,,,,,201405,201508,15,1251.54
263290810115,1,30/10/1960,62,5,2,14,1,3,7471.05,,597.68,597.67999,201405,202306,730,151199.89
263417950142,1,07/09/1984,38,3,1,13,0,6,5466.8,273.34,437.34,710.67999,201402,202104,100,15429.84
263418390147,1,31/08/1992,30,2,,2,0,6,910.46,51.25,82,133.25,201811,202206,3,594.9400000000001
263767030143,1,09/07/1986,36,3,1,19,1,6,707.34,,82,82,201402,202306,203,80858.00000000003
263843340115,1,27/05/1963,60,5,2,14,0,,,,,,201404,202208,306,10323.49
263855080115,1,26/03/1958,65,6,2,14,0,,,,,,201404,201710,560,5986.22
263941580115,1,23/12/1964,58,5,2,14,1,6,635.23,,82,82,201407,202306,801,90326.20999999999
263950300115,1,01/05/1965,58,5,1,14,1,6,684.02,,82,82,201406,202306,648,56035.13
264006870115,1,14/04/1961,62,5,2,14,0,,,,,,201405,202105,387,49382.30000000002
264029210115,1,29/10/1964,58,5,2,14,1,6,3734.94,,298.8,298.79999,201405,202306,701,101599.16
264031160115,1,13/06/1965,58,5,2,14,1,6,457.16,,82,82,201405,202306,667,103992.38
264064030145,1,28/02/1989,34,2,,10,0,,,,,,202104,202207,7,3320.3
264068150115,1,26/01/1967,56,5,,14,0,6,946.73,47.34,75.73999999999999,123.08,201506,201707,333,1236
264069870115,1,29/11/1967,55,5,1,14,0,,,,,,201902,202204,200,12893.76
264072120115,1,20/01/1968,55,5,1,14,1,,,,,,201404,202306,287,24998.03
264080250115,1,20/10/1969,53,4,2,14,1,,,,,,201402,202306,366,57668.34999999998
264081760115,1,29/04/1970,53,4,1,14,0,,,,,,201405,202301,286,51562.8
264100980115,1,15/08/1969,53,4,2,14,1,3,1649.53,,131.96,131.96001,201404,202306,705,63336.34999999999
264124930115,1,13/11/1974,48,4,2,14,0,6,3087.35,154.37,246.99,401.35999,201606,202112,326,7604.67
264377320145,1,12/02/1989,34,2,1,13,0,6,3069.71,,245.58,245.58,202301,202302,3,327.58
264406010104,1,23/08/1967,55,5,1,17,0,,,,,,201407,201907,492,5237.03
264525390104,1,29/04/1970,53,4,1,17,1,,,,,,201404,202306,621,41955.63
264545650107,1,28/06/1973,50,4,,14,0,,,,,,202005,202008,2,1136.7
264553350104,1,08/09/1970,52,4,1,22,1,6,1505.94,,120.48,120.48,201402,202306,490,75390.46000000001
264625770104,1,18/02/1970,53,4,1,17,1,,,,,,202102,202306,27,8755.029999999999
264937760142,1,05/10/1984,38,3,1,14,0,6,7878.26,393.91,630.26,1024.17,201504,201812,117,11021.58
265108990104,1,20/05/1976,47,4,1,17,0,,,,,,201402,201705,129,2355.92
265234840140,1,04/05/1980,43,3,1,19,1,,326.09,,82,82,201511,202306,220,25655.86
265245260176,1,16/06/1996,27,2,,14,1,,,,,,202105,202306,17,1889.55
266053380103,1,27/10/1971,51,4,2,12,1,6,175.31,,82,82,201402,202306,554,70165.24999999999
266146490102,1,07/05/1970,53,4,2,19,0,6,8893.07,444.65,711.45,1156.1,201404,201905,120,19081.02
266213690180,1,10/09/1979,43,3,1,19,1,6,1125.76,,90.06,90.059998,201705,202306,108,47407.74000000001
266379910102,1,06/05/1968,55,5,2,19,1,1,965.3,,82,82,201402,202306,1122,86155.58999999998
266393260102,1,23/07/1970,52,4,1,19,0,6,105.66,37.5,60,97.5,201403,201408,77,1872.33
266699380140,1,12/03/1978,45,4,1,14,0,,,,,,201811,202104,68,3058.26
266736690180,1,18/01/1979,44,3,1,19,0,3,2436.02,121.8,194.88,316.67999,201402,201403,84,872.6899999999999
266762780144,1,12/10/1987,35,3,1,2,0,6,551.65,51.25,82,133.25,201904,202207,33,17351.13
267159570147,1,28/08/1989,33,2,1,14,1,,,,,,201607,202306,47,13474.36
267208300115,1,28/02/1964,59,5,2,14,1,3,12707.35,,1016.59,1016.59,201406,202306,959,220526
267257440143,1,28/03/1986,37,3,2,14,1,6,2511.88,,200.95,200.95,201405,202306,203,32375.26000000001
267285620180,1,29/09/1978,44,3,1,23,1,6,241.63,,82,82,201701,202306,155,36168.81999999999
267333720141,1,02/05/1983,40,3,1,22,0,,,,,,201505,202304,72,10029.72
267925010141,1,22/10/1982,40,3,2,2,1,,,,,,202012,202306,6,688.01
268737780115,1,10/10/1964,58,5,2,14,1,,,,,,201404,202306,371,38340.86
269559020142,1,03/10/1984,38,3,1,24,0,6,13093.28,654.66,1047.46,1702.12,202110,202207,14,8063.49
269668350103,1,14/09/1976,46,4,1,19,0,6,6037.76,301.89,483.02,784.91003,201406,201507,22,2960.96
269883600103,1,05/12/1968,54,4,1,19,1,6,37.44,,82,82,201403,202306,326,32552.85
269892430103,1,01/12/1974,48,4,1,19,0,,,,,,201804,202006,323,3670.940000000001
269903830103,1,06/07/1977,45,4,1,19,1,6,1125.76,,90.06,90.059998,201704,202306,283,60740.75000000001
269953330142,1,14/02/1981,42,3,1,2,0,6,2481.43,,198.51,198.50999,201405,202302,14,1016.83
270016050147,1,26/04/1993,30,2,1,10,1,,,,,,202202,202306,7,688.46
270050950125,1,16/08/1968,54,4,1,24,0,,1138,56.9,91.04000000000001,147.94,201405,201503,8,538.02
270273440115,1,25/11/1959,63,5,2,14,0,,,,,,201406,202001,518,83076.54000000001
270337710115,1,17/08/1965,57,5,2,14,1,,,,,,201404,202306,343,15188.2
270761610145,1,23/04/1989,34,2,1,14,1,6,2045.85,,163.67,163.67,201711,202306,97,51219.19
270870060115,1,05/05/1969,54,4,1,14,0,6,551.43,42.5,68,110.5,201403,201708,274,15280.76
270922400102,1,10/04/1966,57,5,2,19,1,6,1206.58,,96.53,96.529999,201405,202306,723,76230.82000000004
270933700102,1,24/08/1967,55,5,1,19,1,6,388.54,,82,82,201403,202306,702,57268.14
270997740115,1,14/09/1963,59,5,2,14,1,,3500,,280,280,201403,202306,898,72321.49000000001
271091320141,1,21/01/1983,40,3,2,2,1,6,2972.88,,237.83,237.83,201402,202306,357,78306.51000000001
271119660115,1,05/07/1961,61,5,2,14,1,3,1490.44,,119.24,119.24,201404,202306,742,62604.74000000001
271325040115,1,02/07/1962,60,5,1,14,1,,,,,,201404,202306,577,57640.19999999999
271339510115,1,17/08/1952,70,6,2,14,0,6,22179.81,1108.99,1774.38,2883.3699,201406,202012,326,45177.38
271387000115,1,17/09/1968,54,4,1,14,1,6,435.15,,82,82,201405,202306,521,90405.11
271393200115,1,20/03/1969,54,4,2,14,0,,,,,,201404,202305,204,35807.45
271509230115,1,21/03/1963,60,5,2,14,0,,,,,,201406,201810,196,3217.53
271832600110,1,30/12/1976,46,4,2,14,1,,,,,,201402,202306,560,63254.57000000001
271956550125,1,21/11/1971,51,4,1,24,1,6,166.82,,82,82,201405,202306,253,26105.16
271961520145,1,16/07/1980,42,3,1,14,0,6,2537.69,126.88,203.02,329.89999,201611,201706,26,2277.9
272056710115,1,12/02/1972,51,4,1,14,1,,,,,,201404,202306,299,12201.13
272114120140,1,16/09/1979,43,3,1,,0,,,,,,201405,202305,383,33915.15
272169360115,1,26/06/1958,65,6,1,14,0,,,,,,201611,201707,77,1676.05
272252450115,1,08/09/1968,54,4,2,14,0,,,,,,201402,201403,359,
272263370115,1,27/01/1969,54,4,1,14,1,,,,,,201404,202306,394,36427.78
272270710102,1,30/10/1962,60,5,2,19,0,6,404.18,46.5,74.40000000000001,120.9,201706,201806,462,1077.67
272329270115,1,17/02/1969,54,4,2,14,0,,,,,,201507,201904,122,7506.15
272354780115,1,25/03/1969,54,4,2,17,0,,,,,,201406,202304,452,27349.07999999999
272402200115,1,26/04/1969,54,4,1,14,0,6,1418.46,70.92,113.48,184.39999,201405,202101,17,1866.64
272415410125,1,21/05/1969,54,4,2,24,1,6,1570.36,,125.63,125.63,201402,202306,648,63848.82000000001
272475920115,1,13/01/1970,53,4,2,14,1,1,187.34,,82,82,201405,202306,507,65974.48000000001
272576780141,1,04/02/1983,40,3,1,24,0,6,634.68,42.5,68,110.5,201405,201609,67,3447.98
272832370115,1,09/01/1966,57,5,2,14,1,6,433.38,,82,82,201402,202306,327,69610.16
272874860116,1,16/10/1975,47,4,2,13,0,6,3995.7,199.79,319.66,519.45001,201405,201407,7,519.45
272979300140,1,20/06/1979,44,3,2,14,0,6,10232.05,511.6,818.5599999999999,1330.16,201404,202111,306,51453.03999999999
273052070145,1,25/05/1989,34,2,1,13,0,6,2607.35,130.37,208.59,338.95999,201609,201903,44,5408.6
273215090132,1,28/01/1968,55,5,1,2,0,,,,,,201402,201606,571,12061.74
273230050132,1,25/08/1971,51,4,1,2,1,,,,,,201402,202306,515,44055.2
273270480132,1,26/05/1972,51,4,1,2,1,2,1257.1,,100.57,100.57,201402,202306,597,94694.12000000002
273369980132,1,18/11/1972,50,4,1,2,1,,1299.96,,104,104,201504,202306,328,27404.47
273594780132,1,04/12/1973,49,4,1,2,0,,,,,,201405,201602,217,1045.35
273621150115,1,29/08/1965,57,5,2,14,1,,,,,,201404,202306,547,42444.20999999999
273675530132,1,03/11/1975,47,4,1,2,0,,,,,,201402,201902,128,3888.4
273680290132,1,23/02/1974,49,4,1,2,0,,,,,,201402,201403,182,427.39
273742340115,1,02/10/1974,48,4,1,14,0,6,1173.32,58.67,93.87,152.53999,201912,202007,32,2085.36
273814720115,1,07/10/1975,47,4,1,14,1,6,264.89,,82,82,201805,202306,515,31057.49
273829780132,1,20/10/1964,58,5,1,2,1,2,190.44,,82,82,201811,202306,503,3294.39
273834470132,1,19/09/1973,49,4,1,2,1,6,486.04,,82,82,201406,202306,355,99139.09
273841200102,1,13/11/1965,57,5,2,19,0,1,1223.52,,97.88,97.879997,201402,202304,965,22647.14
273940200102,1,23/06/1962,61,5,1,19,0,,,,,,201402,202303,362,29862.54
273996700132,1,23/12/1976,46,4,1,2,1,6,139.29,,82,82,201402,202306,408,67390.84000000001
274012390102,1,09/12/1949,73,6,2,19,0,,,,,,201407,201907,238,4706.779999999999
274024010132,1,02/11/1962,60,5,2,2,1,,4063.69,,325.1,325.10001,201408,202306,714,108806.67
274057940132,1,23/09/1975,47,4,1,2,0,,,,,,201407,202203,255,13662.04
274081710132,1,04/04/1966,57,5,1,2,1,6,1108.54,,88.68000000000001,88.68,201405,202306,642,82074.45999999999
274140400147,1,31/05/1981,42,3,1,2,0,6,5104.44,255.22,408.36,663.58002,201506,202106,17,2622.54
274222480140,1,02/06/1977,46,4,1,24,1,4,7068.59,,565.49,565.48999,201406,202306,458,119091.3999999999
274249850125,1,18/10/1967,55,5,1,24,1,,,,,,201503,202306,198,4201.55
274279010102,1,28/11/1966,56,5,2,19,1,6,112.51,,82,82,202006,202306,631,9898.959999999999
274303240102,1,06/08/1960,62,5,2,19,1,,,,,,201402,202306,385,26920.84
274333580102,1,09/05/1967,56,5,1,19,1,,,,,,201707,202306,508,36766.59
274399640102,1,01/06/1970,53,4,2,19,0,,,,,,201402,202303,397,29483.55999999999
274423190110,1,02/04/1975,48,4,2,17,1,6,1125.75,,90.06,90.059998,201408,202306,334,64905.87000000001
274464010115,1,09/12/1973,49,4,2,24,1,,,,,,201407,202306,442,28326.59999999999
274606050115,1,18/09/1972,50,4,2,14,0,,1394.16,69.70999999999999,111.53,181.24001,201403,201703,188,9691.4
274627030116,1,08/11/1975,47,4,1,13,0,,,,,,201801,202109,46,16185.52
274702400125,1,19/12/1972,50,4,2,24,1,6,1304.2,,104.34,104.34,201406,202306,589,98466.26000000001
274788410125,1,29/03/1969,54,4,2,24,0,6,9505.629999999999,475.28,760.45,1235.73,201503,202207,458,23940.82
274966520104,1,27/01/1978,45,4,1,17,0,,,,,,201404,201603,458,6606.79
275512240116,1,15/12/1955,67,6,2,13,0,,,,,,201611,201707,16,2496.24
275516780115,1,18/10/1969,53,4,2,14,0,,,,,,201405,201406,438,624.89
275691200146,1,12/10/1991,31,2,1,2,1,6,890.48,,82,82,201812,202306,56,22109.19
275804650102,1,13/07/1963,59,5,2,19,1,6,507.26,,82,82,201405,202306,794,89772.97000000003
275862490115,1,01/09/1977,45,4,1,14,0,6,341,46.5,74.40000000000001,120.9,201403,202007,538,23223.35
275875990116,1,25/02/1975,48,4,1,13,0,6,359.36,,82,82,201402,202211,541,14547.58999999999
275888580148,1,16/12/1994,28,2,,13,0,6,2247.11,,179.77,179.77,202111,202212,13,1594.27
275908400102,1,29/05/1965,58,5,1,19,0,,,,,,201402,202303,421,46400.32
275929960102,1,24/09/1969,53,4,1,19,0,6,7037.76,351.89,563.02,914.91003,201406,201507,22,3090.96
275949790102,1,07/04/1970,53,4,1,19,0,,,,,,201506,201702,25,1560
276161440115,1,10/05/1977,46,4,1,17,0,,624.1900000000001,42.5,68,110.5,201404,201704,242,3905.59
276170850110,1,29/07/1974,48,4,1,14,1,,,,,,201612,202306,170,44416.55999999999
276475690125,1,07/11/1973,49,4,1,24,0,,,,,,202005,202007,4,632.79
276483880116,1,10/03/1976,47,4,1,13,0,6,2785.17,,222.81,222.81,201601,202206,33,1240.41
276548610143,1,08/06/1982,41,3,1,2,0,6,668.6,,82,82,202212,202301,5,412.08
276682160132,1,31/08/1964,58,5,2,2,0,,,,,,201407,202304,405,61984.18000000001
276757100144,1,17/10/1987,35,3,1,19,0,,,,,,202112,202201,2,427.06
276797490116,1,26/10/1970,52,4,1,17,1,,1391.38,,111.31,111.31,201406,202306,163,8631.690000000002
276863040145,1,28/02/1989,34,2,1,24,1,,,,,,202104,202306,82,15810.11
277121290125,1,25/10/1968,54,4,2,2,0,,,,,,201407,202207,577,24838.11
277403700132,1,01/12/1965,57,5,2,2,0,,,,,,201911,201912,226,478.21
277426690145,1,20/02/1989,34,2,1,10,1,6,2457.71,,196.62,196.62,201407,202306,283,105904.38
277441840170,1,25/11/1997,25,2,,10,0,,,,,,202301,202303,1,278.37
277891450132,1,17/02/1958,65,6,1,2,0,,,,,,201504,201705,18,1233.24
277917620132,1,09/02/1964,59,5,2,2,1,,,,,,201402,202306,792,46455.91
278080590116,1,13/11/1965,57,5,2,13,0,2,2962.52,148.13,237,385.13,201511,201511,2,385.13
278163150132,1,04/03/1965,58,5,2,12,0,,,,,,201403,201606,12,97.5
278327800132,1,01/10/1958,64,5,2,2,1,6,364.24,,82,82,201402,202306,915,67354.06000000001
278383840125,1,24/09/1975,47,4,1,14,1,6,1142.97,,91.44,91.440002,201405,202306,419,64558.02
278592490143,1,15/10/1986,36,3,2,14,0,,,,,,201707,201711,3,247.29
278880760121,1,26/02/1961,62,5,1,10,0,,,,,,201407,202305,575,43791.64
278963930125,1,08/11/1975,47,4,1,14,0,6,9202.73,460.14,736.22,1196.36,201504,202111,82,27016.59
279098610125,1,21/07/1974,48,4,1,24,0,6,4198.72,,335.9,335.89999,201406,202301,94,17252.35
279484570102,1,01/08/1965,57,5,1,19,1,,,,,,201404,202306,803,41402.36000000002
279516820132,1,17/01/1962,61,5,1,2,0,6,1641.82,82.09,131.35,213.44,201407,201805,219,7664.280000000001
279879940146,1,13/12/1990,32,2,1,13,0,,,,,,202205,202301,9,1326.64
279921600100,1,21/01/1973,50,4,1,17,1,6,412.49,,82,82,201405,202306,422,69317.21000000002
280086480144,1,17/05/1987,36,3,2,2,0,6,12931.56,646.58,1034.52,1681.1,201812,202007,23,8362.139999999999
280247490132,1,15/09/1959,63,5,2,2,1,1,1128.49,,90.28,90.279999,201405,202306,924,229241.1199999999
280290290116,1,27/02/1978,45,4,1,2,1,6,742.21,,82,82,201406,202306,257,56670.3
280432400132,1,28/07/1956,66,6,2,2,0,,,,,,201404,202108,682,32653.14
280440720132,1,06/03/1956,67,6,1,2,0,,,,,,201504,202001,95,4424.110000000001
280517030132,1,16/08/1966,56,5,1,2,1,,,,,,201405,202306,189,32838.42
280675610132,1,30/01/1963,60,5,1,2,1,6,208.5,,82,82,201402,202306,559,62636.83000000001
280776650140,1,02/06/1979,44,3,2,14,1,,,,,,201404,202306,450,41483.29
281108800143,1,24/07/1984,38,3,1,19,0,6,480.8,37.5,60,97.5,201506,201509,3,981.27
281148600142,1,30/09/1981,41,3,1,13,0,,,,,,201404,201605,44,860.3099999999999
281218030121,1,23/04/1963,60,5,2,10,0,,1510,75.5,120.8,196.3,201407,201606,314,12099.31
281228180121,1,02/12/1966,56,5,2,10,1,6,1673,,133.84,133.84,201402,202306,449,57155.22
281397540121,1,23/02/1969,54,4,1,10,0,6,2788.36,139.42,223.07,362.48999,201407,201511,165,10346.75
281445700141,1,04/02/1983,40,3,1,14,0,6,978.85,48.94,78.31,127.25,202112,202112,2,127.25
281607200125,1,23/02/1966,57,5,2,14,1,6,807.15,,82,82,201407,202306,807,40525.96999999999
282087830132,1,06/12/1957,65,6,1,19,1,6,585.98,,82,82,201405,202306,493,74182.68000000002
282285010132,1,27/08/1959,63,5,2,2,1,3,8818.129999999999,,705.45,705.45001,201405,202306,849,207353.15
282414080118,1,29/09/1964,58,5,2,12,1,6,1773.97,,141.92,141.92,201402,202306,652,97098.12
282822960125,1,16/11/1970,52,4,2,24,1,,,,,,201405,202306,484,20434.71
282849590132,1,02/12/1964,58,5,2,2,1,,,,,,201402,202306,393,50461.55
282900620170,1,05/09/2002,20,1,1,2,0,,,,,,202104,202107,8,1106.4
282980820125,1,17/10/1966,56,5,2,24,1,6,199.3,,82,82,201407,202306,933,46494.13999999998
283109070132,1,17/11/1949,73,6,2,2,0,3,16045.15,802.26,1283.61,2085.8701,201404,202012,655,46738.45999999999
283132330102,1,25/01/1971,52,4,1,19,0,6,3819.92,191,305.59,496.59,201406,201506,16,2642.48
283187080130,1,01/10/1959,63,5,2,4,1,6,2024.91,,161.99,161.99001,201405,202306,517,78751.14000000001
283463430130,1,20/02/1972,51,4,1,4,1,6,1144.04,,91.52,91.519997,201406,202306,524,80937.43000000001
283851410170,1,22/12/1993,29,2,1,14,0,,,,,,201504,202107,69,28651.65
283853960132,1,21/05/1962,61,5,1,2,1,,155,,82,82,201405,202306,886,148629.26
283932460144,1,19/07/1983,39,3,1,14,0,,,,,,201505,201508,3,97.5
284015600121,1,01/10/1962,60,5,2,10,1,6,5635.35,,450.83,450.82999,201406,202306,677,48475.83000000002
284076500132,1,16/06/1965,58,5,1,2,0,6,700.76,,82,82,201404,202301,146,10967.06
284086220121,1,18/12/1963,59,5,2,10,1,6,1531.22,,122.5,122.5,201406,202306,818,74446.25000000001
284092940132,1,04/11/1955,67,6,1,2,0,,,,,,201505,201912,165,8514.370000000003
284110730102,1,06/11/1973,49,4,2,2,1,6,1477.6,,118.21,118.21,201405,202306,583,86152.06
284158790121,1,21/05/1963,60,5,,10,0,6,5708.19,285.41,456.66,742.07001,201405,201506,189,4624.89
284218710132,1,23/03/1956,67,6,2,2,0,,,,,,201404,202303,358,20597.9
284297870130,1,04/09/1974,48,4,2,4,1,6,942.3,,82,82,201405,202306,638,78063.73000000001
284474460102,1,20/07/1974,48,4,1,19,1,6,2031.16,,162.49,162.49001,201407,202306,620,94944.03000000001
284526300132,1,23/03/1965,58,5,2,2,0,,,,,,201406,201912,285,5738.349999999999
284557990115,1,27/02/1974,49,4,1,14,1,1,921.88,,82,82,201407,202306,488,144042
284654040144,1,01/02/1987,36,3,1,2,1,,4063.78,,325.1,325.10001,201803,202306,87,62609.98999999997
284953230125,1,27/12/1966,56,5,2,24,1,1,597.89,,82,82,201407,202306,710,132178.93
284983200115,1,09/10/1973,49,4,2,14,1,2,1028.63,,82.29000000000001,82.290001,201404,202306,598,64467.14999999999
284993150115,1,05/06/1971,52,4,2,14,1,,966.49,,82,82,201505,202306,348,40815.45
285241960115,1,09/01/1967,56,5,4,14,0,,,,,,201402,202212,498,19531.54
285246140176,1,20/09/1994,28,2,,12,0,6,643.8099999999999,46.5,74.40000000000001,120.9,201904,201907,7,700.24
285254390115,1,24/07/1969,53,4,2,14,1,5,1125.75,,90.06,90.059998,201404,202306,572,56900.55999999998
285266810146,1,08/09/1980,42,3,1,19,0,6,469.27,37.5,60,97.5,201402,201603,64,1316.79
285281140121,1,23/10/1963,59,5,2,10,0,,,,,,201402,202009,890,143939.22
285374610132,1,06/12/1961,61,5,,2,0,6,1084.49,54.22,86.76000000000001,140.98,201504,201507,7,444.37
285375020121,1,24/10/1960,62,5,1,10,1,,,,,,201407,202306,451,79967.14000000001
285379900102,1,29/04/1974,49,4,1,2,0,,,,,,201407,202005,445,12780.64
285385840121,1,21/10/1967,55,5,2,10,1,,313.02,,82,82,201404,202306,591,42689.17
285430660121,1,18/11/1973,49,4,1,10,0,6,5876.3,,470.1,470.10001,202005,202212,297,1324.01
285457740140,1,26/01/1981,42,3,1,13,0,6,8366.33,,669.3099999999999,669.31,201601,202206,84,11341.18
285571170115,1,19/10/1965,57,5,1,14,1,,,,,,201404,202306,401,24590.47
285645100102,1,25/02/1974,49,4,1,19,1,,,,,,201402,202306,402,59944.16
285677780115,1,03/08/1968,54,4,2,14,1,6,2321.69,,185.74,185.74001,201406,202306,340,73674.78000000001
285690640132,1,28/02/1962,61,5,1,2,1,6,265.33,,82,82,201402,202306,639,58417.76000000001
285726700102,1,25/04/1973,50,4,1,19,0,3,10432.46,521.62,834.6,1356.22,201406,201506,17,3669.47
285798180143,1,04/10/1986,36,3,1,2,0,,,,,,201403,201503,5,259.11
285806550132,1,22/09/1955,67,6,1,2,1,1,713.89,,82,82,201404,202306,949,70347.12
285825210115,1,29/04/1970,53,4,2,14,1,5,5619.91,,449.59,449.59,201406,202306,332,62125.64999999999
285976050132,1,14/06/1962,61,5,2,2,1,,,,,,201402,202306,407,53307.66
285978940132,1,11/06/1954,69,6,1,2,1,,,,,,201402,202306,200,27508.95
286024490132,1,20/08/1966,56,5,1,2,1,,,,,,201405,202306,429,44560.7
286045240145,1,11/08/1989,33,2,1,13,0,,,,,,201607,201711,26,2225.66
286079420102,1,02/09/1973,49,4,1,19,0,,,,,,201402,202102,450,47846.25000000001
286083790132,1,30/12/1962,60,5,2,2,0,,,,,,201403,201606,200,
286229950115,1,26/08/1977,45,4,1,14,1,6,1434.72,,114.78,114.78,201406,202306,300,70084.33
286356380102,1,28/09/1966,56,5,,19,0,,218.55,46.5,74.40000000000001,120.9,201705,201804,1,467.48
286497450115,1,27/08/1977,45,4,1,14,1,6,242.02,,82,82,201405,202306,315,18816.55
286590560132,1,15/07/1963,59,5,2,2,0,6,1594.11,,127.53,127.53,201405,202302,357,14668.84
286622550115,1,28/04/1977,46,4,2,14,0,,2663.29,,213.06,213.06,202006,202301,42,5716.130000000001
286698020115,1,07/07/1977,45,4,1,14,1,,,,,,201802,202306,74,20985.57
286795660180,1,01/02/1997,26,2,1,4,1,,,,,,201705,202306,83,17822.33
287109820142,1,13/07/1981,41,3,2,2,0,6,2614.82,,209.19,209.19,201405,202301,122,20335.48
287284800118,1,16/03/1972,51,4,2,12,0,,,,,,201407,201408,207,97.5
287483780172,1,07/07/1996,26,2,,2,0,,,,,,201705,201706,1,110.5
287677840140,1,09/04/1981,42,3,1,19,1,6,821.15,,82,82,201405,202306,406,71967.86000000002
287718700144,1,15/01/1982,41,3,1,19,0,3,1320.53,66.03,105.64,171.67,201405,201408,22,494.36
287953200143,1,01/01/1974,49,4,1,2,0,,,,,,201511,201611,5,195
288019430117,1,16/06/1963,60,5,2,2,1,,,,,,201404,202306,713,42326.2
288077040121,1,08/07/1973,49,4,1,10,0,6,3861.24,193.06,308.9,501.95999,201405,201802,146,10787.65
288488140173,1,25/02/1994,29,2,1,13,0,6,1613.56,80.68000000000001,129.08,209.75999,202202,202203,4,330.66
288640880121,1,26/09/1977,45,4,2,10,0,6,2788.36,139.42,223.07,362.48999,201407,201511,252,10002.67
288924940108,1,28/12/1970,52,4,1,14,1,,,,,,201402,202306,263,25041.3
288994630103,1,15/01/1969,54,4,,19,0,,,,,,202102,202104,1,120.9
289303790141,1,02/09/1982,40,3,1,2,1,,1025,,82,82,201405,202306,278,48022.5
289507520107,1,09/07/1959,63,5,2,14,1,5,487.08,,82,82,201402,202306,767,38328.48000000001
289603150132,1,24/01/1958,65,6,2,2,0,,,,,,201402,202303,1158,284559.9399999999
289906180132,1,14/10/1966,56,5,1,14,1,,,,,,202305,202306,451,
289952970117,1,28/04/1956,67,6,2,12,1,6,217.15,,82,82,201405,202306,469,36690.19
290122700132,1,24/10/1965,57,5,2,2,1,,2605.1,,208.41,208.41,201511,202306,472,30312.56999999999
290241780148,1,20/09/1991,31,2,,2,0,6,3649.75,182.49,291.98,474.47,201612,202207,25,4192.69
290242540132,1,05/02/1969,54,4,,2,0,,,,,,201609,201610,4,231.53
290338450143,1,01/12/1986,36,3,1,24,0,,,,,,201808,202201,49,15608.45
290358290132,1,08/09/1970,52,4,1,2,0,5,1310.67,65.53,104.85,170.38,202006,202107,292,16683.47
290437490132,1,13/05/1966,57,5,2,13,1,,,,,,201405,202306,562,81804.64
290459690132,1,15/08/1961,61,5,2,2,1,6,478.21,,82,82,201402,202306,1126,72501.12000000001
290552780146,1,20/02/1991,32,2,1,12,1,,,,,,202106,202306,20,3498.800000000001
290618020132,1,27/06/1967,56,5,2,2,1,1,1191.3,,95.3,95.300003,201406,202306,775,337226.7299999999
290942110132,1,26/02/1968,55,5,1,2,0,6,1001.31,50.07,80.09999999999999,130.17,201601,201705,419,1313.69
290942890132,1,12/06/1967,56,5,1,2,0,,768.0599999999999,46.5,74.40000000000001,120.9,202005,202009,188,120.9
290962670132,1,13/09/1965,57,5,1,2,0,6,4949.38,,395.95,395.95001,201512,202301,41,5683.86
291035050132,1,14/04/1968,55,5,1,2,0,6,1942.58,,155.41,155.41,201804,202301,130,932.04
291081850132,1,06/05/1968,55,5,1,2,0,,,,,,201402,201912,296,7352.92
291088390171,1,08/12/1998,24,1,,2,0,6,999.5,51.25,82,133.25,202205,202207,3,639.03
291213630132,1,27/06/1968,55,5,1,2,1,6,433.38,,82,82,201402,202306,793,84448.41000000003
291253580132,1,18/10/1968,54,4,1,2,0,,,,,,201402,201906,570,24754.53
291260770142,1,28/01/1985,38,3,1,10,0,,,,,,201606,201701,4,485.62
291278860132,1,07/12/1968,54,4,1,2,0,6,1206.53,,96.52,96.519997,201601,202302,226,13380.82
291338900132,1,01/09/1968,54,4,1,2,1,,,,,,201404,202306,375,49931.21000000001
291794100132,1,22/01/1968,55,5,1,2,1,,,,,,201402,202306,292,68543.32000000001
291844950132,1,27/05/1967,56,5,2,2,1,6,1366.73,,109.34,109.34,201402,202306,766,68711.85000000002
292023410132,1,29/10/1967,55,5,1,2,1,,,,,,201406,202306,345,8842.130000000001
292071580132,1,02/08/1969,53,4,1,2,1,6,228.51,,82,82,201404,202306,382,51609.03999999999
292222550132,1,08/10/1969,53,4,2,2,1,,1286.1,,102.89,102.89,201402,202306,281,50103.69
292243770132,1,08/10/1969,53,4,1,2,0,,,,,,201801,201802,12,294.27
292339590132,1,16/06/1968,55,5,1,2,1,,,,,,201504,202306,453,26837.82
292435210141,1,03/05/1983,40,3,1,2,0,,,,,,201406,202209,63,3223.29
292454210132,1,21/05/1970,53,4,2,2,0,6,690.71,42.5,68,110.5,201511,201704,22,2385.16
292534440132,1,03/09/1970,52,4,1,2,1,6,1396.11,,111.69,111.69,201402,202306,586,83275.17000000001
292634360132,1,26/10/1970,52,4,2,2,1,,,,,,201405,202306,468,24860.37
292805930132,1,13/06/1968,55,5,1,2,1,,54.92,,82,82,201405,202306,524,79842.15000000002
292950800132,1,29/06/1969,54,4,2,2,1,,988.47,,82,82,201402,202306,709,152742.55
292987930132,1,05/05/1970,53,4,1,2,1,6,356.9,,82,82,201512,202306,546,39665.26000000001
293001810132,1,19/04/1967,56,5,1,2,0,,,,,,201506,201506,2,
293040260148,1,12/06/1982,41,3,,19,0,,,,,,201706,201709,1,110.5
293167190143,1,03/11/1986,36,3,1,2,0,6,661.74,46.5,74.40000000000001,120.9,201506,201912,52,3184.99
293168960132,1,16/11/1965,57,5,1,2,0,6,12307.54,615.38,984.6,1599.98,202005,202007,130,4912.38
293170260143,1,19/06/1981,42,3,,2,0,6,640.83,46.5,74.40000000000001,120.9,201911,201911,2,120.9
293335650132,1,11/04/1972,51,4,2,2,1,6,230.45,,82,82,201402,202306,528,81977.60000000002
293395860132,1,26/02/1972,51,4,1,2,0,,,,,,201405,202305,504,124227.56
293417330132,1,29/11/1960,62,5,2,2,1,2,2600,,208,208,201503,202306,942,105446.6800000001
293515840132,1,14/05/1965,58,5,1,2,1,6,1486.8,,118.94,118.94,201405,202306,695,91442.92000000001
293517370132,1,28/05/1968,55,5,1,2,1,,,,,,201405,202306,737,70435.08
293542390132,1,15/09/1966,56,5,2,14,1,1,943.86,,82,82,201402,202306,814,240760.68
293544540132,1,23/01/1966,57,5,1,2,0,,,,,,202005,202212,85,2787.55
293561590132,1,19/03/1957,66,6,2,2,1,3,7362.89,,589.03,589.03003,201402,202306,579,151936.65
293699490132,1,30/07/1969,53,4,1,2,1,5,592.66,,82,82,201402,202306,603,67144.47
293750900117,1,13/03/1962,61,5,1,12,1,,,,,,201406,202306,193,4829.67
293752110146,1,07/03/1992,31,2,1,13,0,6,2782.68,,222.61,222.61,202006,202212,28,3518.27
293812870132,1,23/10/1968,54,4,1,2,1,6,2096.79,,167.74,167.74001,201405,202306,461,69273.19000000005
293890600132,1,19/12/1971,51,4,1,2,1,,1516.62,,121.33,121.33,201404,202306,251,46926.08000000002
293912260143,1,23/11/1986,36,3,1,18,0,,,,,,201506,201509,78,195
294043380132,1,13/08/1967,55,5,1,4,1,6,228.51,,82,82,201404,202306,317,47160.89999999999
294402770132,1,10/09/1972,50,4,1,12,1,2,243.51,,82,82,201405,202306,461,43032.94000000001
294437220132,1,26/06/1972,51,4,1,12,0,,,,,,201405,202110,117,3549.66
294623170144,1,17/02/1988,35,3,1,12,0,6,331.39,42.5,68,110.5,201506,201612,3,402.21
294728610132,1,06/06/1960,63,5,2,2,1,6,4146.53,,331.72,331.72,201402,202306,550,83709.49000000005
294731450132,1,11/07/1976,46,4,1,2,1,6,228.51,,82,82,201402,202306,352,48008.83
294805470132,1,11/10/1974,48,4,1,2,1,6,2539.74,,203.18,203.17999,201405,202306,723,91161.02
294813040132,1,05/03/1973,50,4,1,2,0,6,2756.53,,220.52,220.52,201405,202301,292,15159.22
294844030132,1,28/10/1975,47,4,1,2,1,6,4252.14,,340.17,340.17001,201402,202306,348,75703.41000000003
294859720132,1,26/07/1976,46,4,1,2,1,6,175.31,,82,82,201407,202306,237,40318.11
294863100132,1,06/05/1976,47,4,1,2,1,2,520.8099999999999,,82,82,201405,202306,679,114180.44
294896790142,1,06/04/1985,38,3,1,14,1,,94.92,,82,82,201403,202306,218,33289.76
294965420132,1,16/07/1970,52,4,2,2,0,,,,,,201606,201609,8,110.5
294997690132,1,08/02/1974,49,4,2,2,0,,,,,,201503,202204,103,23856.81999999999
295106480132,1,10/08/1973,49,4,1,2,0,6,4118.08,205.9,329.45,535.34998,201407,201511,128,7177.83
295159920132,1,04/08/1960,62,5,,2,1,1,1502.27,,120.18,120.18,201404,202306,968,191183.62
295170890132,1,06/09/1974,48,4,1,2,0,6,2773.91,138.7,221.91,360.60999,201405,202007,430,24961.01
295177210132,1,21/11/1958,64,5,2,2,1,,,,,,201405,202306,261,24104.17
295268380132,1,08/11/1975,47,4,1,2,0,6,1001.31,50.07,80.09999999999999,130.17,201704,201705,50,240.67
295282020132,1,09/12/1962,60,5,1,2,0,,,,,,201404,202211,369,27208.14000000001
295393280132,1,16/06/1957,66,6,2,2,1,3,2962.03,,236.96,236.96001,201403,202306,597,75063.51999999999
295443780132,1,09/01/1973,50,4,2,2,0,,,,,,201405,202005,133,1394.16
295528260132,1,20/09/1973,49,4,1,2,1,6,5170.15,,413.61,413.60999,201402,202306,478,104348.25
295666520132,1,07/05/1966,57,5,1,2,0,,,,,,201704,201807,353,1951.57
295684010132,1,23/01/1962,61,5,1,2,0,,,,,,201403,202109,905,26902.91
295693000132,1,05/08/1966,56,5,2,2,0,1,2348.49,,187.88,187.88,201504,202301,31,6615.54
295744470132,1,03/12/1975,47,4,1,2,0,,,,,,201405,201507,168,2928.08
296042650132,1,09/05/1971,52,4,2,2,0,6,17286.34,864.3200000000001,1382.91,2247.23,201906,202107,259,15555.94
296326530146,1,28/04/1992,31,2,,13,0,6,3497.39,174.87,279.79,454.66,202006,202007,5,836.28
296375560132,1,13/03/1971,52,4,2,2,1,4,7087.26,,566.98,566.97998,201405,202306,793,172175.73
296544350147,1,07/09/1993,29,2,,2,0,6,3122.53,156.13,249.8,405.92999,201704,202206,22,2536.33
296798160109,1,07/03/1972,51,4,2,14,1,,3844.03,,307.52,307.51999,202009,202306,397,8855.380000000001
297141280132,1,24/05/1975,48,4,1,2,1,6,229.15,,82,82,201406,202306,333,54347.23000000001
297162470109,1,18/09/1970,52,4,,2,0,,,,,,201404,201904,133,17369.69
297212600100,1,22/05/1969,54,4,1,14,1,6,129.27,,82,82,201403,202306,606,36009.57000000001
297377970132,1,23/03/1968,55,5,2,2,0,,,,,,201906,202302,502,3569.14
297385640132,1,09/07/1968,54,4,1,2,1,6,1616.03,,129.28,129.28,201402,202306,156,72375.29000000002
297441810173,1,23/12/1993,29,2,,2,0,,,,,,201706,202201,31,3343.5
297449240132,1,20/06/1976,47,4,1,2,0,5,1680.65,,134.45,134.45,202006,202301,26,1003.9
297656690132,1,23/04/1976,47,4,2,2,0,,,,,,201706,202005,32,17722.37
297714460132,1,07/04/1974,49,4,1,2,1,3,1315.44,,105.24,105.24,201405,202306,496,56850.25999999999
297734980132,1,10/01/1969,54,4,2,2,1,6,2555.52,,204.44,204.44,201402,202306,708,81609.2
297750260115,1,03/07/1963,59,5,1,14,1,6,3384.02,,270.72,270.72,201402,202306,594,60029.89000000001
297884950132,1,25/04/1957,66,6,2,2,1,6,3740.45,,299.24,299.23999,201405,202306,1137,101182.21
297914630115,1,17/06/1964,59,5,2,14,1,6,444.9,,82,82,201403,202306,520,40184.49
297996910132,1,27/09/1970,52,4,1,2,1,6,285.14,,82,82,201402,202306,565,72760.88
298115260132,1,09/09/1977,45,4,1,2,0,,,,,,202006,202112,36,840.28
298145600132,1,26/08/1977,45,4,1,2,1,6,239.45,,82,82,201706,202306,104,35286.35000000001
298202870132,1,30/08/1969,53,4,2,2,1,6,1787.9,,143.03,143.03,201402,202306,414,80921.98999999999
298288980132,1,06/06/1968,55,5,1,2,1,6,790.1900000000001,,82,82,201405,202306,398,80860.65000000001
298307510115,1,16/05/1966,57,5,1,14,1,6,37.44,,82,82,201506,202306,506,31518.30999999999
298362850132,1,17/08/1977,45,4,1,2,0,6,2866.24,143.31,229.3,372.60999,201512,201601,3,765.53
298365460132,1,09/11/1977,45,4,1,2,1,,2284.46,,182.76,182.75999,201707,202306,138,28322.71999999999
298392010132,1,14/02/1974,49,4,1,2,1,6,3891.89,,311.35,311.35001,201405,202306,525,106812.1
298418460132,1,28/12/1975,47,4,1,2,0,6,2481.43,,198.51,198.50999,202006,202302,8,1151.54
298757250132,1,16/12/1977,45,4,1,2,1,6,230.45,,82,82,201402,202306,466,72784.14000000003
298774830132,1,21/03/1958,65,6,2,2,1,,1125.75,,90.06,90.059998,201405,202306,518,29611.48
298824980115,1,03/03/1966,57,5,2,14,1,6,3729.14,,298.33,298.32999,201405,202306,352,75575.39000000001
298852230132,1,18/11/1976,46,4,1,2,1,,,,,,201504,202306,365,51914.88
298865060132,1,17/09/1977,45,4,2,2,0,,7312.44,365.62,585,950.62,201504,202105,148,11159.17
298990160132,1,30/09/1975,47,4,2,2,1,6,296.35,,82,82,201402,202306,519,83727.03000000003
299016920132,1,29/01/1977,46,4,1,2,0,,,,,,201406,201804,146,14969.67
299291040141,1,04/09/1983,39,3,1,2,0,,,,,,201701,201705,1,186.35
300213440170,1,13/06/1996,27,2,1,2,0,,,,,,201611,201703,10,938.52
300221050143,1,05/06/1985,38,3,1,10,0,,,,,,201402,202209,319,77340.08
300494120147,1,03/09/1989,33,2,,14,0,,,,,,202006,202105,1,241.8
300817190144,1,10/02/1986,37,3,1,19,0,,,,,,201803,201803,0,
300817250116,1,10/06/1955,68,6,2,14,0,,,,,,201405,202105,396,49939.28000000002
300897920116,1,19/10/1966,56,5,2,14,1,6,953.4400000000001,,82,82,201405,202306,659,75966.65000000002
30141500450713,1,10/05/1950,73,6,,14,0,,,,,,201512,201911,4,4408.95
301422510140,1,30/09/1974,48,4,1,14,1,,,,,,201404,202306,286,54002.19
301553890141,1,22/06/1981,42,3,1,2,1,6,2538.6,,203.09,203.09,201402,202306,388,63462.29000000001
301613780176,1,12/04/1999,24,1,1,14,0,,,,,,202011,202011,0,
301869190107,1,22/07/1956,66,6,2,2,1,4,3460.06,,276.8,276.79999,201406,202306,972,134807.56
302009770116,1,09/10/1966,56,5,2,14,1,6,5022.9,,401.83,401.82999,201406,202306,547,106945.64
302090420116,1,28/03/1971,52,4,,14,0,6,341,46.5,74.40000000000001,120.9,202005,202007,4,1516.63
302385480116,1,09/01/1978,45,4,2,14,1,5,864.55,,82,82,201404,202306,172,62299.11000000002
303281410173,1,04/05/1997,26,2,,19,0,6,5754.85,,460.39,460.39001,201611,202212,44,7415.290000000001
303408470140,1,12/12/1978,44,3,1,14,1,,326.09,,82,82,201403,202306,241,39501.07
304113760143,1,01/01/1982,41,3,1,14,0,,,,,,201602,201710,45,5045
304368250118,1,30/07/1964,58,5,2,12,1,5,2688.02,,215.04,215.03999,201405,202306,642,102737
304783910140,1,29/09/1973,49,4,2,2,0,6,7180.47,359.02,574.4400000000001,933.45996,201906,202007,6,1319.63
305149410110,1,08/01/1975,48,4,1,14,0,,,,,,202006,202202,244,4213.969999999999
305782640118,1,08/12/1966,56,5,1,2,1,,,,,,201402,202306,759,87046.73999999999
306125000140,1,23/12/1976,46,4,2,10,1,,,,,,201406,202306,388,62230.48999999999
306363970180,1,21/12/1977,45,4,,10,0,,,,,,201505,202305,141,37051.84999999999
306468120143,1,26/04/1985,38,3,2,14,1,6,388.54,,82,82,201611,202306,143,22546.54
306491940100,1,23/02/1963,60,5,1,2,1,6,2575.43,,206.03,206.03,201405,202306,469,73675.01999999999
307185280160,1,11/12/1998,24,1,1,10,0,,,,,,202112,202205,2,292.52
307380720141,1,26/03/1979,44,3,,14,0,,,,,,201407,201501,15,128.49
307707140140,1,16/10/1977,45,4,,2,0,,,,,,201607,201609,0,
307820540144,1,23/12/1986,36,3,1,14,1,,,,,,201402,202306,184,25055.37
307865820144,1,06/10/1972,50,4,,2,0,6,1469.68,73.48,117.57,191.05,201607,201607,3,191.05
307948060140,1,10/08/1976,46,4,1,19,1,6,337.16,,82,82,201405,202306,537,58618.47000000004
308387720174,1,11/03/1994,29,2,1,2,1,,,,,,202211,202306,14,1227.23
308477240146,1,03/10/1989,33,2,1,14,0,,,,,,201404,201708,21,2152.79
308628340119,1,05/11/1970,52,4,1,12,1,6,350.83,,82,82,201405,202306,517,79086.66
308967740144,1,22/09/1986,36,3,1,19,0,3,930,46.5,74.40000000000001,120.9,201406,201912,30,1302.6
309012380122,1,09/10/1958,64,5,1,10,1,6,2437.02,,194.96,194.96001,201405,202306,753,68960.45000000004
309101590143,1,22/06/1985,38,3,1,17,1,,,,,,201405,202306,253,58338.61
309192910175,1,25/01/1998,25,2,,13,0,6,1000,50,80,130,201801,201805,10,390
30919981690413,1,20/02/1977,46,4,,19,0,,,,,,201911,201911,0,
309220320147,1,25/06/1992,31,2,1,2,1,6,3073.82,,245.91,245.91,201511,202306,183,52069.33
309385130172,1,31/08/1999,23,1,,19,0,6,4814.21,,385.14,385.14001,202007,202301,26,7377.790000000001
309877550141,1,16/07/1979,43,3,1,2,0,,,,,,201404,201712,155,9359.920000000002
309920530148,1,09/06/1993,30,2,1,2,0,6,25.82,46.5,74.40000000000001,120.9,201811,201901,8,959.04
310044390132,1,09/08/1954,68,6,1,2,1,6,297.82,,82,82,201406,202306,970,90619.25999999999
310122930142,1,21/07/1982,40,3,1,10,1,6,1975.52,,158.04,158.03999,202111,202306,17,9423.789999999999
310286520132,1,12/07/1959,63,5,2,2,1,6,692.7,,82,82,201405,202306,705,45652.7
310332070140,1,15/09/1978,44,3,2,2,0,,,,,,201404,202305,218,27624.3
310440610132,1,06/06/1964,59,5,2,14,0,3,2430.75,121.54,194.46,316,201404,201804,401,6477.040000000001
310652070180,1,27/08/1978,44,3,2,24,1,6,685.75,,82,82,201404,202306,394,42104.14
310739060180,1,14/05/1978,45,4,1,14,0,6,4103.09,205.15,328.25,533.40002,201404,202007,362,26748.78999999999
310986030110,1,27/05/1971,52,4,1,2,0,,,,,,201403,201601,146,334.23
311218820108,1,18/01/1964,59,5,,14,0,6,166.57,42.5,68,110.5,201707,201707,2,110.5
311358590118,1,26/09/1969,53,4,1,12,0,,,,,,201404,201908,133,8859.98
311420430140,1,10/10/1978,44,3,1,24,0,,,,,,202005,202007,166,510.68
311603990132,1,23/01/1964,59,5,2,14,1,,,,,,201402,202306,790,145976.77
311718300148,1,19/12/1993,29,2,1,19,0,6,3887.82,194.39,311.03,505.42001,201406,201507,22,2582.1
311993150121,1,16/07/1969,53,4,1,14,1,,,,,,201406,202306,314,59815.71999999999
312066320132,1,07/05/1958,65,6,2,2,1,6,192.32,,82,82,201402,202306,720,66078.37000000001
312271150141,1,23/08/1981,41,3,1,14,1,6,2577.53,,206.2,206.2,201402,202306,281,72281.8
312307240132,1,25/08/1966,56,5,2,2,1,5,916.6,,82,82,201404,202306,122,52701.89
312484690132,1,26/01/1969,54,4,2,14,1,2,1576.1,,126.09,126.09,201402,202306,616,110769.33
312516780132,1,24/06/1971,52,4,1,2,1,6,190.44,,82,82,201504,202306,151,35114.86
312910180118,1,22/04/1973,50,4,1,12,0,,395.39,46.5,74.40000000000001,120.9,201801,202101,196,6244.129999999999
312967570170,1,02/11/1992,30,2,,2,0,,,,,,201512,201708,4,760.1600000000001
313107490132,1,23/01/1976,47,4,2,2,1,,,,,,201402,202306,505,58998.09
313397390132,1,04/06/1975,48,4,2,14,0,,,,,,201404,201908,146,9016.58
313512370132,1,27/03/1974,49,4,,2,0,,,,,,201710,201711,205,
313561310132,1,12/10/1961,61,5,2,2,0,,,,,,201404,201911,449,14530.08
313684060132,1,09/02/1966,57,5,2,2,1,6,1506.2,,120.5,120.5,201402,202306,470,75026.80000000002
314184700141,1,05/04/1981,42,3,1,19,1,6,42.22,,82,82,201403,202306,363,41382.83
315208800143,1,19/01/1980,43,3,1,19,0,6,1369.74,68.48999999999999,109.58,178.06999,201406,201407,11,383
315771390142,1,20/06/1953,70,6,2,15,0,,3749.7,187.49,299.98,487.47,201405,201503,130,25179.27
316506670141,1,11/02/1978,45,4,2,2,0,6,592.26,37.5,60,97.5,201405,201407,65,570.33
316688870146,1,29/01/1990,33,2,1,2,0,,,,,,201701,201803,7,842.1800000000001
316840720141,1,26/09/1981,41,3,1,2,0,6,6802.38,,544.1900000000001,544.19,201905,202212,25,5064.62
317539970118,1,08/01/1973,50,4,2,14,0,6,935.48,46.77,74.84,121.61,201402,201509,6,1151.26
318042310141,1,30/10/1980,42,3,1,10,1,6,1759.49,,140.76,140.75999,201407,202306,291,51588.79999999999
318070930141,1,31/07/1977,45,4,1,2,1,6,150.16,,82,82,201405,202306,115,13720.66
318159310142,1,21/03/1982,41,3,1,2,1,6,6361.57,,508.93,508.92999,201406,202306,324,98796.53999999999
319404230146,1,28/07/1985,37,3,1,14,0,6,7858.93,392.95,628.71,1021.66,201601,202101,120,22529.69
319540890140,1,17/01/1975,48,4,1,14,1,,,,,,201406,202306,255,45499.17999999999
319703860143,1,24/04/1985,38,3,1,13,0,,,,,,202110,202302,15,3170.86
319764870142,1,16/01/1984,39,3,2,2,1,,,,,,202006,202306,124,4076.14
319832880119,1,15/12/1960,62,5,2,12,1,6,1223.5,,97.88,97.879997,201406,202306,548,57126.72
319925340143,1,13/09/1985,37,3,1,19,0,6,119.24,37.5,60,97.5,201603,201603,3,97.5
320077680108,1,14/05/1964,59,5,2,14,0,,54.92,,82,82,201406,202305,639,106882.2
320229790145,1,20/03/1986,37,3,1,24,0,6,866.72,43.34,69.34,112.68,201405,201412,14,431.37
320509820141,1,02/09/1980,42,3,1,2,1,,,,,,201405,202306,253,17912.87
320646690180,1,25/04/1975,48,4,2,2,1,6,808.47,,82,82,201406,202306,247,58492.41
320656920180,1,02/09/1974,48,4,2,2,0,6,441.59,46.5,74.40000000000001,120.9,201911,201911,9,120.9
321118810140,1,31/05/1979,44,3,1,14,1,,652.17,,82,82,201604,202306,359,25962.49
321727490148,1,23/04/1994,29,2,1,19,0,6,5721.96,286.1,457.76,743.85999,201601,201602,2,841.36
321734210147,1,03/06/1992,31,2,1,2,0,6,3312.63,165.63,265.01,430.64001,202204,202207,7,961.8599999999999
321734640140,1,18/12/1978,44,3,1,14,1,,326.09,,82,82,201404,202306,215,17997.37
321901590119,1,25/03/1963,60,5,1,26,0,6,1486.17,74.31,118.89,193.2,201806,202007,64,2557.04
321960290173,1,03/02/1998,25,2,1,19,0,7,5023.61,251.18,401.89,653.07001,201812,202006,49,6376.7
322121200143,1,23/10/1985,37,3,,17,0,6,3506.5,175.33,280.52,455.85001,201506,201506,2,455.85
322573870180,1,01/01/1979,44,3,1,2,0,,379.47,,82,82,202101,202209,207,17990.93
322804760100,1,08/09/1957,65,6,2,2,1,,,,,,201404,202306,1160,25849.53
322854470100,1,27/02/1965,58,5,2,2,1,6,192.32,,82,82,201402,202306,482,80625.27
322855000100,1,13/11/1959,63,5,1,24,1,3,6089.75,,487.18,487.17999,201402,202306,1164,132096.83
323065970143,1,24/09/1985,37,3,2,17,0,,,,,,201402,201702,214,911.53
323113090143,1,15/10/1980,42,3,1,2,0,,,,,,201811,201811,11,
323489520147,1,30/08/1992,30,2,1,19,0,6,5220.13,261.01,417.61,678.62,201410,201712,6,1882.57
323514230129,1,08/07/1962,60,5,1,4,1,3,5557.7,,444.62,444.62,201406,202306,803,163543.72
323664600140,1,21/11/1976,46,4,2,14,1,6,742.21,,82,82,201406,202306,489,54843.63000000002
324088740119,1,09/11/1950,72,6,2,12,0,,,,,,201403,202007,277,13976.82
324194690147,1,18/08/1992,30,2,1,2,0,,,,,,202012,202101,1,120.9
324350310122,1,04/12/1965,57,5,1,10,0,,,,,,201512,201601,2,97.5
324852290122,1,31/01/1965,58,5,2,10,1,6,1949.72,,155.98,155.98,201406,202306,791,97817.47
325056200180,1,14/04/1979,44,3,2,2,0,,81.78,,82,82,202006,202301,45,12405.1
326179480133,1,11/05/1971,52,4,1,2,1,6,235.97,,82,82,201402,202306,469,63807.89
326320110133,1,04/04/1973,50,4,1,2,1,6,42.22,,82,82,201403,202306,327,43285.96
326429670180,1,19/06/1978,45,4,1,19,0,6,7259.46,362.97,580.76,943.72998,201406,201506,17,2964.59
326501300144,1,21/05/1987,36,3,1,19,0,6,3887.82,194.39,311.03,505.42001,201406,201507,22,2582.1
326508400101,1,30/12/1976,46,4,1,17,0,,467.87,46.5,74.40000000000001,120.9,201403,201903,198,3959.11
326559640133,1,20/08/1970,52,4,1,2,0,6,1735.73,86.79000000000001,138.86,225.64999,202006,202006,114,225.65
326592640133,1,21/04/1959,64,5,2,2,1,6,2215.84,,177.27,177.27,201406,202306,693,99379.57999999999
326597980144,1,14/01/1987,36,3,,19,0,,,,,,201601,202007,13,1665.34
327789040144,1,26/03/1987,36,3,1,19,0,6,1287.59,64.38,103.01,167.39,201606,201607,6,402.3
328236390174,1,10/12/2000,22,1,,19,0,,,,,,202204,202207,4,307.75
328363510144,1,07/05/1987,36,3,1,2,0,,,,,,201607,202112,25,843.4499999999999
328364720144,1,04/06/1987,36,3,,2,0,6,2741.83,137.09,219.35,356.44,202105,202106,2,356.44
328365150180,1,25/12/1974,48,4,1,14,0,6,4106.05,,328.48,328.48001,201611,202212,165,11171.9
328652640180,1,08/05/1977,46,4,,,0,,,,,,,,40,
328707990180,1,20/01/1955,68,6,1,2,0,,,,,,201410,202007,145,9874.109999999995
328765890122,1,22/02/1969,54,4,1,10,1,,,,,,201404,202306,569,48064.36
328810160172,1,03/12/1992,30,2,1,19,0,,,,,,201801,202304,143,5979.210000000003
328937160122,1,31/10/1969,53,4,1,14,1,6,1109.31,,88.73999999999999,88.739998,201405,202306,379,95275.12000000002
329083420122,1,12/07/1971,51,4,1,10,1,,280.07,,82,82,201404,202306,449,55813.7
329175820106,1,05/08/1964,58,5,1,2,0,,,,,,201701,201811,166,3490.4
329313030141,1,02/02/1982,41,3,1,24,0,,,,,,201405,202211,74,4980.5
329378710143,1,30/03/1983,40,3,1,13,0,6,1006.06,50.3,80.48,130.78,201405,201407,84,251.26
329839450115,1,26/08/1976,46,4,1,14,1,6,1360.19,,108.82,108.82,201404,202306,535,64704.51000000001
329882160141,1,23/09/1975,47,4,1,14,1,,,,,,201404,202306,334,30282.38
329946210101,1,10/05/1973,50,4,1,17,0,,,,,,201403,201802,119,4067.240000000001
330190450146,1,27/11/1989,33,2,1,19,0,6,1987,99.34999999999999,158.96,258.31,201406,201504,6,609.5699999999999
330304760101,1,21/09/1974,48,4,1,20,0,,,,,,201507,201905,168,665.96
330308370122,1,03/10/1972,50,4,1,10,1,4,4661.33,,372.91,372.91,201402,202306,507,103087.0000000001
330680890142,1,31/08/1981,41,3,,10,0,,,,,,201505,201511,86,1018.42
330796180145,1,04/09/1988,34,2,1,2,1,4,1760.08,,140.81,140.81,202005,202306,93,36067.07000000001
331235010140,1,01/06/1979,44,3,2,10,0,,,,,,201510,201907,18,2130.81
331409850146,1,06/11/1989,33,2,1,14,0,,,,,,201404,201408,4,235.1
331544200180,1,18/08/1977,45,4,1,19,0,,43.93,51.25,82,133.25,201405,202210,321,53764.79999999999
332113280141,1,03/06/1982,41,3,1,17,0,,,,,,201402,201612,101,5181.53
332524460100,1,23/07/1973,49,4,1,23,1,6,702.48,,82,82,201407,202306,556,104894.56
332660810142,1,27/03/1984,39,3,1,14,0,,2833.2,141.66,226.66,368.32001,201811,202203,32,11003.04
332915430141,1,01/01/1980,43,3,1,2,1,,356.9,,82,82,201512,202306,173,42241.39999999999
333177710177,1,29/12/1996,26,2,,13,0,6,1000,50,80,130,201801,201801,4,130
333315190119,1,20/10/1977,45,4,4,14,0,,,,,,201711,201712,2,432.8
334554020180,1,18/08/1979,43,3,1,14,1,,,,,,201811,202306,126,19490.5
334832340171,1,10/07/1994,28,2,1,2,0,6,3425.52,171.28,274.04,445.32001,201904,202105,12,2820.27
334912610141,1,13/05/1982,41,3,1,19,0,6,354.24,46.5,74.40000000000001,120.9,201906,201906,1,120.9
334999050180,1,17/05/1975,48,4,1,14,0,,,,,,201404,202204,153,15494.4
335273620173,1,25/07/1994,28,2,,15,0,6,3534.23,176.71,282.74,459.45001,201704,201705,2,569.95
335420040180,1,03/10/1979,43,3,1,2,1,6,228.51,,82,82,201404,202306,200,53197.52
335554650103,1,08/09/1965,57,5,1,19,1,6,129.27,,82,82,201408,202306,715,53992.84000000001
335650550140,1,15/09/1979,43,3,1,2,1,,,,,,201405,202306,347,26559.93
335956100142,1,29/03/1984,39,3,1,2,1,6,388.54,,82,82,201611,202306,138,45953.57000000001
336514840141,1,02/04/1981,42,3,1,2,0,,,,,,201511,201601,8,97.5
336616460140,1,01/02/1979,44,3,1,2,0,6,1269.25,,101.54,101.54,201405,202301,209,15527.28
337019270174,1,16/02/1995,28,2,,13,0,,4648.63,,371.89,371.89001,201905,202305,53,12121.27
337214310147,1,09/04/1992,31,2,1,13,0,6,929.63,46.5,74.40000000000001,120.9,201801,201807,17,1726.79
337251400103,1,14/04/1973,50,4,1,,0,6,1267.11,63.36,101.37,164.73,201405,201407,35,643.77
337862020180,1,04/02/1970,53,4,,2,0,6,668.6,,82,82,202111,202301,17,2153.19
338420790142,1,20/07/1982,40,3,1,19,0,6,1299.24,64.95999999999999,103.94,168.89999,201406,201507,17,812.6099999999999
338835600175,1,10/07/1997,25,2,,13,0,,,,,,202104,202203,15,3957.29
339461990144,1,28/09/1977,45,4,1,2,1,,,,,,201705,202306,65,5594.720000000001
339650270141,1,31/10/1980,42,3,2,10,1,,,,,,201402,202306,426,57507.44000000002
339687360172,1,11/05/1998,25,2,,2,0,,,,,,202005,202112,2,362.7
339767800171,1,27/04/1994,29,2,1,2,0,6,3439.65,171.98,275.17,447.14999,202111,202112,4,874.3599999999999
340926020144,1,22/04/1981,42,3,1,19,0,6,2849.44,142.47,227.96,370.42999,201811,201812,5,659.53
342213420104,1,17/11/1960,62,5,2,17,1,,,,,,201404,202306,567,41735.8
342334680119,1,19/01/1965,58,5,2,2,1,,,,,,201405,202306,306,69218.71999999999
342388100119,1,16/12/1967,55,5,2,2,0,,,,,,201707,201910,331,1667.87
342914950140,1,02/07/1979,43,3,1,10,1,5,336.58,,82,82,201404,202306,400,89057.75
343193670180,1,02/12/1977,45,4,1,2,0,,,,,,201601,201712,74,611.12
343666060180,1,30/05/1977,46,4,1,2,1,6,239.48,,82,82,201405,202306,212,27620.69
343939260180,1,29/09/1973,49,4,1,2,0,,,,,,202203,202207,3,409.39
344394180141,1,08/09/1982,40,3,1,19,0,,,,,,201505,201702,23,2119
344785140115,1,19/02/1963,60,5,2,14,1,,2723.79,,217.9,217.89999,201405,202306,470,37726.67000000001
345396110171,1,12/02/1993,30,2,1,10,0,,,,,,201601,202303,72,27498.8
345478490141,1,06/09/1982,40,3,1,14,0,,,,,,202006,202010,38,2524.11
345485530143,1,16/12/1985,37,3,,13,0,6,4577.22,228.86,366.18,595.03998,201801,201801,4,595.04
345660380172,1,23/11/1992,30,2,1,19,0,,,,,,201607,201609,4,902.52
346010720140,1,25/09/1977,45,4,2,17,1,,,,,,201404,202306,186,40583.88
346071140103,1,22/08/1965,57,5,2,19,1,,,,,,201402,202306,793,20763.02999999999
346075040125,1,25/01/1950,73,6,2,24,0,,2782.54,139.13,222.6,361.73001,201405,201807,591,69410.65000000001
346075100103,1,05/11/1962,60,5,,19,0,6,776.47,46.5,74.40000000000001,120.9,201509,202102,107,934.64
346134230103,1,18/04/1960,63,5,1,19,1,,442.72,,82,82,201405,202306,974,108824.67
346239040103,1,28/11/1963,59,5,2,19,1,,,,,,201402,202306,525,12006.84
346251730103,1,17/06/1961,62,5,1,19,0,,,,,,201711,201801,221,
346450930103,1,18/12/1958,64,5,2,19,0,,,,,,201402,202202,767,26735.22
346600850103,1,24/06/1963,60,5,2,19,1,,1691.37,,135.31,135.31,201405,202306,677,82206.46000000002
346891790176,1,08/10/2000,22,1,,13,0,6,4092,204.6,327.36,531.96002,201811,201812,4,1063.92
346910980106,1,24/07/1950,72,6,1,26,0,,,,,,201506,201707,0,
346981230103,1,10/10/1959,63,5,1,19,0,,,,,,201402,202012,745,13970.34999999999
347055920180,1,05/07/1967,55,5,1,19,0,6,13975.31,,1118.02,1118.02,201407,202212,52,13563.65
347458350175,1,07/10/1997,25,2,,2,0,,,,,,202006,202112,29,7117.689999999999
347676950143,1,16/02/1985,38,3,1,12,1,6,,,,,202011,202306,41,10181.92
348099660145,1,16/12/1988,34,2,1,19,0,,,,,,201603,202106,52,2378.06
348187970140,1,27/01/1980,43,3,1,2,0,,,,,,201402,202212,137,13109.23
348301540142,1,06/07/1984,38,3,1,2,1,6,1616.03,,129.28,129.28,201402,202306,253,63953.12000000001
348831010130,1,09/06/1971,52,4,1,17,1,,,,,,201404,202306,559,87530.37
348996800103,1,18/03/1967,56,5,2,19,1,,,,,,202304,202306,499,82
349047290103,1,03/10/1967,55,5,,19,0,6,935.4400000000001,46.77,74.84,121.61,201404,202108,314,874.8599999999999
349131920103,1,18/10/1968,54,4,1,19,0,,,,,,201403,201404,504,646.39
349389870103,1,01/11/1971,51,4,1,19,1,,,,,,201402,202306,705,25775.82999999999
349416570103,1,07/07/1972,50,4,1,19,0,6,504.12,42.5,68,110.5,201704,201705,8,649.04
349475600103,1,05/11/1971,51,4,2,24,0,,,,,,201407,201505,143,118.29
349973610103,1,15/02/1974,49,4,1,24,0,,,,,,201509,201912,20,1959.72
350150540103,1,19/09/1959,63,5,2,19,1,6,228.51,,82,82,201407,202306,675,46945.16
350168130103,1,11/09/1970,52,4,2,19,1,6,4252.14,,340.17,340.17001,201402,202306,483,78059.01000000001
350302460103,1,02/03/1965,58,5,2,19,0,,,,,,201402,202303,309,26693.36
350314600103,1,09/03/1976,47,4,1,19,0,,,,,,201402,202303,579,39223.39999999999
350316560103,1,15/09/1966,56,5,1,19,1,6,349.53,,82,82,201404,202306,676,40731.09000000001
350362870125,1,16/10/1966,56,5,2,24,0,6,1261.3,,100.9,100.9,202211,202212,519,254.32
350402750141,1,28/11/1981,41,3,1,19,1,,,,,,202101,202306,161,13307.51
350591750103,1,08/01/1972,51,4,2,24,1,6,199.3,,82,82,201407,202306,515,47678.66
350801170103,1,05/01/1978,45,4,1,19,1,,,,,,201402,202306,678,19988.12
350940950142,1,16/03/1983,40,3,1,17,1,2,78.68000000000001,,82,82,201403,202306,333,43091.24000000001
351238450144,1,02/05/1987,36,3,1,14,0,,,,,,201601,201610,4,305.5
352683080109,1,03/07/1962,60,5,2,14,1,6,1733.07,,138.65,138.64999,201405,202306,671,87875.83
352934960125,1,19/05/1958,65,6,2,24,1,,,,,,201402,202306,1016,57658.73000000001
353005650171,1,27/10/1993,29,2,,14,1,6,585.98,,82,82,201907,202306,44,17895.75999999999
354447190140,1,31/05/1980,43,3,1,2,1,6,3559.75,,284.78,284.78,201402,202306,321,77076.21000000002
354595550142,1,06/07/1984,38,3,1,19,0,6,5037.76,251.89,403.02,654.90997,201406,201507,22,2830.96
355772470143,1,23/08/1983,39,3,1,14,0,,,,,,201505,202211,44,7001.11
356129310144,1,04/10/1984,38,3,,14,0,,,,,,202011,202302,33,5302.12
356944180141,1,10/01/1980,43,3,1,19,0,,,,,,201506,201611,16,780
358701900140,1,14/07/1980,42,3,,17,0,6,3761.59,188.08,300.93,489.01001,201402,202107,45,843.36
358730380144,1,21/02/1987,36,3,1,2,0,,,,,,201511,202106,2,263.28
358856210180,1,06/08/1972,50,4,1,2,0,,,,,,201407,202112,158,54335.56
359032800141,1,27/09/1982,40,3,1,4,1,6,129.27,,82,82,201403,202306,255,25258.89
359138160140,1,12/05/1980,43,3,1,2,1,,1691.37,,135.31,135.31,201405,202306,349,78781.86
359138640145,1,25/01/1989,34,2,1,13,0,6,2366.43,118.32,189.31,307.63,201511,201601,8,939.8800000000001
359280300146,1,10/10/1990,32,2,1,19,0,,,,,,202005,202206,17,3694.89
359284870116,1,09/07/1969,53,4,2,13,0,,1603.51,,128.28,128.28,201611,202305,327,19587.12
359303510116,1,20/03/1969,54,4,1,2,0,1,6808.82,340.44,544.71,885.15002,201611,202012,73,10952.22
359360220117,1,01/08/1966,56,5,2,2,1,,,,,,201405,202306,297,62195.83999999999
359448040143,1,07/11/1985,37,3,,12,0,1,415.86,37.5,60,97.5,201403,201408,183,1568.36
359554060115,1,31/07/1949,73,6,1,14,0,,375.42,42.5,68,110.5,201404,201611,244,4295.059999999999
359612180117,1,01/06/1971,52,4,2,13,1,1,2433.66,,194.69,194.69,201405,202306,630,369920.57
359696370115,1,27/12/1957,65,6,2,14,1,,,,,,201404,202306,717,47674.81
359887940103,1,29/03/1958,65,6,1,19,0,6,4045.01,202.25,323.6,525.84998,201402,201702,137,9750.120000000001
359899330125,1,01/06/1956,67,6,2,24,1,6,1444.26,,115.54,115.54,201504,202306,691,80146.12000000001
360066520115,1,15/04/1953,70,6,2,14,0,3,1099.92,55,87.98999999999999,142.99001,201402,202004,606,26821.28
360074180141,1,03/09/1981,41,3,1,19,1,6,635.23,,82,82,201407,202306,330,74305.18999999999
360088440125,1,28/09/1963,59,5,2,24,1,,,,,,201404,202306,678,39493.36
360344020115,1,04/07/1965,57,5,2,14,1,6,2597.46,,207.8,207.8,201405,202306,734,125258.78
360832950142,1,30/06/1984,39,3,1,2,0,6,5601.98,280.1,448.16,728.26001,201705,202103,19,11651.56
361140350140,1,23/04/1980,43,3,1,2,1,6,1481.42,,118.51,118.51,201405,202306,367,81397.91999999998
361511740115,1,18/03/1951,72,6,1,14,0,,,,,,201706,202009,131,3806.71
361615920142,1,04/12/1983,39,3,1,14,1,,,,,,201404,202306,242,41019.87000000002
361725730115,1,15/04/1966,57,5,1,14,0,6,201.93,42.5,68,110.5,201601,201706,151,907.11
361735080115,1,12/04/1968,55,5,1,14,1,,2857.28,,228.58,228.58,201405,202306,751,177050.39
362246010180,1,25/12/1979,43,3,1,2,0,5,1026.62,51.33,82.13,133.46001,201701,201705,7,432.8
362250450180,1,23/12/1978,44,3,1,2,0,6,2637.92,,211.03,211.03,201811,202301,185,19518
362258420180,1,27/02/1979,44,3,2,2,0,,,,,,201905,202001,77,1491.89
362549220104,1,08/05/1959,64,5,1,17,1,6,284.01,,82,82,201407,202306,551,77373.54999999999
362604300115,1,18/10/1963,59,5,2,14,1,6,445.56,,82,82,201407,202306,410,62880.09000000002
362721200104,1,04/12/1954,68,6,2,17,0,,1354.13,67.70999999999999,108.33,176.03999,201812,201911,292,2169.96
362884980117,1,16/03/1973,50,4,1,2,1,,,,,,201402,202306,316,59333.70000000002
362906100117,1,08/11/1976,46,4,,13,0,6,794.5700000000001,42.5,68,110.5,201611,201701,9,751.5599999999999
363275130145,1,23/07/1982,40,3,1,2,1,6,157.1,,82,82,202011,202306,32,8116.640000000001
363414330104,1,08/01/1965,58,5,1,17,0,,,,,,201704,201710,16,2654.62
363588030104,1,17/07/1965,57,5,2,17,0,1,17410.53,870.53,1392.84,2263.3701,201505,202207,824,119600.87
363680450104,1,21/11/1966,56,5,1,17,0,6,3616.69,180.83,289.34,470.17001,201407,201511,432,6683.59
363740310116,1,21/04/1971,52,4,2,13,1,,724.88,,82,82,201405,202306,340,90864.29000000002
363777490109,1,17/12/1973,49,4,2,14,0,6,1018.15,,82,82,202001,202305,77,11933.25
363860490115,1,24/04/1951,72,6,2,14,0,,,,,,201404,201407,429,867.8099999999999
363869890115,1,02/10/1963,59,5,1,14,0,,,,,,201402,202303,601,28022.62
363888550115,1,23/07/1965,57,5,2,14,0,6,233.54,42.5,68,110.5,201504,201607,264,609.6500000000001
363911480115,1,25/05/1962,61,5,2,14,1,,,,,,201404,202306,845,87752.11999999998
363935690115,1,06/06/1959,64,5,1,14,1,,,,,,201404,202306,161,28093.11
363942280115,1,02/10/1962,60,5,2,14,0,6,153.45,,82,82,201611,202302,416,19193.33
364039940115,1,06/09/1965,57,5,1,14,1,,,,,,201404,202306,342,38912.51999999999
364058380115,1,27/09/1966,56,5,1,14,1,,,,,,201405,202306,462,46047.2
364080940115,1,17/04/1970,53,4,1,14,1,,,,,,201811,202306,362,25537.77999999999
364087380115,1,15/11/1970,52,4,1,14,1,6,981.09,,82,82,201407,202306,536,63891.26999999999
364107610115,1,30/12/1972,50,4,2,14,1,6,1261.59,,100.93,100.93,201405,202306,356,74892.34000000003
364113650115,1,19/07/1973,49,4,1,15,1,6,981.09,,82,82,201404,202306,553,62398.56
364154180115,1,16/12/1976,46,4,1,14,1,6,39.1,,82,82,201602,202306,177,20006.64
364500910104,1,21/05/1970,53,4,1,17,0,,,,,,201404,201504,672,3133.24
364598630104,1,19/09/1958,64,5,2,17,0,,,,,,201404,202304,733,183394.73
364689450140,1,18/07/1978,44,3,1,14,1,6,418.53,,82,82,201406,202306,262,44244.50000000001
364780850104,1,30/03/1973,50,4,1,17,0,,,,,,201504,201701,70,1309.36
364960200147,1,22/12/1991,31,2,1,14,0,,,,,,202102,202209,33,10722.7
364983810104,1,10/03/1959,64,5,2,17,1,,,,,,201402,202306,762,108627.3
365108030143,1,31/12/1985,37,3,,19,0,6,5008,250.4,400.64,651.03998,202006,202006,2,651.04
365170670115,1,14/10/1958,64,5,2,14,1,6,2215.84,,177.27,177.27,201406,202306,564,101470.05
366124880140,1,24/02/1979,44,3,1,2,1,6,77.92,,82,82,201402,202306,342,37145.55
366352540102,1,27/08/1956,66,6,1,19,0,,8333.33,416.67,666.67,1083.34,201403,202111,429,33326.24
366388680103,1,04/09/1973,49,4,2,19,1,,1500,,120,120,201404,202306,412,82677.39000000001
366729430177,1,13/04/1996,27,2,,14,0,6,4180.55,209.03,334.44,543.46997,202203,202207,16,2124.59
367291110140,1,26/09/1980,42,3,2,10,0,,13939.84,696.99,1115.19,1812.1799,201707,202202,87,41476.65
368355240141,1,05/04/1983,40,3,1,14,1,,,,,,201404,202306,331,38283.62999999999
368374450125,1,21/08/1971,51,4,2,24,1,6,1546.03,,123.68,123.68,201405,202306,487,99351.46000000001
368456340142,1,10/10/1984,38,3,,12,0,6,3604.65,180.23,288.37,468.60001,201406,201705,53,1601.92
368726210108,1,09/09/1966,56,5,2,14,1,5,4071.03,,325.68,325.67999,201406,202306,607,88783.79000000002
369080010115,1,19/05/1960,63,5,2,14,1,5,1165.82,,93.27,93.269997,201406,202306,714,72721.64000000001
369345250141,1,16/08/1975,47,4,1,13,0,,,,,,201903,201903,73,
369642120103,1,15/02/1976,47,4,1,19,1,3,57.24,,82,82,201403,202306,391,35273.93999999999
369768630125,1,10/06/1966,57,5,2,24,1,,4210.75,,336.86,336.85999,202010,202306,45,24726.67
369863830116,1,30/03/1969,54,4,1,2,1,6,77.92,,82,82,201402,202306,425,41002.46999999999
369912210103,1,28/11/1970,52,4,2,19,1,6,3906.45,,312.52,312.51999,201405,202306,592,81998.54000000001
369964120103,1,30/11/1965,57,5,2,19,0,,,,,,201402,202303,340,27744.74999999999
370449170142,1,15/08/1982,40,3,,14,0,,,,,,201406,201710,36,6019.57
371414660115,1,28/02/1970,53,4,1,14,0,6,5949.88,297.49,475.99,773.47998,201504,201504,53,773.48
371422460115,1,22/05/1970,53,4,2,14,1,,593.08,,82,82,201404,202306,533,55844.22000000002
371550870102,1,20/03/1967,56,5,2,19,1,6,980.4400000000001,,82,82,201402,202306,752,76654.14000000001
371635200146,1,26/12/1990,32,2,1,19,0,,,,,,201811,201903,2,120.9
371664710141,1,18/11/1982,40,3,1,14,0,,,,,,201404,201812,244,9749.629999999999
371718040102,1,19/08/1964,58,5,2,19,1,6,627.39,,82,82,201402,202306,491,68704.40000000001
371757440141,1,15/09/1982,40,3,1,14,0,,,,,,201404,202008,173,11316.89
371789250141,1,13/12/1982,40,3,1,24,1,3,2133.99,,170.72,170.72,201407,202306,497,68516.75999999998
371875940115,1,08/09/1965,57,5,2,2,1,,1691.37,,135.31,135.31,201405,202306,554,59150.95000000001
372279810115,1,20/02/1969,54,4,,14,1,,,,,,201711,202306,250,16763.29
372366960143,1,06/07/1986,36,3,1,2,1,,129.98,,82,82,201611,202306,150,19293.11
372532570115,1,19/11/1970,52,4,2,14,0,6,7995.99,,639.68,639.67999,201404,202305,525,31492.4
372573220115,1,07/02/1971,52,4,2,14,1,,,,,,201404,202306,231,31666.07000000001
372819140141,1,24/06/1983,40,3,2,12,0,6,2671.73,,213.74,213.74001,201504,202302,121,12334.96
372878010116,1,21/11/1974,48,4,1,13,0,6,121.4,46.5,74.40000000000001,120.9,201804,201912,20,3148.99
373040930115,1,24/10/1968,54,4,1,14,0,6,343.22,,82,82,202205,202301,201,4807.52
373043050143,1,28/04/1968,55,5,,2,0,6,875.08,43.75,70.01000000000001,113.76,201704,201705,2,224.26
373250040132,1,01/04/1969,54,4,2,2,0,,,,,,201512,201804,194,3055.16
373273740132,1,26/02/1972,51,4,1,2,0,6,7670.01,383.5,613.6,997.09998,202011,202012,65,1312.87
373277360116,1,04/03/1968,55,5,,13,0,6,3167.57,158.38,253.41,411.79001,201601,201601,2,411.79
373282960132,1,18/10/1970,52,4,1,14,0,,,,,,201402,201507,317,1037.41
373306660132,1,08/11/1970,52,4,1,2,0,,,,,,201404,202305,377,45836.17999999999
373404520132,1,05/09/1972,50,4,1,26,1,6,2555.52,,204.44,204.44,201402,202306,272,74684.73000000001
373413120132,1,10/04/1972,51,4,2,2,1,,,,,,201405,202306,315,41882.08
373428850146,1,28/08/1991,31,2,1,19,0,,,,,,201708,201710,1,110.5
373431770132,1,26/10/1973,49,4,1,2,0,,,,,,201901,201907,1,472.4
373459950132,1,04/10/1967,55,5,1,2,1,,220,,82,82,201405,202306,578,81234.31
373488030144,1,09/09/1987,35,3,1,2,0,6,1394.92,69.75,111.59,181.34,202011,202101,10,1205.59
373647300142,1,23/09/1984,38,3,,,0,,,,,,,,0,
373654530132,1,30/06/1964,59,5,2,2,0,,,,,,201402,201902,427,20004.75
373678790125,1,17/12/1966,56,5,1,24,0,,,,,,202102,202207,141,
373769000132,1,09/12/1976,46,4,1,2,1,6,77.92,,82,82,201404,202306,393,38255.28999999999
373802670173,1,16/09/1995,27,2,1,14,0,6,1352.51,67.63,108.2,175.83,201601,201706,14,661.22
373806990125,1,15/05/1967,56,5,2,19,0,6,4186.59,209.33,334.93,544.26001,202111,202206,445,3753.26
373893610125,1,05/05/1968,55,5,2,24,1,6,190.44,,82,82,201404,202306,516,37216.45
373907330102,1,17/04/1960,63,5,2,19,1,2,2418.91,,193.51,193.50999,201405,202306,1003,157778.34
373920320132,1,23/11/1965,57,5,1,2,1,,1035.89,,82.87,82.870003,201406,202306,134,47319.98
373949250132,1,01/04/1963,60,5,1,,1,6,2678.97,,214.32,214.32001,201402,202306,501,91056.07000000001
373983920102,1,06/08/1957,65,6,2,19,0,,,,,,201402,201903,744,8354.75
374003560115,1,13/04/1972,51,4,1,4,1,6,627.39,,82,82,201402,202306,563,68447.76000000001
374010710102,1,29/06/1963,60,5,1,19,0,,,,,,201402,201412,475,848.3199999999999
374142790102,1,17/06/1964,59,5,1,19,0,6,3819.92,191,305.59,496.59,201406,201506,17,2642.48
374349400102,1,16/08/1968,54,4,2,19,0,6,2467.01,123.35,197.36,320.70999,202011,202207,341,7328.059999999999
374569600125,1,23/05/1971,52,4,2,19,0,,,,,,201705,201907,442,1236.29
374892880104,1,29/01/1977,46,4,1,,0,,95.09,37.5,60,97.5,201506,201506,9,97.5
374963160115,1,23/11/1972,50,4,1,11,1,2,962.63,,82,82,201405,202306,725,135462.76
375554700140,1,25/05/1974,49,4,,24,0,,,,,,202005,202007,3,429.11
375606810141,1,19/12/1976,46,4,2,10,1,2,26.48,,82,82,201511,202306,438,53693.35000000001
375640740145,1,18/06/1989,34,2,1,13,0,6,918.75,46.5,74.40000000000001,120.9,202006,202007,3,474.0600000000001
375767760145,1,12/12/1988,34,2,1,14,1,5,745.33,,82,82,201410,202306,192,37090.9
375823170102,1,13/10/1950,72,6,2,19,0,,,,,,201505,201611,34,923
375827280102,1,11/10/1957,65,6,2,19,1,6,638.86,,82,82,201405,202306,591,77086.22
375861200115,1,19/07/1977,45,4,2,14,1,3,3296.54,,263.72,263.72,201405,202306,509,72097.97000000002
375960690115,1,23/03/1969,54,4,1,14,0,,,,,,201405,201905,116,8094.52
375990600115,1,27/10/1976,46,4,1,14,1,,3534.53,,282.76,282.76001,201404,202306,391,29989.48
376102270115,1,27/10/1977,45,4,1,14,1,,,,,,201811,202306,89,16820.97
376104370115,1,14/02/1977,46,4,1,14,1,,,,,,201404,202306,363,53200.7
376118120132,1,24/03/1960,63,5,,2,0,,,,,,201601,201601,344,
376230680108,1,24/06/1956,67,6,2,14,0,,1372.87,,109.83,109.83,202005,202305,42,15358.02
376285690132,1,11/11/1965,57,5,1,2,1,1,3602.06,,288.16,288.16,201405,202306,859,267900.22
376520590132,1,06/08/1957,65,6,1,2,0,6,1751.93,,140.15,140.14999,201606,202301,372,3807.700000000001
376607170142,1,28/12/1984,38,3,2,14,1,6,981.09,,82,82,201408,202306,292,62511.78
376685860132,1,27/01/1963,60,5,1,2,1,,,,,,201404,202306,699,83477.01000000001
376766510171,1,20/12/1994,28,2,,19,0,6,776.77,46.5,74.40000000000001,120.9,202006,202101,9,2009.26
377268670132,1,19/11/1961,61,5,2,2,1,6,4380.74,,350.46,350.45999,201406,202306,625,95146.60000000001
377304050125,1,12/12/1968,54,4,2,14,0,,741.35,42.5,68,110.5,201406,201803,472,27848.95999999999
377339000125,1,05/05/1962,61,5,2,19,0,,,,,,201402,201702,406,582.3000000000001
377438390144,1,11/08/1987,35,3,2,2,0,,,,,,201912,202007,1,321.46
377759270171,1,18/10/1991,31,2,1,14,0,,,,,,201911,202005,6,125.04
377899490143,1,02/09/1986,36,3,2,19,0,,,,,,201511,201708,10,5048.48
378015240132,1,12/07/1964,58,5,1,2,1,6,4708.87,,376.71,376.70999,201402,202306,721,87514.12000000002
378061980125,1,28/02/1971,52,4,2,24,1,6,199.3,,82,82,201407,202306,555,43092.12999999999
378099570116,1,03/04/1978,45,4,1,13,0,6,1006.06,50.3,80.48,130.78,201405,201407,18,251.26
378154740121,1,10/10/1963,59,5,2,10,1,,2196.59,,175.73,175.73,201404,202306,823,74200.77000000005
378325010141,1,16/03/1981,42,3,1,19,0,,,,,,201803,202107,106,4362.870000000001
378398560132,1,17/12/1955,67,6,1,2,1,6,285.14,,82,82,201402,202306,367,56565.88
378421490132,1,10/02/1961,62,5,2,2,1,2,2000.22,,160.02,160.02,201405,202306,707,176690.01
378425870132,1,03/02/1966,57,5,2,2,1,6,388.54,,82,82,201404,202306,516,43622.87
379006170102,1,06/03/1967,56,5,1,19,1,6,1679.29,,134.34,134.34,201405,202306,627,85714.07000000002
379021360121,1,30/01/1965,58,5,1,4,0,,,,,,201404,202305,593,52555.68000000001
379126690132,1,14/08/1963,59,5,2,2,1,6,2327.85,,186.23,186.23,201405,202306,583,90554.48000000001
379161150102,1,10/05/1968,55,5,1,19,0,,1277.66,63.88,102.21,166.09,201406,201507,12,2209.87
379305790102,1,01/09/1971,51,4,2,24,0,,,,,,201402,202303,504,76373.81
379525610132,1,23/02/1961,62,5,2,2,1,3,5563.65,,445.09,445.09,201402,202306,770,208504.4999999999
379784540140,1,09/02/1980,43,3,1,2,1,6,579.67,,82,82,201407,202306,314,64192.68
379890700100,1,22/05/1970,53,4,,17,1,2,3804.3,,304.34,304.34,201407,202306,643,94240.36
379977320132,1,03/08/1955,67,6,2,2,0,,,,,,201405,201802,149,4666.440000000001
379988270132,1,04/03/1952,71,6,3,2,0,,,,,,201406,201611,438,13986.94
380131330132,1,07/02/1963,60,5,1,2,1,6,57.24,,82,82,201706,202306,130,8827.830000000002
380131880147,1,12/06/1993,30,2,1,13,0,6,2355.64,117.78,188.45,306.23001,201405,201407,6,306.23
380188040132,1,13/06/1962,61,5,1,2,1,6,1874.96,,150,150,201404,202306,368,33902.35000000001
380302750110,1,23/06/1974,49,4,2,2,1,6,139.29,,82,82,201402,202306,457,57447.88
380305160172,1,21/04/1993,30,2,1,19,0,6,240.23,42.5,68,110.5,201502,201612,57,3055.21
380684840119,1,07/03/1964,59,5,1,11,1,,,,,,201806,202306,97,26976.16
381282530125,1,25/06/1975,48,4,1,24,0,,1925.67,96.28,154.05,250.33,202101,202107,0,2589.71
381580400140,1,19/01/1981,42,3,,14,0,,,,,,201606,201608,107,439.9
381581220121,1,08/08/1970,52,4,1,10,0,,,,,,201404,202305,310,25387.67999999999
381675930132,1,18/08/1961,61,5,2,2,0,,,,,,201706,201707,383,260.5
381882330147,1,01/06/1993,30,2,1,19,0,3,1000,50,80,130,201905,201906,5,250.9
382142420130,1,20/04/1962,61,5,4,4,1,6,627.39,,82,82,201402,202306,971,69002.02
382312380132,1,01/02/1960,63,5,1,2,1,6,981.09,,82,82,201407,202306,324,54279.28
382483870121,1,09/02/1973,50,4,2,10,1,,,,,,201408,202306,680,75346.74000000002
382849850144,1,06/01/1988,35,3,1,19,0,,,,,,201402,201904,308,7752.509999999997
382969680125,1,31/05/1966,57,5,2,24,1,,,,,,201606,202306,293,7824.639999999999
383024830132,1,14/02/1965,58,5,1,2,1,6,556.84,,82,82,201407,202306,567,64099.05999999998
383131500144,1,26/01/1977,46,4,1,19,0,,,,,,201402,201912,173,11836.15
383409430102,1,27/12/1971,51,4,2,24,1,6,199.3,,82,82,201407,202306,184,34026.06
383700910102,1,25/01/1972,51,4,1,19,0,6,1299.24,64.95999999999999,103.94,168.89999,201406,201507,17,812.6099999999999
383739360130,1,01/04/1968,55,5,1,4,1,,1125.75,,90.06,90.059998,201405,202306,132,11024.43
383838970143,1,25/03/1984,39,3,1,2,1,,,,,,202006,202306,4,2006.47
384081610132,1,21/01/1960,63,5,2,2,1,6,1570.36,,125.63,125.63,201402,202306,580,58816.66000000002
384218490121,1,11/12/1957,65,6,2,10,0,,,,,,201404,202305,401,45746.77
384221970142,1,31/01/1985,38,3,2,24,0,,,,,,201407,202012,232,20138.53
384459470140,1,27/01/1976,47,4,1,17,1,6,72.79000000000001,,82,82,201912,202306,289,11102.84
384462010102,1,04/11/1972,50,4,1,19,0,6,8181.99,409.1,654.5599999999999,1063.66,201407,201505,308,3342.21
384541460132,1,02/03/1965,58,5,1,2,0,,,,,,201407,201408,266,168.99
384547820115,1,26/03/1974,49,4,1,14,0,,,,,,201404,202305,387,25214.98999999999
384876980132,1,23/11/1964,58,5,1,2,1,6,1707.71,,136.62,136.62,201405,202306,849,118126.9
384927260115,1,06/11/1970,52,4,2,14,1,2,635.36,,82,82,201404,202306,630,52881.60999999999
384936320102,1,06/12/1974,48,4,2,19,0,6,611.8,,82,82,201402,202304,886,12427.98999999999
385199170132,1,02/11/1959,63,5,1,2,1,,,,,,201405,202306,804,30185.48000000001
385248510121,1,27/09/1965,57,5,2,10,1,6,536.34,,82,82,201407,202306,652,100452.38
385258310115,1,13/01/1969,54,4,2,14,1,5,714.17,,82,82,201405,202306,668,113267.35
385273990121,1,27/11/1958,64,5,2,10,1,6,283.39,,82,82,201407,202306,538,76594.54000000001
385275920115,1,23/06/1969,54,4,1,19,0,,,,,,201801,202107,334,15909.31
385292750115,1,23/02/1969,54,4,2,14,1,6,3409.94,,272.8,272.79999,201405,202306,629,88961.54000000004
385377060102,1,26/10/1974,48,4,1,19,0,,,,,,201611,201612,1,110.5
385395870125,1,21/11/1969,53,4,1,24,1,6,722.8,,82,82,201402,202306,246,52781.71000000001
385408190121,1,13/03/1967,56,5,2,10,0,,,,,,201404,202305,385,36298.84
385413040121,1,23/08/1971,51,4,2,10,0,6,4809.34,240.47,384.75,625.21997,201407,201511,238,5420.48
385420150121,1,16/09/1972,50,4,2,10,1,6,37.44,,82,82,201506,202306,546,31033.10999999999
385581560115,1,24/03/1962,61,5,1,14,1,,,,,,201404,202306,502,50858.06000000001
385644240132,1,13/05/1964,59,5,1,2,0,,,,,,201601,201601,462,
385739720102,1,09/03/1976,47,4,1,19,0,6,9499.280000000001,474.96,759.9400000000001,1234.9,202005,202007,277,2701.45
385828710121,1,16/12/1969,53,4,2,2,0,,348.42,37.5,60,97.5,201505,201604,398,1109.4
385961150143,1,29/09/1986,36,3,1,2,0,,2984.07,149.2,238.73,387.92999,201707,202204,54,29246.19
386110490115,1,27/07/1974,48,4,1,4,0,,,,,,201403,201804,409,4560.47
386177930132,1,27/11/1966,56,5,1,2,1,6,238.63,,82,82,201405,202306,411,91227.79000000001
386290330132,1,08/01/1966,57,5,1,2,0,3,1038.48,,83.08,83.080002,201511,202301,291,6110.280000000001
386317550141,1,24/01/1981,42,3,1,2,1,,,,,,202011,202306,43,6473.540000000001
386337750130,1,23/11/1971,51,4,1,2,1,6,285.14,,82,82,201402,202306,428,69106.01000000001
386451320115,1,11/03/1969,54,4,1,14,1,,,,,,201404,202306,240,38127.69
386495040132,1,09/07/1966,56,5,2,2,1,6,297.82,,82,82,201406,202306,312,91202.72
386502530102,1,04/10/1972,50,4,,19,0,6,168.46,46.5,74.40000000000001,120.9,201402,202107,361,11623.04
386586320141,1,02/07/1983,39,3,1,14,1,,165.81,,82,82,201405,202306,207,35942.19000000001
386681550115,1,29/03/1977,46,4,1,14,0,,1673.09,83.65000000000001,133.85,217.5,201404,201804,302,14429.18
386783750102,1,04/02/1973,50,4,2,19,0,6,3887.82,194.39,311.03,505.42001,201406,201507,22,2625.06
386790720102,1,09/08/1971,51,4,1,19,0,,,,,,201506,201702,25,1654.25
386790810102,1,19/05/1974,49,4,,19,0,,,,,,201506,201702,24,2340
387031060103,1,01/12/1974,48,4,2,19,1,6,112.51,,82,82,201503,202306,148,23537.75
387282330132,1,18/09/1971,51,4,2,2,1,4,3838.09,,307.05,307.04999,201402,202306,613,115142.12
387351810171,1,12/03/1999,24,1,,2,0,6,2337.05,116.85,186.96,303.81,202207,202207,1,303.81
387443600121,1,11/10/1975,47,4,2,10,1,6,1813.58,,145.09,145.09,201501,202306,258,94606.74000000002
387552920121,1,19/09/1972,50,4,1,10,0,6,1853.27,92.66,148.26,240.92,201606,202202,57,21347.32
387574110132,1,04/05/1971,52,4,1,2,1,6,774.87,,82,82,201402,202306,362,102920.44
387598140140,1,18/11/1980,42,3,1,14,0,6,850.18,42.51,68.01000000000001,110.52,201706,201706,151,110.52
387614780146,1,24/12/1990,32,2,1,14,0,,,,,,201711,201806,62,2349.49
388196670121,1,11/03/1959,64,5,2,10,1,3,11120.79,,889.66,889.65997,201407,202306,957,149665.31
388234560173,1,06/09/1993,29,2,1,2,0,6,294.65,42.5,68,110.5,201505,201701,18,221
388415200170,1,12/05/1994,29,2,1,19,0,,,,,,201711,201902,0,
388564410103,1,09/02/1972,51,4,1,2,0,5,13963.99,698.2,1117.12,1815.3201,201402,202207,340,93405.29000000001
388574630102,1,26/06/1963,60,5,2,19,0,,,,,,201402,201708,319,5821.95
388635460103,1,15/10/1970,52,4,2,19,1,6,3135.3,,250.82,250.82001,201405,202306,547,93041.75999999998
388739910132,1,13/05/1970,53,4,2,17,1,6,370.87,,82,82,201403,202306,466,38667.15
388757240132,1,07/08/1958,64,5,2,2,1,6,1499.32,,119.95,119.95,201407,202306,720,47615.80000000001
389132890132,1,27/08/1956,66,6,2,2,1,,,,,,201402,202306,488,62098.81000000001
389136150102,1,06/12/1967,55,5,2,19,0,6,11820,591,945.6,1536.6,201512,202007,12,1881.1
389231380132,1,31/10/1959,63,5,2,2,1,1,18805.19,,1504.42,1504.42,201402,202306,1164,329720.79
389301810132,1,02/04/1964,59,5,2,2,1,,,,,,201804,202306,399,16711.85
389512540132,1,01/05/1958,65,6,2,2,1,6,1787.9,,143.03,143.03,201402,202306,571,65788.82000000001
389540700117,1,13/03/1952,71,6,1,2,1,,,,,,201405,202306,193,11415.72
389545280146,1,01/03/1991,32,2,1,2,0,,,,,,201506,201708,34,3086.71
389952900132,1,25/12/1965,57,5,1,2,1,6,3004.35,,240.35,240.35001,201402,202306,869,111502.27
389953500103,1,24/10/1977,45,4,1,19,0,6,13975.31,,1118.02,1118.02,201406,202212,64,16920.25
390007140117,1,17/04/1959,64,5,1,12,0,,,,,,201404,202109,671,20969.67
390045920132,1,15/12/1960,62,5,1,2,1,6,2328.62,,186.29,186.28999,201405,202306,1011,135934.81
390136580143,1,16/12/1985,37,3,1,19,0,5,1254.58,62.73,100.37,163.10001,201404,201404,8,163.1
390144430103,1,14/01/1961,62,5,1,19,0,1,930,46.5,74.40000000000001,120.9,201406,201912,41,1774.5
390243810143,1,17/01/1985,38,3,1,14,1,,,,,,201405,202306,132,8141.799999999997
390297680132,1,21/01/1970,53,4,2,2,0,6,11022.05,,881.76,881.76001,201911,202301,161,25122.06
390313510132,1,17/01/1970,53,4,1,2,1,6,1061.42,,84.91,84.910004,201405,202306,606,90462.54999999999
390540280132,1,16/06/1967,56,5,1,2,1,,,,,,201405,202306,131,12157.86
390615200132,1,14/08/1967,55,5,2,2,1,2,14046.53,,1123.72,1123.72,201405,202306,875,266253.23
390832330145,1,05/01/1966,57,5,1,13,0,6,2355.64,117.78,188.45,306.23001,201405,201407,6,306.23
390858650132,1,25/11/1967,55,5,2,14,1,,494.23,,82,82,201711,202306,424,19973.64
390914220175,1,03/07/1997,25,2,1,12,0,6,7010.03,350.5,560.8,911.29999,201703,201906,8,1813.1
391185180140,1,03/11/1980,42,3,1,19,0,6,12225.43,611.27,978.03,1589.3,202011,202101,143,3361.41
391383410132,1,28/06/1964,59,5,1,2,1,6,562.14,,82,82,201402,202306,652,57296.75
391401560132,1,28/09/1968,54,4,1,2,1,,65.02,,82,82,201404,202306,342,28371.12999999999
391528800132,1,06/04/1967,56,5,2,2,0,,930,46.5,74.40000000000001,120.9,201905,201912,7,727.4799999999999
391903020132,1,30/01/1962,61,5,1,2,0,,,,,,201405,201610,385,1450.39
391909370132,1,26/01/1969,54,4,1,2,1,6,2395.23,,191.62,191.62,201405,202306,561,77633.80000000002
391942110132,1,12/02/1968,55,5,1,2,0,,,,,,201611,202206,432,17748.36
391978080132,1,23/09/1969,53,4,2,2,1,6,4252.14,,340.17,340.17001,201402,202306,568,72941.50999999998
392125550132,1,03/06/1969,54,4,1,2,1,,,,,,201402,202306,465,9040.860000000001
392173320132,1,31/05/1969,54,4,1,2,1,,,,,,201402,202306,399,73298.52000000002
392221450132,1,26/10/1948,74,6,1,2,0,,,,,,201405,201610,157,8158.51
392228860145,1,27/06/1989,34,2,1,24,0,,,,,,201405,202205,151,16081.45
392322830132,1,29/12/1969,53,4,2,2,1,,417.35,,82,82,201402,202306,728,65368.25000000001
392341250146,1,11/04/1991,32,2,1,2,0,6,433.01,46.5,74.40000000000001,120.9,201804,202007,21,1652.11
392361470144,1,08/03/1988,35,3,1,14,0,6,1206.53,,96.52,96.519997,201403,202302,178,22818.74000000001
392368510132,1,29/06/1970,53,4,2,2,1,3,7362.89,,589.03,589.03003,201402,202306,652,178874.1
392553440132,1,02/09/1970,52,4,2,2,0,,,,,,201906,202204,264,4407.309999999999
392608550132,1,20/08/1970,52,4,2,2,0,6,3025.05,151.25,242,393.25,201405,201906,179,8512.529999999999
392642150132,1,15/04/1969,54,4,2,2,1,6,685.22,,82,82,201403,202306,399,40002.29
392777020132,1,20/12/1970,52,4,1,12,1,,,,,,201405,202306,565,44682.39000000001
392804070132,1,11/07/1969,53,4,1,2,0,6,931.25,,82,82,201405,202301,263,9829.17
392805750132,1,24/12/1970,52,4,1,2,1,6,1167.26,,93.38,93.379997,201407,202306,546,52938.63000000002
392886050132,1,08/11/1970,52,4,1,2,0,,,,,,201811,201910,2,1256.55
392953680132,1,06/04/1971,52,4,1,2,1,,,,,,201406,202306,629,88440.2
392983400132,1,28/07/1969,53,4,1,2,1,6,1061.95,,84.95999999999999,84.959999,201406,202306,408,69372.66
393267910132,1,09/08/1971,51,4,1,2,0,,,,,,201405,201704,511,17953.71
393414660132,1,18/05/1971,52,4,1,2,1,6,300.32,,82,82,201701,202306,510,46782.93000000001
393415470132,1,12/11/1957,65,6,2,2,1,3,4407.58,,352.61,352.60999,201402,202306,684,156283.7
393486790132,1,15/01/1968,55,5,1,2,1,6,1411.08,,112.89,112.89,201402,202306,296,53557.84000000001
393542560132,1,11/12/1967,55,5,1,17,1,,2196.59,,175.73,175.73,201404,202306,919,68428.23000000008
393648170132,1,08/12/1970,52,4,2,2,1,,219.66,,82,82,201402,202306,261,62105.48000000003
393689510132,1,10/11/1964,58,5,1,2,1,,,,,,201405,202306,484,41184.9
393702090132,1,28/09/1967,55,5,1,2,1,5,4979.15,,398.33,398.32999,201406,202306,714,90929.47
393730650132,1,21/12/1961,61,5,2,2,1,6,166.82,,82,82,201405,202306,130,25143.3
393831630132,1,22/12/1971,51,4,1,2,1,,,,,,201404,202306,301,38025.79
393844210132,1,10/03/1972,51,4,1,2,0,,,,,,201503,201812,13,2173.48
393945220132,1,19/03/1971,52,4,1,2,0,,,,,,201404,202007,396,14578.16
394003300132,1,27/07/1973,49,4,2,2,1,,,,,,201404,202306,479,27545.74
394064490132,1,06/10/1971,51,4,2,2,0,6,648.17,,82,82,201406,202302,308,705.14
394132980132,1,21/01/1973,50,4,1,2,1,,,,,,201504,202306,125,14595.56
394371390142,1,23/02/1985,38,3,1,19,0,,,,,,201506,201904,49,3511.990000000001
394466750132,1,08/03/1973,50,4,1,2,0,,,,,,201701,201703,486,201.5
394775400109,1,11/03/1975,48,4,1,14,0,6,4920.32,246.02,393.63,639.65002,202104,202207,19,6563.43
394849750132,1,14/01/1973,50,4,2,2,0,,4063.69,,325.1,325.10001,201402,202305,144,111345.0700000001
394851650132,1,25/04/1976,47,4,1,2,0,6,3652.78,,292.22,292.22,201404,202303,153,27702.44
394861400132,1,23/02/1976,47,4,1,2,1,4,13027.08,,1042.17,1042.17,201403,202306,543,73082.53
394865440132,1,10/08/1976,46,4,1,2,1,,1688.08,,135.05,135.05,201402,202306,309,61937.78000000001
395127170132,1,30/09/1964,58,5,1,2,1,,54.92,,82,82,201405,202306,219,49256.73000000003
395155800132,1,01/05/1966,57,5,1,2,1,,,,,,201407,202306,643,266766.7999999999
395187570147,1,25/03/1981,42,3,1,2,0,,930,46.5,74.40000000000001,120.9,201811,202004,45,4414.08
395507330132,1,04/12/1964,58,5,2,2,1,6,1945.26,,155.62,155.62,201402,202306,413,70941.93000000002
395557760106,1,09/05/1960,63,5,1,2,1,6,1528.99,,122.32,122.32,201402,202306,420,37184.35
395680120132,1,06/08/1967,55,5,2,2,0,,,,,,201506,202012,382,7539.17
395787300140,1,02/08/1981,41,3,1,14,1,,,,,,201906,202306,86,9247.810000000001
395787800132,1,29/08/1976,46,4,1,2,0,,,,,,201405,201506,178,875.6600000000001
396116330132,1,20/10/1957,65,6,2,2,1,6,3707.54,,296.6,296.60001,201405,202306,706,84917.83
396121940132,1,30/01/1975,48,4,1,2,0,6,387.93,46.5,74.40000000000001,120.9,201704,201911,129,9891.069999999998
396245830173,1,25/07/2002,20,1,1,2,0,,,,,,202012,202210,10,2171.79
396303330132,1,28/02/1973,50,4,1,2,0,6,6920.77,,553.66,553.65997,201405,202212,315,10487.33
396306790132,1,01/04/1971,52,4,1,2,0,,,,,,201402,201706,136,697.5799999999999
396348280132,1,24/08/1974,48,4,1,2,1,,,,,,201406,202306,70,11688.74
396405910132,1,22/08/1960,62,5,1,2,1,6,1530,,122.4,122.4,201405,202306,769,76497.76000000002
396732730132,1,03/10/1975,47,4,2,2,1,4,3564.28,,285.14,285.14001,201405,202306,353,82122.23000000003
396807470132,1,27/02/1975,48,4,2,2,1,,,,,,201504,202306,334,7289.99
396916070132,1,29/11/1962,60,5,2,2,1,5,3654.09,,292.33,292.32999,201405,202306,812,113220.65
397056040148,1,10/02/1995,28,2,1,13,0,,,,,,202105,202201,8,1934.74
397061940132,1,22/10/1972,50,4,2,2,1,6,641.1,,82,82,201405,202306,447,47298.96000000004
397079860107,1,06/09/1967,55,5,2,19,1,6,7243.56,,579.48,579.47998,201407,202306,1071,113106.78
397310820132,1,18/05/1973,50,4,1,2,1,5,1676.05,,134.08,134.08,201406,202306,312,75891.72000000002
397348480132,1,20/05/1976,47,4,1,2,1,6,230.45,,82,82,201402,202306,415,84735.10000000003
397414500132,1,18/04/1976,47,4,1,2,1,,,,,,201511,202306,152,10749.25
397452740132,1,22/11/1972,50,4,1,2,1,6,139.29,,82,82,201402,202306,324,43390.98000000001
397473380132,1,03/03/1962,61,5,2,2,1,,659.83,,82,82,201405,202306,623,98131.93999999999
397565010141,1,28/03/1981,42,3,,19,0,6,6037.76,301.89,483.02,784.91003,201406,201507,22,2960.96
397582210132,1,07/01/1976,47,4,1,2,0,6,2522.17,126.11,201.77,327.88,201504,201801,42,1656.73
397738700132,1,07/12/1974,48,4,2,2,0,,,,,,201405,201606,7,
397861660132,1,06/09/1976,46,4,1,2,1,,,,,,201404,202306,444,51642.52
397942640132,1,23/12/1954,68,6,1,2,1,,6064.78,,485.18,485.17999,201402,202306,794,93064.46999999994
398056380132,1,21/01/1977,46,4,1,2,0,,,,,,201405,201507,57,1348.36
398154000132,1,29/07/1968,54,4,2,2,1,6,692.7,,82,82,201405,202306,244,34952.28
398208060171,1,09/04/2000,23,1,,19,0,,,,,,201911,202302,98,7642.440000000001
398255060132,1,29/05/1971,52,4,2,2,1,6,1213.45,,97.08,97.080002,201406,202306,599,74098.26999999999
398396540132,1,19/07/1977,45,4,,2,0,,,,,,201404,201603,6,418.1900000000001
398441210132,1,18/01/1978,45,4,1,2,1,6,1986.76,,158.94,158.94,201404,202306,218,39109.77
398447470132,1,26/01/1979,44,3,2,2,0,6,947.09,47.35,75.77,123.12,201402,201403,62,220.62
398691930132,1,25/06/1976,47,4,1,2,0,,,,,,201403,201606,77,692.5799999999999
398819180132,1,27/05/1978,45,4,1,2,0,,,,,,201404,202305,263,44031.07000000001
398913090144,1,29/12/1984,38,3,1,2,0,6,3812.35,190.62,304.99,495.60999,201801,201801,3,495.61
398952250132,1,22/12/1977,45,4,2,2,1,4,3169.78,,253.58,253.58,201701,202306,87,40033.37999999999
398984340174,1,20/10/1994,28,2,1,13,0,6,2449.75,122.49,195.98,318.47,201804,201805,6,883.5
399080600132,1,26/08/1978,44,3,1,2,0,6,12060.43,603.02,964.83,1567.85,201402,202007,308,23614.72
399108970132,1,13/11/1976,46,4,1,2,1,6,2213.29,,177.06,177.06,201402,202306,366,94874.92000000001
399121810145,1,31/10/1989,33,2,1,10,0,6,11992.33,599.62,959.39,1559.01,201706,202107,34,4199.37
399186960140,1,03/06/1981,42,3,2,14,1,,,,,,201404,202306,255,27315.17
399242060145,1,11/01/1989,34,2,1,14,1,,,,,,201402,202306,124,9465.869999999999
399343460142,1,08/01/1982,41,3,1,2,0,,,,,,202006,202106,3,398.89
399620470107,1,02/03/1954,69,6,2,14,1,,,,,,201404,202306,695,19238.94
399901340146,1,13/04/1992,31,2,,2,0,,,,,,201404,201811,29,4103.309999999999
399940370141,1,08/09/1983,39,3,2,17,1,,,,,,201404,202306,282,44042.50000000001
400025280107,1,28/09/1953,69,6,2,14,0,,,,,,201405,201510,482,13670.93
400367450140,1,05/10/1978,44,3,1,19,0,6,1121,56.05,89.68000000000001,145.73,201406,201506,12,1104.87
400808770116,1,21/06/1966,57,5,1,14,1,5,2601.67,,208.13,208.13,201402,202306,276,64355.68000000001
400850420116,1,16/08/1967,55,5,1,19,1,6,3696.49,,295.72,295.72,201405,202306,618,98021.64000000001
400856500106,1,01/04/1958,65,6,2,14,1,6,5249.73,,419.98,419.98001,201402,202306,867,80310.45000000001
400926470116,1,17/05/1970,53,4,4,14,1,6,1081.6,,86.53,86.529999,201402,202306,446,44344.31999999999
401004840145,1,05/03/1988,35,3,,2,0,6,1622.08,,129.77,129.77,202106,202302,4,1259.3
401245030170,1,10/12/1994,28,2,1,2,0,6,955.61,47.78,76.45,124.23,201804,202006,28,5332.940000000001
401333220116,1,17/07/1976,46,4,1,14,0,,,,,,201404,201408,20,255.24
401518400145,1,31/01/1988,35,3,1,2,0,6,2750.92,137.55,220.07,357.62,201802,201803,4,357.62
401982130145,1,21/11/1987,35,3,1,2,0,,,,,,201404,202101,62,15372.72
402183250118,1,26/08/1963,59,5,1,14,1,6,722.8,,82,82,201911,202306,204,4147.31
402372650118,1,23/04/1966,57,5,2,12,1,6,105.51,,82,82,202212,202306,364,818.33
402396200116,1,23/07/1975,47,4,2,14,1,6,953.4400000000001,,82,82,201405,202306,525,84351.02000000003
402594680145,1,19/03/1988,35,3,1,19,0,6,2643.58,132.18,211.49,343.66998,201504,201506,2,343.67
403062880145,1,18/04/1988,35,3,1,14,0,,,,,,201606,201612,9,1289.98
403222040142,1,20/08/1983,39,3,1,10,0,6,380.77,37.5,60,97.5,201403,201407,15,1782.46
403280050140,1,23/10/1978,44,3,1,2,0,,,,,,201801,201804,90,256.56
403634780141,1,14/04/1981,42,3,1,14,1,4,12066.9,,965.35,965.34998,201402,202306,152,141283.5200000001
403669380140,1,11/03/1975,48,4,1,2,0,6,2870.17,,229.61,229.61,201405,202207,203,19002.96
404299070180,1,02/01/1979,44,3,1,10,1,6,33.01,,82,82,201404,202306,228,74751.36
404484190140,1,02/07/1978,44,3,1,10,1,2,1125.74,,90.06,90.059998,201408,202306,513,100798.64
404928350107,1,29/10/1962,60,5,2,17,0,,,,,,201404,202305,554,38864.88999999998
404950640172,1,23/10/1998,24,1,,2,0,,,,,,201905,202010,13,2253.47
405442770143,1,15/10/1983,39,3,1,13,0,6,4213.11,210.66,337.05,547.71002,202011,202106,22,3629.42
405616020170,1,13/01/1989,34,2,1,14,1,,,,,,201905,202306,60,11944.58
405763620142,1,15/08/1983,39,3,,13,0,6,3174.3,158.72,253.94,412.66,202111,202112,5,873.9999999999999
405947580118,1,15/02/1961,62,5,2,2,0,,8615.690000000001,430.78,689.26,1120.04,201405,201603,413,12933.08
406005080141,1,11/08/1980,42,3,1,13,0,,,,,,201507,201512,52,217.02
406082960142,1,04/10/1983,39,3,1,12,1,,,,,,201402,202306,181,13838.8
406144940145,1,21/05/1988,35,3,1,10,1,,,,,,202211,202306,9,587.48
406954830143,1,20/01/1975,48,4,2,14,1,6,2068.51,,165.48,165.48,201811,202306,266,51100.60000000001
407142230110,1,02/12/1973,49,4,1,14,0,,,,,,201503,201612,315,3251.8
407158680140,1,22/02/1974,49,4,1,13,0,6,121.4,46.5,74.40000000000001,120.9,201405,201912,120,2784.96
407477160141,1,14/11/1978,44,3,2,2,1,,,,,,201804,202306,76,20312.79
40757600750713,1,02/06/1976,47,4,,14,0,,,,,,201505,201506,0,
408242190180,1,07/05/1979,44,3,1,10,1,6,532.35,,82,82,201407,202306,379,74180.08
408786640143,1,20/11/1974,48,4,1,2,0,6,563.9400000000001,42.5,68,110.5,201406,201701,64,2059
408905310144,1,03/02/1987,36,3,,19,0,6,1799.78,89.98999999999999,143.98,233.97,201906,201907,6,802.6900000000001
409372280140,1,27/12/1978,44,3,1,14,1,6,370.87,,82,82,201403,202306,338,42343.9
409721410109,1,26/09/1960,62,5,2,2,0,,,,,,201802,201805,194,233.62
409820450141,1,08/04/1980,43,3,1,19,0,6,4583.37,229.17,366.67,595.84003,201706,201707,8,1191.68
409947760141,1,15/09/1981,41,3,2,14,0,,,,,,201403,202002,340,18271.2
410767980132,1,06/11/1951,71,6,1,2,0,,,,,,201404,202205,470,8569.790000000001
410955450132,1,14/05/1969,54,4,1,2,1,6,208.5,,82,82,201402,202306,224,58534.95999999999
411007440140,1,24/07/1977,45,4,1,,0,,,,,,201407,202106,198,6431.92
411022670141,1,20/10/1981,41,3,1,2,0,,,,,,201404,201405,100,
411178530132,1,03/03/1974,49,4,1,2,1,4,1712.48,,137,137,201402,202306,538,54121.13
411200380143,1,20/07/1985,37,3,1,2,0,,,,,,202205,202302,13,1680.02
411687560146,1,07/07/1989,33,2,1,2,0,,,,,,201801,201802,2,110.5
411724330132,1,31/08/1963,59,5,2,2,1,6,129.27,,82,82,201405,202306,163,23140.9
411835910132,1,22/05/1966,57,5,2,2,1,,360,,82,82,201811,202306,408,41903.21000000001
411971350108,1,06/12/1960,62,5,2,14,1,6,242.02,,82,82,201406,202306,129,14201.12
412105050170,1,15/12/1997,25,2,,2,0,,,,,,202207,202302,4,380.54
412151810132,1,09/06/1966,57,5,2,2,1,6,42.22,,82,82,201911,202306,28,323.8
412250042250713,1,03/12/1993,29,2,,24,0,,,,,,201511,201601,0,1015.24
412257590132,1,30/08/1957,65,6,4,2,1,6,108.69,,82,82,201405,202306,748,60462.12000000001
412293190132,1,03/05/1962,61,5,2,2,0,,,,,,201407,201511,289,2160.71
412467120132,1,29/05/1966,57,5,1,2,1,6,229.03,,82,82,201405,202306,252,56492.56
412549030140,1,30/09/1974,48,4,1,10,0,6,462.53,46.5,74.40000000000001,120.9,201404,201810,431,33685.34
412693260110,1,09/08/1966,56,5,2,10,0,,,,,,201402,202109,514,36247.80999999999
412713010170,1,05/12/1989,33,2,1,2,0,6,266.17,46.5,74.40000000000001,120.9,202111,202201,9,1470.96
413215520170,1,09/04/1997,26,2,1,2,0,,,,,,202007,202106,2,218.45
413493410141,1,11/06/1981,42,3,2,14,1,,,,,,201503,202306,285,40113.34999999999
413536180132,1,09/12/1970,52,4,1,2,1,6,5859.77,,468.78,468.78,201406,202306,574,82035.20000000001
413932650132,1,01/06/1977,46,4,1,12,1,6,1120.59,,89.65000000000001,89.650002,201402,202306,307,59047.2
413989240140,1,28/04/1978,45,4,1,10,0,,,,,,202005,202108,87,5349.32
414551160174,1,29/01/1995,28,2,,14,0,6,703.66,42.5,68,110.5,201611,201701,9,1267.33
415018020127,1,09/10/1958,64,5,2,14,0,6,327.58,,82,82,201607,202301,522,11934.63
415574850170,1,17/07/1992,30,2,1,19,0,5,266.91,,82,82,201402,202303,162,7247.810000000001
415817760147,1,20/05/1991,32,2,1,14,0,6,5511.6,275.58,440.93,716.51001,201811,201906,48,1865.74
417477460118,1,03/02/1975,48,4,1,2,1,6,2162.85,,173.03,173.03,201402,202306,352,82526.96000000001
417644380145,1,20/07/1988,34,2,1,19,1,,326.09,,82,82,201407,202306,119,27153.16999999999
417724420140,1,28/07/1963,59,5,1,2,1,6,166.82,,82,82,201405,202306,344,27492.46
418070980140,1,10/04/1979,44,3,2,2,1,,,,,,201410,202306,542,87706.34000000003
418103590180,1,21/02/1962,61,5,1,12,0,5,844.03,46.5,74.40000000000001,120.9,201405,201907,133,6442.43
418258670141,1,10/11/1981,41,3,1,2,0,6,6964.16,348.21,557.13,905.33997,202205,202207,57,3130.95
419018340141,1,29/12/1981,41,3,1,2,1,,,,,,201607,202306,18,3724.559999999999
419494410146,1,20/02/1990,33,2,1,2,1,,,,,,201405,202306,201,42426
419594980172,1,11/08/1991,31,2,1,14,0,6,2993.98,149.7,239.52,389.22,201801,202207,30,7497.360000000001
419755660144,1,30/12/1980,42,3,1,19,0,6,1548.04,77.40000000000001,123.84,201.24001,201402,201411,62,493.74
420101760106,1,12/06/1962,61,5,1,2,1,6,1635.87,,130.87,130.87,201405,202306,344,81413.28000000001
420316160106,1,07/08/1962,60,5,2,24,0,,,,,,201404,202103,452,27887.21
420450250142,1,15/02/1980,43,3,1,17,0,,,,,,201403,201602,26,
420880590140,1,12/01/1977,46,4,1,2,0,6,5148.22,257.41,411.86,669.27002,201407,201511,96,7979.34
421033310144,1,29/08/1985,37,3,,14,0,6,2863.77,143.19,229.1,372.29001,202101,202202,25,15577.39
421093070118,1,12/02/1960,63,5,1,2,1,,,,,,201402,202306,175,107672.35
421385370140,1,01/03/1979,44,3,,2,0,,,,,,201611,201706,7,221
421572520170,1,30/06/1990,33,2,1,2,0,,,,,,202011,202106,0,
421795270141,1,04/08/1977,45,4,1,2,0,,1783.75,89.19,142.7,231.89,201707,202006,77,342.39
422254990143,1,28/01/1983,40,3,1,2,0,6,1353.9,67.7,108.31,176.00999,201711,201804,31,397.01
423352750147,1,08/07/1991,31,2,1,19,0,6,1873.92,93.7,149.91,243.61,202202,202203,3,243.61
423498140103,1,25/08/1975,47,4,1,2,0,5,22336.76,1116.84,1786.94,2903.78,201402,202206,407,66382.84
423591520103,1,12/11/1973,49,4,1,19,0,6,502.22,42.5,68,110.5,201402,201609,213,5100.679999999999
423831690141,1,30/03/1980,43,3,1,2,0,,,,,,202104,202203,113,2763.04
424245710119,1,01/03/1969,54,4,1,2,0,,,,,,201405,201911,482,10175.13
424749340173,1,11/05/1994,29,2,1,19,0,6,4814.21,,385.14,385.14001,201504,202301,65,15772.8
424959550147,1,18/10/1964,58,5,2,17,0,,,,,,201403,201606,107,1810.57
425291300110,1,15/04/1972,51,4,1,24,0,,,,,,201404,201612,97,3401.02
425865170144,1,15/05/1987,36,3,1,14,1,,,,,,201706,202306,46,2053.29
426092000133,1,21/09/1971,51,4,2,2,1,,,,,,201904,202306,447,1279.45
426196820133,1,02/02/1971,52,4,2,2,1,,,,,,201406,202306,291,82989.06000000001
426261050133,1,20/02/1973,50,4,1,2,0,3,3353.74,167.69,268.3,435.98999,201405,202112,283,25263.89
426282390133,1,16/09/1970,52,4,,2,1,,2436.28,,194.9,194.89999,202105,202306,396,4519.2
426296480133,1,09/06/1973,50,4,1,2,0,,,,,,201403,201606,141,
426327920133,1,30/12/1971,51,4,2,2,1,6,4514.22,,361.14,361.14001,201405,202306,414,103698.21
426551780176,1,14/12/1994,28,2,,13,0,6,2449.75,122.49,195.98,318.47,201804,201805,6,883.5
426796160141,1,15/03/1981,42,3,1,2,1,6,981.09,,82,82,201407,202306,445,66023.5
427420630142,1,28/08/1983,39,3,1,14,0,,,,,,201404,202204,235,26100.81
427554460122,1,29/08/1972,50,4,1,10,1,,1005.69,,82,82,201405,202306,200,32027.88999999999
427622560141,1,17/06/1982,41,3,2,2,1,,326.09,,82,82,201610,202306,194,30880.19000000001
428097760140,1,16/06/1978,45,4,2,19,0,,,,,,201402,201707,580,23304.23
428306540106,1,25/02/1963,60,5,1,14,0,6,3178.12,158.91,254.25,413.16,201407,201511,164,5642.51
428307140180,1,23/07/1978,44,3,2,14,1,6,458.61,,82,82,201403,202306,447,59618.28999999999
428378910180,1,10/08/1978,44,3,1,14,1,,,,,,201404,202306,184,19624.14
428546650144,1,28/01/1987,36,3,1,2,0,,,,,,201403,201606,7,
428682920141,1,02/12/1981,41,3,1,2,0,6,1594.11,,127.53,127.53,201804,202302,103,13037.24
428684380141,1,24/02/1982,41,3,1,2,0,,,,,,201906,201910,1,120.9
429045860109,1,18/02/1968,55,5,2,14,0,,,,,,201404,202305,145,22485.53
429441630122,1,13/09/1968,54,4,1,10,0,,,,,,201711,201907,17,2610.08
429974430180,1,11/06/1979,44,3,2,14,1,4,4395.21,,351.62,351.62,201704,202306,276,76158.36999999998
430065710140,1,27/06/1979,44,3,1,2,1,,2241.37,,179.31,179.31,201405,202306,361,75487.72000000002
430065710141,1,26/02/1982,41,3,1,2,0,,,,,,201601,201601,0,
430500160180,1,01/08/1979,43,3,,13,0,,,,,,201405,201503,1,657.8
431146990148,1,01/08/1994,28,2,1,14,1,6,619.91,,82,82,201512,202306,74,24739.7
431151220146,1,12/04/1989,34,2,1,13,0,6,2314.68,115.73,185.17,300.89999,201804,201804,4,300.9
431164240140,1,30/08/1979,43,3,2,14,1,,,,,,201504,202306,323,34834.79
431720090145,1,08/09/1988,34,2,1,12,0,,,,,,201701,201804,23,3534.37
431856550180,1,20/03/1976,47,4,1,19,0,,,,,,201902,202206,9,715.29
432024200100,1,12/06/1962,61,5,1,14,1,3,3319.31,,265.54,265.54001,201402,202306,1041,93465.92000000001
432241020142,1,10/04/1984,39,3,1,14,1,6,39.1,,82,82,201410,202306,189,14527.28
432397350100,1,05/11/1975,47,4,1,23,1,2,218.44,,82,82,201405,202306,499,81838.37999999998
432493260142,1,24/03/1983,40,3,1,10,1,6,3156.01,,252.48,252.48,202005,202306,82,23217.23
432708760143,1,18/04/1957,66,6,2,14,0,1,79497.48,3974.87,6359.8,10334.67,201402,201504,27,21742.16
433203440119,1,02/02/1963,60,5,2,12,1,,,,,,201403,202306,257,47396.46999999999
433968150143,1,10/12/1985,37,3,1,19,0,6,7109.18,,568.73,568.72998,201504,202212,66,12107.55
434032390175,1,03/04/2003,20,1,1,13,0,,,,,,202211,202301,4,197.27
434181630141,1,25/03/1980,43,3,1,2,1,,,,,,201405,202306,334,80894.78000000001
435305490145,1,20/07/1988,34,2,1,13,0,,,,,,201512,201602,1,97.5
435696140146,1,01/09/1986,36,3,1,2,0,,,,,,202012,202106,2,120.9
436432410144,1,23/07/1986,36,3,1,14,1,6,481.02,,82,82,201404,202306,265,68101.44999999998
436476530140,1,02/10/1979,43,3,1,2,0,,,,,,201806,201904,11,1673.79
436514570140,1,29/01/1976,47,4,1,2,0,,,,,,201511,201602,113,195
436660420141,1,21/07/1982,40,3,1,19,0,6,6386.26,319.31,510.9,830.21002,201802,202112,189,13762.83
437238640180,1,21/01/1978,45,4,1,19,0,5,930,46.5,74.40000000000001,120.9,201406,201912,52,2384.85
437330320144,1,09/02/1987,36,3,1,19,0,6,1299.24,64.95999999999999,103.94,168.89999,201505,201507,10,413.05
437472550171,1,19/11/2002,20,1,,14,0,6,641.51,,82,82,202301,202302,3,164
438102900145,1,01/11/1988,34,2,1,19,0,6,9251.51,462.58,740.12,1202.7,201507,201604,10,4238.35
438340640140,1,28/01/1978,45,4,1,1,0,,,,,,201512,201904,27,1769.89
438688450140,1,21/03/1977,46,4,1,2,0,,,,,,201705,201810,207,1680.91
439239330170,1,19/02/1998,25,2,1,14,0,6,2357.27,117.86,188.58,306.44,202006,202101,15,2991.849999999999
439715560172,1,22/12/1991,31,2,1,2,0,6,4609.21,230.46,368.74,599.20001,201801,202106,35,6938.379999999999
439842880141,1,07/06/1982,41,3,1,19,1,,326.09,,82,82,201904,202306,156,12576.37
440236360132,1,08/03/1967,56,5,1,2,1,6,692.7,,82,82,201405,202306,411,44263.3
440714110125,1,22/08/1964,58,5,,24,0,,,,,,201803,201811,314,2324.79
440805750133,1,30/05/1970,53,4,2,24,0,,346.66,37.5,60,97.5,201402,201411,133,3158.25
440938650142,1,05/05/1984,39,3,1,19,0,6,5754.85,,460.39,460.39001,201805,202212,34,5818.58
440987880176,1,23/10/1996,26,2,,2,0,,,,,,202207,202211,2,105.25
441137670180,1,18/06/1971,52,4,1,24,0,6,4762.2,238.11,380.98,619.09003,201404,201405,15,949.1100000000001
441151800144,1,04/12/1985,37,3,1,2,0,,,,,,202006,202010,5,326.24
441418950142,1,18/10/1981,41,3,2,17,1,6,635.23,,82,82,201404,202306,388,78886.50999999999
441600350130,1,17/03/1958,65,6,2,17,1,,,,,,201404,202306,626,49357.34000000001
441676690125,1,10/08/1966,56,5,,19,0,6,1574.81,78.73999999999999,125.98,204.72,201805,201805,140,204.72
441811410130,1,08/11/1962,60,5,2,17,0,,,,,,201402,202304,517,21212.74
442074880125,1,03/03/1964,59,5,1,24,1,,,,,,201407,202306,702,68545.67
442557830119,1,20/08/1974,48,4,1,2,1,,,,,,201405,202306,281,24913.19
442668920117,1,21/01/1966,57,5,2,2,1,,,,,,201811,202306,394,2295.79
442704720180,1,30/04/1978,45,4,1,19,1,6,123.1,,82,82,201404,202306,376,39905.77
442992600141,1,21/08/1982,40,3,2,2,1,,,,,,201407,202306,96,7541.88
443250790117,1,17/04/1969,54,4,1,2,1,,,,,,201501,202306,522,22507.5
443359640109,1,28/04/1968,55,5,1,19,1,5,4644.72,,371.58,371.57999,201405,202306,826,102780.11
443418430140,1,06/04/1979,44,3,,2,0,,,,,,201402,201706,123,4647.690000000001
443420160143,1,31/12/1985,37,3,2,24,1,,,,,,201707,202306,80,25807.3
443600040146,1,03/06/1990,33,2,1,14,0,,,,,,201511,201807,14,2731.96
443836330142,1,11/01/1981,42,3,2,2,0,6,1963.67,98.18000000000001,157.09,255.27,202105,202106,60,406.98
443872060110,1,07/12/1970,52,4,1,14,1,6,4622.69,,369.82,369.82001,201406,202306,397,86156.64000000001
444517020173,1,27/10/1992,30,2,1,15,0,6,919.39,45.97,73.55,119.52,201405,201507,7,606.78
444724330115,1,23/07/1973,49,4,2,14,1,1,787.9400000000001,,82,82,201406,202306,709,127533.28
444728530115,1,12/05/1967,56,5,2,14,1,,131.8,,82,82,201402,202306,705,97726.98000000001
445048940145,1,08/12/1988,34,2,2,2,0,,,,,,201404,202305,193,40053.75000000001
445049030145,1,14/02/1988,35,3,1,2,0,6,244.12,46.5,74.40000000000001,120.9,201804,201901,22,2062.37
445955590176,1,01/08/1994,28,2,1,13,0,,,,,,201512,201604,1,97.5
446139650103,1,02/05/1950,73,6,,19,0,6,581.58,42.5,68,110.5,201402,201605,55,4392.460000000001
446209510173,1,01/10/1992,30,2,1,2,0,,,,,,202005,202108,3,2621.63
446249880103,1,21/05/1963,60,5,1,19,1,6,179.56,,82,82,201402,202306,657,44880.85000000001
446408750140,1,16/02/1980,43,3,1,2,0,,,,,,201606,201702,10,228.85
446521570103,1,02/11/1960,62,5,2,19,0,,,,,,201402,202303,491,24643.15
446595930103,1,26/01/1961,62,5,1,19,1,1,542.38,,82,82,201405,202306,1313,50169.35999999999
446719880103,1,27/08/1965,57,5,1,19,0,1,330.77,,82,82,201408,202211,758,6979.93
446901400103,1,01/10/1956,66,6,2,19,1,,,,,,201406,202306,934,90962.37000000001
447048440103,1,13/03/1964,59,5,1,19,0,1,523.73,46.5,74.40000000000001,120.9,201404,201808,587,670.5899999999999
447049260103,1,09/10/1963,59,5,1,19,1,6,807.15,,82,82,201407,202306,805,42957.47999999999
447053680125,1,24/09/1962,60,5,2,24,1,,,,,,201405,202306,687,18124.87
447120480103,1,11/05/1965,58,5,1,19,1,6,685.75,,82,82,201405,202306,766,21448.64
447343650103,1,17/04/1972,51,4,1,19,1,,125,,82,82,201405,202306,599,72058.56000000001
447512740140,1,04/01/1980,43,3,1,17,0,,,,,,201406,201904,71,2604
447884290125,1,10/05/1952,71,6,2,24,0,,,,,,201407,201712,458,12550.91
448108520142,1,07/01/1982,41,3,1,2,0,6,746.18,42.5,68,110.5,201707,201708,4,266.85
448291430172,1,24/06/1991,32,2,1,4,1,,,,,,201911,202306,61,22258.1
448813290130,1,04/05/1974,49,4,1,17,1,,30050,,2404,2404,201404,202306,406,48013.85000000001
448864370100,1,11/03/1968,55,5,1,22,0,,,,,,201402,202112,332,9341.199999999999
448990060103,1,10/03/1956,67,6,1,19,1,1,1833.69,,146.7,146.7,201405,202306,1175,184885.58
448994470103,1,29/10/1966,56,5,2,19,0,3,611.8,,82,82,201402,202304,1203,13106.71
448999880103,1,25/07/1967,55,5,1,19,0,,,,,,201402,202304,887,12500.73999999999
449013010103,1,11/07/1959,63,5,1,19,0,3,1125.64,56.28,90.05,146.33,201503,201503,284,146.33
449088850103,1,26/03/1968,55,5,2,19,1,6,2507.71,,200.62,200.62,201607,202306,623,55208.75
449136520103,1,15/09/1968,54,4,2,19,1,6,199.3,,82,82,201407,202306,236,36281.13
449159880103,1,01/05/1953,70,6,1,19,1,1,35185.2,,2814.82,2814.8201,201405,202306,1613,655332.8300000001
449246040103,1,15/09/1970,52,4,2,19,1,6,5859.77,,468.78,468.78,201406,202306,760,76632.65000000002
449264090103,1,15/12/1969,53,4,1,19,1,,,,,,201405,202306,760,60924.92
449302650103,1,28/10/1969,53,4,2,19,1,6,403.63,,82,82,201402,202306,898,31222.65
449338470103,1,06/04/1971,52,4,1,2,1,6,388.54,,82,82,201403,202306,727,52697.95
449345630103,1,25/02/1971,52,4,1,19,0,,,,,,201406,201907,387,5381.14
449357650103,1,22/09/1971,51,4,1,19,1,6,42.22,,82,82,201404,202306,493,39669.81999999999
449387630103,1,27/06/1972,51,4,1,19,0,,,,,,202111,202202,98,622.59
449390070103,1,14/06/1972,51,4,2,19,0,6,2252.17,112.61,180.17,292.78,201402,201403,202,800.04
449497930142,1,15/03/1984,39,3,1,2,1,,,,,,202005,202306,46,8348.23
449891080103,1,21/03/1975,48,4,2,19,0,3,2558.16,127.91,204.65,332.56,201402,201403,469,737.6400000000001
449896390103,1,24/10/1974,48,4,2,19,0,6,623.65,37.5,60,97.5,201504,201509,184,441.17
449899080103,1,06/06/1975,48,4,1,12,1,2,1100.74,,88.06,88.059998,201405,202306,662,106348.39
449943350103,1,18/12/1974,48,4,1,19,1,6,7899.97,,632,632,201405,202306,412,141026.5499999999
449949540103,1,01/04/1973,50,4,1,19,0,,,,,,201807,201904,206,1380.31
449962010103,1,22/06/1970,53,4,2,19,1,,,,,,201405,202306,644,37208.61999999998
450031060103,1,30/07/1975,47,4,1,19,1,,3386.93,,270.95,270.95001,201405,202306,591,103794.92
450043950103,1,29/06/1971,52,4,2,19,1,,5482.42,,438.59,438.59,201405,202306,697,144065.89
450110720140,1,22/03/1980,43,3,2,17,0,,519.54,42.5,68,110.5,201606,201703,180,1453.76
450119490103,1,31/07/1974,48,4,1,24,0,,,,,,201805,201808,16,274.51
450249910103,1,04/04/1970,53,4,1,19,0,,,,,,201407,201802,331,5701.760000000001
450259810103,1,19/08/1972,50,4,1,19,1,6,3175.36,,254.03,254.03,201501,202306,940,73940.54999999999
450441700103,1,08/09/1965,57,5,1,19,1,6,37.44,,82,82,201511,202306,714,26799.41
450565080107,1,14/11/1962,60,5,2,14,1,3,5754.07,,460.33,460.32999,201406,202306,886,143595.4500000001
450571750103,1,11/08/1973,49,4,1,19,1,,,,,,201405,202306,642,12997.17999999999
450616380103,1,08/12/1973,49,4,1,19,0,,,,,,201409,201502,83,
450619810103,1,30/04/1977,46,4,1,19,1,4,4258.12,,340.65,340.64999,201705,202306,389,32414.66
450685330103,1,23/08/1973,49,4,1,19,0,,,,,,201402,201706,658,999.6700000000001
450735460103,1,10/07/1973,49,4,2,14,1,6,431.91,,82,82,201407,202306,286,29690.48
450780290145,1,02/12/1987,35,3,2,19,1,,,,,,201503,202306,108,32212.62
450793800103,1,17/12/1977,45,4,1,19,0,6,266.96,42.5,68,110.5,201404,201606,12,629.25
450868100103,1,07/04/1978,45,4,1,19,0,,2013.29,100.66,161.06,261.72,201402,202008,109,9619.790000000001
450875780142,1,30/07/1984,38,3,1,9,1,,,,,,201405,202306,227,43837.44
451126710142,1,21/03/1984,39,3,1,17,0,,,,,,201406,201507,91,2529.77
451557700140,1,05/04/1978,45,4,2,14,0,,,,,,201404,201507,99,536.51
452013500116,1,16/01/1961,62,5,1,13,1,,,,,,201404,202306,832,52088.27
452961510141,1,04/11/1982,40,3,1,19,1,6,349.53,,82,82,201404,202306,264,40871.78000000001
453086980171,1,05/02/1996,27,2,1,14,0,,1876.8,93.84,150.14,243.98,201405,202104,92,16699.42
454114840132,1,26/06/1973,50,4,2,2,1,6,1160.55,,92.84,92.839996,201402,202306,388,62494.25
454232800121,1,05/05/1969,54,4,2,10,1,,,,,,201404,202306,636,87922.42000000001
454648130145,1,18/12/1988,34,2,2,19,0,6,653.02,42.5,68,110.5,201701,201703,26,509.68
455204300172,1,28/04/1991,32,2,1,14,0,,,,,,202111,202303,6,669.0799999999999
455587140146,1,20/08/1990,32,2,1,14,1,,,,,,201404,202306,133,19246.4
455624740140,1,25/05/1979,44,3,2,14,1,,,,,,201404,202306,356,33303.92
455630640145,1,09/07/1988,34,2,1,10,0,6,11345.81,,907.66,907.65997,201505,202205,193,32008.83000000001
456021290141,1,05/07/1982,40,3,1,14,1,6,1037.14,,82.97,82.970001,201405,202306,337,83111.00000000003
456570640142,1,09/08/1982,40,3,1,2,0,6,1822.05,91.09999999999999,145.76,236.86,201801,201801,4,236.86
456805170140,1,06/05/1980,43,3,1,12,1,,,,,,201505,202306,81,16129.33
457466920125,1,06/07/1960,62,5,2,14,1,4,9523.09,,761.85,761.84998,201406,202306,825,138853.55
457545560170,1,26/12/1996,26,2,,14,0,,,,,,202102,202212,4,664.5500000000001
458224960125,1,20/10/1972,50,4,1,24,0,,,,,,201606,201611,285,661.34
458509420144,1,29/08/1982,40,3,1,2,0,6,3227.83,161.39,258.23,419.62,201405,201506,50,907.73
458555310115,1,23/11/1963,59,5,1,14,1,,,,,,201404,202306,478,32930.91
458620180141,1,22/10/1978,44,3,2,2,0,,24554.15,,1964.33,1964.33,201405,202304,560,118379.23
458742920115,1,21/08/1962,60,5,1,14,1,,,,,,201404,202306,479,33319.32
458816530115,1,17/09/1965,57,5,1,14,1,6,750.22,,82,82,201406,202306,481,69974.85000000001
458950530116,1,12/06/1962,61,5,1,13,1,,,,,,201404,202306,709,50060.01000000001
459197880125,1,09/12/1956,66,6,2,24,1,,,,,,201404,202306,1165,160726.21
459254150125,1,21/02/1961,62,5,2,24,1,6,556.96,,82,82,201407,202306,987,69178.78000000001
459298290141,1,06/11/1982,40,3,1,19,0,,,,,,201402,202303,194,26011.6
459310000125,1,25/05/1959,64,5,1,24,0,,,,,,201503,202001,164,1351.48
459356500140,1,13/04/1978,45,4,2,24,0,,,,,,201911,202001,4,406.2
459382800108,1,12/08/1963,59,5,2,2,1,6,1669.47,,133.56,133.56,201402,202306,502,69275.87000000001
459424310117,1,16/01/1962,61,5,,13,0,6,5327.62,266.38,426.21,692.59003,201405,201407,9,692.5899999999999
459445780142,1,11/08/1982,40,3,1,4,0,,571.11,46.5,74.40000000000001,120.9,202105,202105,0,120.9
459554890125,1,15/10/1966,56,5,1,24,0,,,,,,201407,202212,485,36952.27
459601690117,1,19/01/1970,53,4,1,13,1,6,850.64,,82,82,201405,202306,419,74532.04999999999
459613960146,1,02/10/1990,32,2,1,2,0,6,2136.96,106.85,170.96,277.81,201704,201812,13,2394.69
459729470180,1,29/10/1972,50,4,1,2,0,,,,,,201407,202112,37,390.83
459861850116,1,05/08/1964,58,5,2,13,0,,,,,,201804,201807,15,2472.45
460038520116,1,12/04/1962,61,5,,13,0,6,1000,50,80,130,201801,201801,4,130
460097250116,1,04/11/1967,55,5,1,13,0,,,,,,201504,201505,0,
460265130140,1,02/07/1978,44,3,1,2,0,6,12518.63,625.93,1001.49,1627.42,202006,202007,2,2600.24
460314900125,1,23/06/1961,62,5,1,24,1,6,228.51,,82,82,201404,202306,539,49642.32999999999
460642200144,1,06/04/1987,36,3,1,2,0,6,2885.16,,230.81,230.81,201901,202301,60,12557.92
460670790115,1,09/05/1955,68,6,2,14,0,,,,,,201507,201510,9,97.5
460683780125,1,11/10/1963,59,5,1,24,0,,,,,,201504,201506,142,374.27
460732010125,1,17/12/1953,69,6,2,24,0,3,2564.38,128.22,205.15,333.37,201406,201812,508,11884.76
460736930140,1,10/11/1979,43,3,1,2,0,6,1768.12,88.41,141.45,229.86,201601,201601,52,229.86
460758620115,1,27/06/1960,63,5,2,14,1,,,,,,201404,202306,879,45098.62
460780290145,1,30/07/1984,38,3,1,19,0,6,4814.21,,385.14,385.14001,201406,202301,69,16164.1
461113170140,1,08/12/1979,43,3,2,13,0,6,4240.81,,339.26,339.26001,201406,202301,47,5772.620000000001
461650600125,1,06/01/1954,69,6,4,24,0,,,,,,201402,201912,317,19384.78
461724970115,1,24/11/1967,55,5,1,14,1,,,,,,201404,202306,508,74795.82000000001
462251780180,1,22/12/1978,44,3,1,2,0,,,,,,201403,202303,201,6751.880000000001
462368610104,1,08/04/1965,58,5,1,17,0,,5042.15,252.11,403.37,655.47998,201407,201903,177,9448.57
462401920115,1,13/08/1966,56,5,2,14,1,5,559.13,,82,82,201406,202306,573,53221.52
462608210104,1,29/11/1959,63,5,1,17,0,,,,,,201407,201705,112,4777.87
462618930104,1,14/04/1960,63,5,2,17,1,,,,,,201404,202306,954,124388.97
462669900125,1,26/10/1958,64,5,4,24,0,6,2518.22,125.91,201.46,327.37,201504,202206,330,15918.8
462750710125,1,24/06/1963,60,5,2,24,0,,,,,,201404,202305,408,53194.56
463365650115,1,05/03/1949,74,6,2,14,0,4,897.08,44.85,71.77,116.62,201405,201407,53,672.3199999999999
463431230104,1,18/09/1957,65,6,1,2,1,6,2122.38,,169.79,169.78999,201402,202306,709,81924.98000000004
463561070143,1,28/06/1984,39,3,1,14,1,,98.84999999999999,,82,82,201701,202306,92,38593.53
463590650104,1,23/09/1965,57,5,1,,1,,,,,,201402,202306,380,4956.56
463594690104,1,10/06/1967,56,5,1,17,0,6,1221.46,61.07,97.72,158.78999,201407,201506,71,1639.03
463627270104,1,06/07/1966,56,5,1,17,0,,,,,,201403,201606,625,97.5
463729300116,1,23/03/1969,54,4,1,13,0,6,2355.64,117.78,188.45,306.23001,201405,201407,6,306.23
463730460116,1,16/04/1970,53,4,2,13,0,6,1287.59,64.38,103.01,167.39,201606,201607,6,402.3
463887250115,1,18/03/1959,64,5,1,14,0,,,,,,201606,202302,251,12320.14
463908990115,1,22/07/1966,56,5,2,14,0,,1116.39,55.82,89.31,145.13,201403,201606,388,5089.31
463919840115,1,27/06/1963,60,5,2,14,0,,,,,,201404,201912,460,19186.79
463994270115,1,26/11/1959,63,5,2,14,1,,1135.7,,90.86,90.860001,201405,202306,590,72987.09000000001
463995070115,1,08/06/1961,62,5,2,13,1,,,,,,201703,202306,429,33256.42
464036320141,1,05/01/1982,41,3,1,19,1,6,388.54,,82,82,201403,202306,349,58388.58
464054720115,1,28/06/1967,56,5,1,14,1,,,,,,201404,202306,518,66312.75
464060850115,1,18/03/1968,55,5,2,14,1,,,,,,201611,202306,225,33020.59
464067550115,1,13/10/1968,54,4,1,14,1,,,,,,201606,202306,467,24770.24
464068360115,1,29/05/1961,62,5,2,14,0,,,,,,201404,202302,304,28372.83
464091270115,1,15/03/1971,52,4,2,17,1,4,3828.28,,306.26,306.26001,201606,202306,511,62557.09999999999
464091850115,1,08/11/1969,53,4,1,14,1,,,,,,201504,202306,578,34272.01999999999
464096690115,1,08/07/1971,51,4,1,14,1,,,,,,201404,202306,407,38108.57
464097100115,1,27/06/1972,51,4,1,14,1,,,,,,201402,202306,500,57348.64999999999
464113750115,1,02/05/1972,51,4,2,14,1,6,93.66,,82,82,201906,202306,75,14201.01
464130590115,1,23/01/1975,48,4,2,14,0,,,,,,201403,202102,369,17818.93
464433220104,1,08/06/1967,56,5,1,17,0,,,,,,201402,201404,217,
464467930145,1,21/11/1988,34,2,1,14,0,,,,,,202005,202010,6,1536.05
464607860104,1,06/11/1970,52,4,1,26,1,,,,,,201507,202306,412,28527.14
464701980104,1,03/12/1970,52,4,1,17,1,,,,,,201406,202306,464,36998.88
464737030104,1,19/12/1971,51,4,,17,1,,,,,,201402,202306,191,6978.129999999999
464737310104,1,03/01/1972,51,4,2,17,0,6,4754.81,237.74,380.38,618.12,201605,201605,3,618.12
465001240104,1,27/08/1975,47,4,2,17,0,,,,,,201404,201505,180,1458.21
465353350146,1,23/10/1990,32,2,1,2,1,,,,,,201403,202306,145,30388.14
465914310143,1,04/02/1986,37,3,1,19,1,,,,,,201511,202306,166,28288.59999999999
465952380142,1,13/10/1984,38,3,1,14,1,6,4034.58,,322.77,322.76999,201406,202306,388,77795.91999999997
466424790140,1,29/09/1980,42,3,1,24,0,,24495.59,1224.78,1959.65,3184.4299,201407,202203,294,44327.67999999999
466437750141,1,23/01/1983,40,3,1,2,0,,761.62,46.5,74.40000000000001,120.9,201911,202003,4,724.7
467264670141,1,26/09/1979,43,3,1,24,0,6,9719.799999999999,485.99,777.58,1263.5699,202005,202207,40,10476.06
467349910141,1,26/11/1982,40,3,1,2,0,,,,,,201402,201701,153,1405.53
467663670140,1,06/09/1977,45,4,1,2,0,,,,,,201711,202005,42,2204.1
468161980142,1,11/02/1982,41,3,1,2,1,,,,,,201504,202306,159,23419.71
468216280125,1,01/01/1971,52,4,2,24,0,,,,,,201701,202107,261,15468.23
468364830125,1,17/04/1971,52,4,2,24,1,6,2251.31,,180.1,180.10001,201402,202306,429,71324.75
468477500173,1,13/12/1999,23,1,,19,1,,,,,,201904,202306,73,21345.07
468594870102,1,25/07/1964,58,5,1,19,1,6,3134.08,,250.73,250.73,201405,202306,740,94984.36000000002
468749060116,1,08/06/1966,57,5,1,13,1,3,3195.25,,255.62,255.62,201402,202306,817,129898.69
469432080115,1,27/02/1970,53,4,1,14,1,6,425.66,,82,82,201506,202306,406,49317.98999999999
469723350103,1,12/10/1977,45,4,1,19,0,6,921.14,46.5,74.40000000000001,120.9,202104,202106,247,1671.72
470094560115,1,13/02/1965,58,5,2,2,1,2,8463.27,,677.0599999999999,677.06,201402,202306,783,197073.2
470417290115,1,26/01/1958,65,6,2,14,1,6,2311.42,,184.91,184.91,201405,202306,728,102168.66
470625650173,1,09/02/1994,29,2,1,19,0,6,4814.21,,385.14,385.14001,201504,202301,65,15772.8
470659840174,1,15/12/1995,27,2,,19,0,,,,,,201702,201710,8,800.25
470662090115,1,22/09/1959,63,5,1,14,1,6,1050.72,,84.06,84.059998,201402,202306,337,68349.69999999998
470939440102,1,03/06/1971,52,4,1,19,0,,,,,,201402,202204,474,10298.26999999999
471121410115,1,16/01/1965,58,5,1,14,1,,,,,,201404,202306,485,49981.11
471140820115,1,03/10/1959,63,5,2,14,0,6,7995.99,,639.68,639.67999,201404,202305,520,50640.87000000001
471142070115,1,11/06/1965,58,5,1,14,1,4,4036.1,,322.89,322.89001,201405,202306,585,135550.22
471174020115,1,05/06/1959,64,5,2,14,0,,,,,,201404,202211,315,19905.61
471234460171,1,13/02/2002,21,1,,13,0,7,2792.14,139.61,223.37,362.98001,202012,202012,4,362.98
471370460141,1,04/01/1981,42,3,1,2,0,,,,,,201707,201712,3,142.92
471382970115,1,22/08/1968,54,4,1,14,1,6,37.44,,82,82,201407,202306,259,11584.14
471405560140,1,17/09/1980,42,3,2,14,1,6,277.72,,82,82,201406,202306,402,49686.26999999999
471436170115,1,17/10/1968,54,4,2,14,1,6,907.38,,82,82,201405,202306,539,84370.35999999999
471972700141,1,04/12/1982,40,3,1,2,1,,,,,,201404,202306,201,27699.32
472325340148,1,21/09/1993,29,2,1,19,0,,,,,,201405,201807,20,2524.98
472553980142,1,28/04/1968,55,5,1,2,0,6,5341.36,267.07,427.31,694.38,201711,202007,32,2945.8
472582000115,1,02/01/1971,52,4,1,14,0,,,,,,201404,201408,328,1672.62
472603570115,1,06/02/1971,52,4,2,14,0,6,641.51,,82,82,201811,202302,582,13957.19
472621380146,1,29/03/1991,32,2,1,2,0,,,,,,202011,202012,0,
472658840115,1,19/05/1970,53,4,1,14,0,,,,,,201505,202105,416,9121.769999999997
472872260116,1,06/12/1975,47,4,1,13,0,6,3180.85,159.04,254.47,413.50998,201405,201407,7,511.01
473009420115,1,21/07/1966,56,5,2,14,1,,,,,,201406,202306,165,13198.9
473076850142,1,22/02/1984,39,3,1,19,0,7,346.66,46.5,74.40000000000001,120.9,201709,202006,64,2932.72
473165500144,1,22/12/1987,35,3,1,2,0,6,278.86,42.5,68,110.5,201607,201612,3,221
473180280145,1,28/05/1989,34,2,1,19,0,6,3887.82,194.39,311.03,505.42001,201406,201507,22,2582.1
473221750132,1,31/08/1972,50,4,1,2,1,6,692.7,,82,82,201405,202306,567,43359.56
473233560132,1,08/10/1967,55,5,1,2,1,,345.96,,82,82,201404,202306,437,37634.02
473385320132,1,20/07/1964,58,5,2,2,0,,,,,,201404,202202,669,41522.96000000001
473396150132,1,19/03/1969,54,4,1,2,1,,,,,,201406,202306,435,28311.44
473408960132,1,11/11/1972,50,4,1,2,1,6,2623.1,,209.85,209.85001,201405,202306,330,98555.45000000001
473465290132,1,22/12/1970,52,4,2,2,0,,,,,,202011,202201,118,1731.52
473514110132,1,01/12/1964,58,5,2,2,1,4,3971.57,,317.73,317.73001,201402,202306,652,117490.95
473738970132,1,12/03/1976,47,4,1,2,0,6,6454.11,322.71,516.33,839.03998,201404,202105,89,11760.42
473874550115,1,17/03/1976,47,4,2,14,0,6,1310.31,65.52,104.82,170.34,202012,202101,12,535.54
473888500115,1,28/10/1973,49,4,1,14,0,6,641.51,,82,82,202104,202302,106,5165.17
473978550125,1,04/11/1968,54,4,1,24,1,,,,,,201407,202306,503,20143.98
474077350140,1,14/07/1980,42,3,1,14,0,,,,,,201611,201807,112,4660.139999999999
474253770102,1,19/11/1964,58,5,1,24,0,,,,,,201404,202302,363,9996.139999999998
474269320116,1,14/09/1975,47,4,,19,1,,,,,,202211,202306,1,244.49
474404690116,1,09/11/1974,48,4,2,13,0,,,,,,201405,201601,95,1845.08
474808220104,1,21/05/1973,50,4,2,17,1,,,,,,201406,202306,382,84547.96000000001
474865420140,1,22/09/1980,42,3,1,2,0,,,,,,201601,201604,7,
474921750104,1,02/07/1974,48,4,,17,0,,,,,,201402,201404,137,
474999210125,1,11/08/1962,60,5,3,24,0,3,11863.49,593.17,949.08,1542.25,201902,202002,149,6094.35
475459470115,1,10/12/1967,55,5,1,14,0,,,,,,201405,202206,399,89221.83000000002
475510830116,1,23/02/1959,64,5,2,13,0,,,,,,201607,201707,20,4220.93
475520990115,1,08/11/1973,49,4,1,14,1,6,1061.95,,84.95999999999999,84.959999,201406,202306,531,70822.78
475789800102,1,06/08/1956,66,6,1,19,0,1,58306.47,2915.32,4664.52,7579.8398,201406,201506,17,12959.08
475862020115,1,27/06/1977,46,4,2,14,1,,,,,,201404,202306,314,28083.83000000001
475909230102,1,01/06/1968,55,5,2,19,0,6,3390.99,169.55,271.28,440.83002,201805,201806,7,1374.36
476037940142,1,04/10/1984,38,3,1,14,1,,1856.09,,148.49,148.49001,201405,202306,264,32960.82000000001
476118200132,1,23/04/1966,57,5,1,2,0,,,,,,201402,201910,100,315.9
476675370132,1,12/08/1962,60,5,1,2,1,,1691.37,,135.31,135.31,201405,202306,444,65794.39000000001
476699060144,1,04/01/1988,35,3,1,14,0,,2481.37,124.07,198.51,322.57999,201707,201803,83,3792.469999999999
477118160143,1,08/08/1986,36,3,1,2,0,,,,,,201403,201606,11,2021.47
477185090132,1,05/01/1962,61,5,,2,0,6,3919.74,,313.58,313.57999,201405,202207,161,8443.679999999998
477424260132,1,24/11/1958,64,5,2,2,0,,44819.05,2240.95,3585.52,5826.4697,201405,201905,262,5826.469999999999
477477330143,1,31/03/1981,42,3,1,2,0,6,5643.49,282.17,451.48,733.65002,201611,202105,34,5625.6
477600900132,1,25/04/1961,62,5,2,2,1,6,1627.17,,130.17,130.17,201405,202306,863,100236.82
477696210132,1,08/03/1963,60,5,1,2,0,,,,,,201404,202305,567,43786.03999999999
477731660131,1,19/06/1969,54,4,1,2,1,6,51.58,,82,82,201402,202306,223,49558.58000000002
477755010142,1,02/12/1984,38,3,1,19,1,6,431.91,,82,82,202011,202306,71,14359.31
477769850143,1,28/01/1985,38,3,,14,0,,,,,,202104,202107,6,663.93
477915180140,1,23/12/1980,42,3,1,2,1,,,,,,201405,202306,312,28288.14
477916810140,1,20/12/1980,42,3,1,2,1,,,,,,201611,202306,75,8407.669999999998
478308780132,1,11/08/1952,70,6,2,2,0,6,1000,50,80,130,201611,201612,110,260
478521080132,1,11/08/1965,57,5,2,2,1,6,188.51,,82,82,201402,202306,877,68831.19000000002
478598050141,1,03/09/1982,40,3,,19,1,6,599.49,,82,82,201606,202306,172,55348.85
479063250102,1,06/11/1967,55,5,2,2,1,,,,,,201505,202306,26,1331.04
479084580102,1,19/06/1967,56,5,,19,0,6,3020.64,151.03,241.65,392.67999,201406,201507,21,2846.64
479098160132,1,29/07/1960,62,5,2,2,1,6,846.46,,82,82,201711,202306,270,18972.81
479113950132,1,21/11/1959,63,5,1,2,0,,,,,,201512,202001,423,5276.500000000001
479337170132,1,09/09/1962,60,5,2,2,0,,,,,,201611,201702,24,852.4499999999999
479419780132,1,15/05/1965,58,5,2,2,1,6,1265.05,,101.2,101.2,201402,202306,529,38154.08
479648440125,1,03/01/1975,48,4,1,19,0,6,733.5,37.5,60,97.5,201406,201407,7,394.34
479655130132,1,02/06/1965,58,5,2,2,1,5,1733.91,,138.71,138.71001,201405,202306,518,85735.87000000001
479827100140,1,10/07/1977,45,4,2,15,0,,,,,,201404,202210,208,13418.21
479927460100,1,04/10/1969,53,4,,17,0,,,,,,201404,201904,292,3213.65
480778400125,1,03/04/1971,52,4,1,24,0,,,,,,201405,202212,21,1997.64
480940010102,1,03/01/1971,52,4,1,19,0,,,,,,201611,201706,6,334.9
481355550146,1,18/02/1991,32,2,1,24,1,,,,,,201402,202306,156,54311.47
481371420121,1,18/08/1968,54,4,2,2,1,3,4242.32,,339.39,339.39001,201404,202306,788,143981.34
481525510146,1,12/02/1991,32,2,,14,1,,,,,,202201,202306,1,202.9
481619250132,1,08/08/1966,56,5,1,2,1,6,179.85,,82,82,201405,202306,422,64544.51000000001
481624460172,1,23/03/2000,23,1,,19,0,6,806.74,,82,82,202111,202302,24,6852.530000000001
482041100132,1,07/02/1959,64,5,2,2,1,6,635.23,,82,82,201407,202306,458,64483.81
482131260118,1,18/02/1962,61,5,2,12,1,,,,,,201402,202306,439,62272.53
482258460121,1,22/08/1966,56,5,2,10,0,,,,,,201904,202302,331,3679.81
482442870121,1,21/10/1970,52,4,1,10,0,,,,,,201405,202305,494,48793.17999999999
482547400141,1,17/06/1983,40,3,2,13,0,6,1000,50,80,130,201704,201805,14,520
482566490144,1,15/01/1984,39,3,1,2,0,,,,,,201402,202110,233,48728.33000000002
482616110132,1,21/10/1955,67,6,2,2,1,6,61.36,,82,82,201405,202306,515,31940.69
482682570102,1,23/09/1969,53,4,2,19,1,,326.09,,82,82,201403,202306,422,36553.83
482741880125,1,12/01/1969,54,4,2,24,1,,362.44,,82,82,201405,202306,652,137687.6
482763590102,1,25/12/1971,51,4,2,19,0,,,,,,201402,202303,380,24727.47
482841820132,1,23/01/1962,61,5,1,2,1,6,790.1900000000001,,82,82,201405,202306,346,80305.80000000002
483040670143,1,05/07/1982,40,3,,13,0,,,,,,202204,202207,4,307.75
483143730110,1,25/08/1962,60,5,1,2,0,,,,,,201611,201712,125,750.7
483226660141,1,18/11/1982,40,3,1,2,0,6,369.18,37.5,60,97.5,201404,201406,9,349.12
483420310142,1,12/01/1985,38,3,1,24,1,,,,,,202006,202306,54,7601.849999999999
483538820130,1,10/08/1973,49,4,1,4,1,6,574.42,,82,82,201405,202306,348,65798.81999999999
483782010132,1,28/02/1963,60,5,2,2,1,1,1953.32,,156.27,156.27,201402,202306,979,248092.36
484292940132,1,17/05/1950,73,6,2,2,0,5,10276.75,513.84,822.14,1335.98,201405,201505,493,6423.46
484894260132,1,14/02/1958,65,6,1,2,0,6,3439.65,171.98,275.17,447.14999,201405,202112,243,4129.88
484922390115,1,27/01/1972,51,4,1,14,0,,,,,,201404,202105,487,27700.15999999999
485211900115,1,15/11/1969,53,4,2,14,1,,,,,,202006,202306,317,4036.8
485264650121,1,20/05/1960,63,5,2,10,1,6,1233.35,,98.67,98.669998,201407,202306,612,102802.22
485265920115,1,21/08/1970,52,4,1,17,0,,,,,,201402,201701,213,1750.71
485305920103,1,15/07/1967,55,5,1,19,0,6,13975.31,,1118.02,1118.02,201407,202212,58,15123
485408640121,1,11/05/1970,53,4,2,10,0,6,2859.55,142.98,228.76,371.73999,201407,201511,69,7178.830000000001
485429050121,1,10/08/1973,49,4,2,10,1,,,,,,201404,202306,313,45273.65000000001
485462730132,1,04/01/1963,60,5,1,2,1,6,444.26,,82,82,201407,202306,494,56831.15000000002
485491560130,1,21/02/1976,47,4,1,17,0,,,,,,201404,201603,30,5730.09
485648780132,1,11/07/1959,63,5,1,2,1,6,742.21,,82,82,201406,202306,769,72720.35999999999
485649410132,1,31/12/1960,62,5,2,2,0,6,6524.09,326.2,521.93,848.13,202205,202205,141,848.1299999999999
485652660132,1,07/07/1966,56,5,1,2,1,6,680.22,,82,82,201407,202306,530,63603.45999999999
485856490121,1,19/06/1970,53,4,1,10,0,,,,,,201402,202109,416,37420.64
485875300102,1,30/01/1973,50,4,2,19,0,6,611.8,,82,82,201402,202304,306,12048.21999999999
485882930132,1,04/02/1963,60,5,1,2,0,,,,,,201607,201706,83,444.05
485973610143,1,16/09/1986,36,3,1,10,0,6,18379.77,,1470.38,1470.38,201810,202205,40,19721.2
486106230140,1,30/04/1981,42,3,1,2,1,6,433.38,,82,82,201402,202306,214,53876.65
486147520132,1,07/09/1956,66,6,1,2,0,6,345.74,42.5,68,110.5,201607,201612,290,221
486176880132,1,25/05/1965,58,5,1,2,0,6,8140.6,407.03,651.25,1058.28,201706,202101,347,6886.51
486209570102,1,06/08/1974,48,4,1,19,1,6,3494.9,,279.59,279.59,201405,202306,550,161730.89
486232460142,1,02/07/1975,47,4,1,14,1,,,,,,201707,202306,124,36136.08
486245760121,1,03/03/1972,51,4,2,10,1,6,8361.52,,668.92,668.91998,201407,202306,677,105112.26
486364910172,1,16/02/1991,32,2,1,2,0,6,5390.11,269.51,431.21,700.72003,201606,201911,25,5917.92
486497610132,1,22/11/1966,56,5,2,2,1,,,,,,201405,202306,408,26404.14
486631240132,1,16/02/1966,57,5,2,2,1,6,813.97,,82,82,201405,202306,561,88051.59000000001
486640700132,1,15/09/1963,59,5,1,2,1,,,,,,201405,202306,172,13510.42
486818020121,1,04/04/1975,48,4,,9,0,,,,,,201611,201704,3,849.78
486841340132,1,17/11/1966,56,5,1,2,0,,,,,,202104,202107,13,713.05
486886050132,1,24/12/1965,57,5,2,2,1,,741.35,,82,82,201405,202306,869,427317.7999999999
486958600121,1,27/06/1969,54,4,2,10,1,,362.44,,82,82,201405,202306,649,108938.63
486967080132,1,15/08/1963,59,5,1,2,0,6,1406.67,70.33,112.53,182.86,201504,201505,39,289.02
487031310102,1,22/09/1976,46,4,1,19,0,6,4814.21,,385.14,385.14001,201406,202301,69,16164.1
487279440132,1,26/11/1971,51,4,1,2,1,6,186.27,,82,82,201407,202306,518,42607.8
487304690118,1,09/06/1961,62,5,2,14,1,3,5781.82,,462.55,462.54999,201405,202306,738,129043.17
487345820121,1,18/02/1968,55,5,,10,1,6,5924.67,,473.97,473.97,201407,202306,248,100142.46
487350390144,1,11/02/1988,35,3,1,14,0,,,,,,201604,202105,24,3311.39
487516360146,1,20/03/1991,32,2,,19,0,6,790.12,39.51,63.21,102.72,201406,201407,7,399.56
487552730121,1,09/01/1976,47,4,,10,0,,,,,,201609,202006,282,3085.68
487555080121,1,17/05/1972,51,4,1,10,0,,439.32,46.5,74.40000000000001,120.9,201402,202204,383,68442.99000000001
487568360132,1,15/04/1971,52,4,1,2,1,6,171.34,,82,82,201405,202306,322,39586.76999999999
487752790102,1,17/08/1976,46,4,1,19,1,6,51.58,,82,82,201804,202306,166,8407.380000000001
488278910117,1,12/03/1966,57,5,1,12,1,,109.83,,82,82,201402,202306,535,98597.91000000002
488485240132,1,10/09/1969,53,4,2,2,1,,2855.59,,228.45,228.45,201503,202306,424,34480.81999999999
488621980103,1,23/03/1969,54,4,1,14,0,,,,,,201404,201601,119,1055.42
488665400175,1,26/03/1996,27,2,,19,0,5,4500,225,360,585,202012,202012,4,585
488951040132,1,24/05/1957,66,6,1,2,1,,296.63,,82,82,201405,202306,575,73621.38000000002
489225670142,1,07/12/1984,38,3,2,19,1,6,409.13,,82,82,202206,202306,12,1900.93
489619280132,1,06/11/1963,59,5,1,2,0,,,,,,201403,201405,4,
489728170132,1,22/10/1964,58,5,2,2,1,,,,,,201402,202306,862,116207.47
489953470147,1,24/06/1991,32,2,,14,1,,,,,,201506,202306,68,18723.7
490361420132,1,14/09/1970,52,4,2,2,1,2,183.29,,82,82,201404,202306,472,28669.84
490451030141,1,27/05/1983,40,3,1,10,0,,,,,,201612,201702,3,322.9
490490650132,1,14/01/1966,57,5,1,2,0,,,,,,201405,201604,125,628.7
490509890132,1,15/02/1967,56,5,2,2,1,,,,,,201405,202306,220,19119.9
490559400132,1,02/06/1965,58,5,4,2,1,6,265.63,,82,82,201801,202306,482,28513.74000000001
490593210132,1,21/01/1967,56,5,2,2,1,6,2445.65,,195.65,195.64999,201402,202306,631,75014.03000000003
490647460132,1,04/09/1967,55,5,,2,1,,,,,,201404,202306,212,34214.84
490730720132,1,14/11/1963,59,5,1,2,1,,,,,,201404,202306,680,46762.17999999999
490990090132,1,29/03/1968,55,5,2,2,0,6,2102.33,,168.19,168.19,201506,202301,303,5274.99
491146020142,1,28/01/1983,40,3,1,2,1,6,4322.26,,345.78,345.78,201402,202306,328,72947.02000000003
491159360132,1,18/06/1968,55,5,1,2,1,,,,,,201811,202306,86,6343.91
491364810142,1,10/03/1985,38,3,1,14,0,,,,,,202111,202302,31,4176.47
491545590132,1,23/11/1968,54,4,2,2,0,,,,,,202011,202106,125,1002.74
491695090132,1,15/10/1966,56,5,2,2,1,6,927.7,,82,82,201405,202306,132,13938.4
491752280132,1,19/03/1969,54,4,2,2,0,,,,,,202011,202303,349,10889.25
491791870132,1,19/07/1967,55,5,1,2,1,,685.75,,82,82,201405,202306,436,30624.06
491876830142,1,06/04/1985,38,3,1,2,0,5,4118.08,205.9,329.45,535.34998,201407,201511,96,8505.439999999999
491942200132,1,03/04/1968,55,5,1,2,1,6,2323.12,,185.85,185.85001,201402,202306,451,77243.89000000001
492042790132,1,26/02/1969,54,4,1,2,0,6,1317.83,65.89,105.43,171.31999,201812,201812,7,171.32
492104270132,1,28/01/1968,55,5,2,2,1,6,1616.03,,129.28,129.28,201402,202306,494,61890.99000000002
492121040132,1,11/06/1968,55,5,1,2,1,,2196.59,,175.73,175.73,201510,202306,354,37631.70999999999
492183380132,1,04/04/1970,53,4,1,2,0,,,,,,201804,202106,162,8802.559999999999
492568180132,1,14/03/1964,59,5,2,2,1,2,2355.55,,188.44,188.44,201402,202306,1062,91076.89000000001
492666010132,1,04/04/1969,54,4,1,2,0,,,,,,201403,201606,98,
492704790132,1,20/11/1970,52,4,2,2,1,,,,,,201402,202306,302,49792.60000000001
492735280132,1,02/10/1969,53,4,2,2,1,,2332.78,,186.62,186.62,201402,202306,525,56470.96999999999
492739840132,1,01/12/1970,52,4,2,2,0,,,,,,202111,202207,236,2105.55
492744050132,1,15/09/1969,53,4,1,2,0,,,,,,201503,202201,330,16841.63
492802640132,1,28/02/1969,54,4,2,14,1,,110,,82,82,201405,202306,312,70830.49999999997
492813260132,1,09/04/1967,56,5,1,2,0,,3388.05,,271.04,271.04001,201511,202305,492,40407.34000000001
492880080132,1,17/01/1971,52,4,1,2,1,6,627.39,,82,82,201402,202306,520,68311.81
492909290132,1,19/06/1968,55,5,1,2,0,,,,,,201504,201906,227,2485.58
493045450132,1,12/11/1967,55,5,4,2,1,6,765.29,,82,82,201406,202306,477,46157.47
493104740132,1,22/02/1971,52,4,1,2,0,,,,,,201403,201606,159,
493148400132,1,03/08/1968,54,4,1,2,1,6,180.47,,82,82,201405,202306,337,50614.4
493157650132,1,24/04/1971,52,4,1,2,1,,,,,,201404,202306,126,9755.710000000001
493282760132,1,19/02/1970,53,4,1,2,0,6,182.72,46.5,74.40000000000001,120.9,201612,201804,201,4503.030000000001
493311680132,1,22/12/1970,52,4,1,2,0,,,,,,201405,202204,303,13384.45
493495660132,1,30/07/1964,58,5,2,12,1,6,1571.33,,125.71,125.71,201711,202306,700,53224.03000000001
493533240132,1,07/11/1970,52,4,1,2,1,6,192.32,,82,82,201402,202306,559,70013.39
493651730132,1,07/09/1965,57,5,1,2,1,6,2162.85,,173.03,173.03,201402,202306,378,82143.52000000002
493685730132,1,21/06/1967,56,5,1,2,1,6,370.91,,82,82,201407,202306,573,32481.32999999999
493708870132,1,17/11/1960,62,5,2,2,1,,,,,,201703,202306,534,18056.8
493798050132,1,14/07/1971,51,4,1,2,1,6,1673,,133.84,133.84,201402,202306,397,51048.56999999999
493799480132,1,28/02/1972,51,4,2,2,0,,,,,,201911,202209,52,6096.259999999999
493853820132,1,08/06/1969,54,4,1,2,1,6,427.4,,82,82,201405,202306,387,49451.35000000001
493956240132,1,10/08/1969,53,4,2,2,1,,1078.16,,86.25,86.25,201405,202306,407,29525.06
493985150132,1,30/08/1971,51,4,1,2,0,,363.89,42.5,68,110.5,201504,201705,113,3987.95
494186660132,1,11/07/1972,50,4,2,2,0,1,976.7,48.84,78.14,126.98,201511,201906,36,744.0599999999999
494262050132,1,12/03/1971,52,4,1,2,1,6,139.29,,82,82,201402,202306,446,78763.83000000005
494283080132,1,17/09/1969,53,4,2,2,1,6,302.48,,82,82,201402,202306,265,78438.71000000004
494317530140,1,06/01/1981,42,3,1,19,0,,,,,,201402,202303,238,12314.48
494396370132,1,14/04/1972,51,4,1,2,1,6,107.44,,82,82,201404,202306,599,71853.38999999998
494402400132,1,18/05/1974,49,4,1,2,0,5,4050.81,202.54,324.06,526.59998,201507,201806,36,2758.77
494431000132,1,25/12/1964,58,5,4,2,1,,109.83,,82,82,201402,202306,123,57738.21000000001
494541380132,1,12/08/1973,49,4,1,2,0,2,1789.55,,143.16,143.16,202105,202301,237,5811.889999999999
494560150132,1,23/11/1967,55,5,2,2,1,6,1112.33,,88.98999999999999,88.989998,201405,202306,564,85340.91
494586380132,1,26/08/1974,48,4,1,2,1,6,457.16,,82,82,201405,202306,322,89838.15000000004
494717810132,1,20/04/1976,47,4,1,2,1,6,1897.7,,151.82,151.82001,201405,202306,449,66293.75000000001
494869120132,1,22/09/1976,46,4,2,,1,6,5859.77,,468.78,468.78,201406,202306,401,83103.26000000001
494873750132,1,03/09/1961,61,5,2,2,1,,,,,,201405,202306,197,16726.81
495085440132,1,30/11/1969,53,4,1,2,1,6,6151.99,,492.16,492.16,201405,202306,593,134497.26
495101400132,1,01/01/1974,49,4,1,2,0,,,,,,201505,201603,3,1342.13
495110830142,1,25/04/1985,38,3,2,14,1,,,,,,202301,202306,32,258.32
495193670140,1,15/05/1981,42,3,1,17,0,,,,,,201404,201504,160,3499.77
495216700132,1,14/12/1966,56,5,2,2,1,7,1528.99,,122.32,122.32,201402,202306,397,58351.89
495220390132,1,03/03/1974,49,4,2,2,0,,,,,,202006,202206,283,3134.11
495221910132,1,08/10/1963,59,5,,2,1,6,520.66,,82,82,201407,202306,664,89595.32999999999
495394800132,1,26/06/1971,52,4,1,2,0,1,4859.24,242.96,388.74,631.70001,201402,201703,357,14700.5
495423200115,1,02/10/1961,61,5,1,15,1,6,807.15,,82,82,201407,202306,500,42750.10000000001
495483640132,1,03/11/1962,60,5,1,2,1,6,1688.74,,135.1,135.10001,201405,202306,514,72903.47000000002
495682720132,1,27/10/1976,46,4,1,2,1,,,,,,201505,202306,164,31842.82999999999
495689360132,1,11/06/1963,60,5,2,2,1,5,1241.39,,99.31,99.309998,201406,202306,562,77832.98
495851440132,1,21/01/1957,66,6,3,2,1,5,2341.2,,187.3,187.3,201405,202306,988,118482.64
495869170132,1,15/10/1968,54,4,2,2,1,,280.07,,82,82,201404,202306,685,54996.05999999999
495915950132,1,29/08/1976,46,4,,2,0,6,6117.45,305.87,489.4,795.27002,202111,202112,6,1603.97
496029740132,1,30/10/1973,49,4,1,2,0,,,,,,201408,201701,45,371.39
496188900132,1,28/09/1970,52,4,1,2,1,,,,,,201404,202306,637,41083.89
496304450132,1,17/05/1971,52,4,1,2,0,,,,,,201607,201803,2,221
496367460132,1,20/02/1973,50,4,1,2,1,,,,,,201404,202306,481,28589.52999999999
496380120141,1,12/09/1983,39,3,1,2,1,,,,,,201402,202306,213,27937.30000000001
496391590132,1,14/07/1972,50,4,1,2,0,6,4240.81,,339.26,339.26001,201405,202301,501,12963.07
496420240140,1,18/02/1978,45,4,1,14,0,,676.99,46.5,74.40000000000001,120.9,201707,201806,15,1684.45
496716170132,1,07/05/1975,48,4,1,2,0,,,,,,201405,202002,189,19532.73
496775270132,1,27/11/1975,47,4,1,2,1,,,,,,201405,202306,336,21838.31
496804750132,1,27/08/1975,47,4,1,2,1,,,,,,201405,202306,225,49879.52999999998
496864200132,1,12/08/1975,47,4,1,2,1,6,2321.69,,185.74,185.74001,201406,202306,295,66476.49999999999
497015790132,1,19/11/1975,47,4,2,2,1,6,890.48,,82,82,201406,202306,378,61940.31
497030030132,1,01/01/1976,47,4,1,2,1,,,,,,201404,202306,267,53462.75999999999
497071980132,1,23/11/1973,49,4,1,2,1,6,1751.08,,140.09,140.09,201402,202306,543,88345.73000000004
497162910132,1,26/08/1975,47,4,1,2,0,,,,,,201402,202207,376,46414.74000000001
497174060146,1,08/06/1991,32,2,1,19,0,6,4370.74,218.54,349.66,568.20001,202005,202007,3,4724.97
497202620132,1,23/06/1975,48,4,1,2,1,6,356.9,,82,82,201404,202306,209,36124.47000000001
497219900132,1,11/04/1976,47,4,2,2,0,1,3188.23,,255.06,255.06,201405,202302,213,31386.21999999999
497292170117,1,28/07/1961,61,5,1,2,0,,,,,,201609,201701,7,836.25
497441600132,1,20/11/1964,58,5,1,2,0,1,5565.45,,445.24,445.23999,201404,202301,460,32499.12
497446390132,1,22/02/1974,49,4,1,2,0,6,13858.55,692.93,1108.68,1801.61,201402,202207,697,94094.92000000001
497462240132,1,20/08/1976,46,4,2,2,1,6,941.14,,82,82,201406,202306,338,61518.72
497482470147,1,20/10/1993,29,2,,13,0,6,1937.38,,154.99,154.99001,202211,202211,1,154.99
497629610115,1,12/08/1957,65,6,1,14,1,6,1112.82,,89.03,89.029999,201405,202306,604,93676.67000000001
497642170132,1,04/02/1972,51,4,1,2,0,,,,,,201404,202305,425,39702.70999999999
497648970142,1,11/03/1983,40,3,1,14,1,,,,,,201407,202306,240,41528.57
497660780132,1,11/01/1969,54,4,2,2,0,,,,,,202006,202106,366,903.97
497690150132,1,17/10/1962,60,5,2,12,1,6,316.34,,82,82,201407,202306,962,96329.90000000002
497752500115,1,01/03/1962,61,5,1,14,1,,,,,,201405,202306,603,83226.93000000002
498018250132,1,11/05/1977,46,4,1,2,0,6,7503.5,375.18,600.28,975.46002,201404,202202,167,41325.14000000001
498047060115,1,05/07/1966,56,5,2,14,1,,2032.19,,162.58,162.58,201405,202306,684,123210.65
498089100115,1,19/12/1952,70,6,2,14,0,,,,,,201406,202102,406,33799.34
498132180132,1,05/12/1973,49,4,1,2,0,,439.32,46.5,74.40000000000001,120.9,201405,202005,213,818.3000000000001
498140380115,1,23/12/1962,60,5,2,14,1,,362.44,,82,82,201405,202306,571,76382.69000000003
498199950132,1,18/12/1977,45,4,1,14,0,,,,,,201707,201902,14,217.17
498430860132,1,27/08/1974,48,4,1,2,0,6,1622.08,,129.77,129.77,201402,202302,5,1852.3
498511000132,1,28/02/1977,46,4,1,2,1,,,,,,201404,202306,283,39447.67
498649310115,1,04/01/1960,63,5,2,14,0,,161443.24,8072.16,12915.46,20987.621,201405,201604,485,34821.28999999999
498735830115,1,28/03/1966,57,5,1,14,1,6,850.64,,82,82,201405,202306,271,69654.07000000001
498989980144,1,07/04/1988,35,3,1,14,0,6,2467.01,123.35,197.36,320.70999,201510,202207,95,16688.21
499224380132,1,13/08/1978,44,3,1,2,0,6,2197.98,,175.84,175.84,201511,202305,99,5585.87
499604120143,1,11/12/1986,36,3,1,19,0,2,7109.18,,568.73,568.72998,201504,202212,65,12100.01
499802730106,1,20/03/1963,60,5,2,14,1,,,,,,201404,202306,659,70361.39999999999
499817370141,1,14/07/1981,41,3,1,24,1,6,817.58,,82,82,201402,202306,275,63678.32000000001
499929380143,1,07/01/1987,36,3,1,19,0,5,783.3,39.17,62.66,101.83,201402,201404,46,1222.22
500213630110,1,31/12/1966,56,5,2,14,0,,,,,,201404,202011,151,10637.06
500271120173,1,13/07/1994,28,2,,2,0,6,1256.44,62.82,100.52,163.34,202005,202207,32,12293.51
500483100142,1,11/11/1977,45,4,1,12,0,6,3418.33,170.92,273.47,444.38998,201512,201512,85,444.39
500486540116,1,17/07/1970,52,4,2,14,1,6,1491.68,,119.33,119.33,201405,202306,592,103252.79
500595710108,1,12/03/1963,60,5,1,4,1,6,527.14,,82,82,201405,202306,424,62425.51000000002
500616840116,1,09/04/1971,52,4,2,14,1,6,2726.46,,218.12,218.12,201405,202306,661,94052.58000000003
500793670116,1,03/09/1969,53,4,1,14,1,6,2065.81,,165.26,165.25999,201405,202306,620,106929.68
500947710116,1,06/02/1970,53,4,,14,0,6,626.89,37.5,60,97.5,201406,201406,10,97.5
501287000170,1,13/01/1987,36,3,1,2,0,,,,,,202012,202107,11,1792.15
501307700148,1,04/01/1990,33,2,,19,0,6,25.62,46.5,74.40000000000001,120.9,201505,201908,55,3474.36
501556050116,1,20/07/1976,46,4,1,14,1,6,1945,,155.6,155.60001,201405,202306,396,93164.13
501600940147,1,11/03/1991,32,2,1,2,0,,,,,,201611,201701,13,303.66
501746670175,1,05/10/1994,28,2,,4,0,,,,,,201707,201711,1,115.88
502000870116,1,16/08/1958,64,5,2,14,1,6,1667.71,,133.42,133.42,201405,202306,729,95961.21000000002
502062030140,1,30/06/1977,46,4,2,13,1,,326.09,,82,82,201404,202306,327,30419.44
502062700143,1,16/11/1984,38,3,1,19,0,6,5754.85,,460.39,460.39001,201406,202212,64,8940.530000000001
502373450118,1,18/06/1961,62,5,2,12,1,,3239.97,,259.2,259.20001,201402,202306,350,79658.22000000003
502405840143,1,16/06/1985,38,3,1,23,1,6,1010.76,,82,82,201402,202306,266,53591.45
502669030146,1,24/04/1981,42,3,1,12,0,6,4195.62,209.78,335.65,545.42999,201607,202212,60,6105.690000000001
504557510140,1,08/12/1978,44,3,,2,0,,,,,,201512,202302,95,5179.89
505161420118,1,16/06/1966,57,5,1,12,1,,,,,,201402,202306,418,53888.36000000003
505264190140,1,26/12/1977,45,4,2,14,0,,,,,,201606,202112,243,19784.22
505622740145,1,19/05/1988,35,3,1,2,0,6,18774.13,938.71,1501.93,2440.6401,201403,202007,241,48079.52
505743070140,1,19/01/1977,46,4,1,17,1,4,4367.11,,349.37,349.37,201403,202306,361,84806.95000000003
50596151610713,1,15/04/1971,52,4,,14,0,6,1247.3,62.37,99.78,162.14999,201504,201509,3,1193.15
506085250170,1,09/04/1990,33,2,1,19,0,6,2719.39,135.97,217.55,353.51999,201402,201812,241,15610.06
506093090108,1,27/02/1964,59,5,1,2,0,3,6973.32,348.67,557.87,906.54004,201404,202206,371,11575.05
506102650141,1,23/06/1981,42,3,1,14,1,,,,,,201404,202306,484,80329.13000000002
506190110147,1,25/09/1990,32,2,2,19,0,5,5449,272.45,435.92,708.37,202207,202207,4,708.37
506415760145,1,28/04/1986,37,3,1,2,0,6,2341.38,,187.31,187.31,201405,202301,129,22904.27
506637260142,1,18/04/1972,51,4,2,2,0,6,4240.81,,339.26,339.26001,201405,202301,131,12524.16
506645600171,1,04/12/1994,28,2,,18,0,6,13163.33,,1053.07,1053.0699,202111,202211,11,3838.65
506750150143,1,06/05/1985,38,3,1,14,0,,,,,,201801,201804,1,110.5
506985800141,1,20/07/1980,42,3,1,19,0,6,61.59,42.5,68,110.5,201607,201707,13,1095.94
507359300161,1,20/11/1992,30,2,1,25,0,,,,,,201705,202106,27,6778.35
508386200118,1,01/08/1971,51,4,2,12,0,6,4728.93,236.45,378.31,614.76001,201701,201707,243,1652.48
508487220144,1,22/09/1984,38,3,1,2,0,6,4665.32,,373.23,373.23001,202211,202212,3,597.04
509157660142,1,31/08/1983,39,3,1,2,0,3,2704.8,135.24,216.38,351.62,201402,201609,134,18180.38
509835630142,1,03/04/1978,45,4,2,14,0,3,6967.02,,557.36,557.35999,201405,202302,200,85445.34999999998
511056370132,1,28/02/1972,51,4,1,2,1,,,,,,201404,202306,515,58388.81999999999
511123550132,1,27/12/1972,50,4,1,2,1,6,1733.32,,138.67,138.67,201402,202306,346,71938.35000000001
511341910141,1,10/06/1980,43,3,2,2,1,6,356.9,,82,82,201512,202306,233,39442.96000000001
511501820142,1,20/12/1981,41,3,1,19,0,6,389.85,37.5,60,97.5,201604,201604,4,97.5
511921650146,1,15/01/1990,33,2,1,2,0,,,,,,201405,202107,52,9162.460000000001
511922940132,1,18/12/1965,57,5,1,2,1,6,8978.110000000001,,718.25,718.25,201406,202306,815,94278.49000000002
511928180132,1,06/10/1961,61,5,2,2,1,6,82.29000000000001,,82,82,201405,202306,497,46224.56999999999
512021780140,1,18/03/1977,46,4,1,14,1,,,,,,201404,202306,212,30838.65
512202790132,1,20/09/1962,60,5,2,2,1,,,,,,201402,202306,778,78520.66999999998
512353580132,1,05/12/1970,52,4,2,2,0,,,,,,201404,201908,454,8728.529999999999
512392790132,1,06/08/1968,54,4,2,2,1,6,3894.98,,311.6,311.60001,201404,202306,610,82708.06
512470640147,1,14/05/1991,32,2,1,14,0,,,,,,201704,201706,3,368.97
512500470132,1,27/12/1970,52,4,1,2,1,6,1262.57,,101.01,101.01,201404,202306,393,37730.55
512542430132,1,05/07/1971,51,4,1,2,1,6,21.91,,82,82,201404,202306,340,44221.05
512556410132,1,14/02/1971,52,4,1,2,1,6,235.97,,82,82,201402,202306,317,63863.70000000001
512823560132,1,02/07/1965,57,5,2,2,1,,,,,,201402,202306,314,27490.25
513125630132,1,27/01/1963,60,5,2,14,1,3,5169.1,,413.53,413.53,201405,202306,747,181745.39
513166120140,1,31/08/1978,44,3,1,2,1,6,4975,,398,398,201407,202306,412,88650.94
513166570140,1,18/11/1972,50,4,,14,0,,,,,,201405,201504,8,583.8299999999999
513501480132,1,09/10/1973,49,4,1,2,1,,,,,,201402,202306,391,40901.45
513582680180,1,03/12/1968,54,4,1,14,0,,,,,,201405,201407,184,
514082570141,1,28/02/1980,43,3,1,6,0,6,497.1,37.5,60,97.5,201405,201408,182,1434.02
514173120141,1,18/10/1981,41,3,1,14,1,,,,,,201404,202306,342,57063.55000000002
515072020145,1,03/07/1988,34,2,1,2,0,6,2597.44,129.87,207.8,337.66998,202205,202205,3,337.67
516804230175,1,09/09/1996,26,2,1,2,0,,,,,,202007,202106,2,362.89
517113540140,1,06/08/1978,44,3,1,2,1,6,5500.74,,440.06,440.06,201405,202306,355,66647.39999999999
517284620141,1,22/02/1981,42,3,1,22,1,,,,,,201406,202306,78,38889.55
517378510140,1,02/12/1975,47,4,4,2,0,,8510.700000000001,425.54,680.86,1106.4,201402,202208,505,131718.36
517441770140,1,20/12/1978,44,3,2,24,0,,,,,,201404,201810,181,8915.48
517462420140,1,26/12/1977,45,4,1,2,0,6,408.51,46.5,74.40000000000001,120.9,202101,202101,8,120.9
517704410108,1,03/02/1974,49,4,2,14,1,6,762.5700000000001,,82,82,201405,202306,392,87626.15000000002
518073240140,1,11/03/1977,46,4,1,19,0,,,,,,201402,201606,147,5323.9
518078850180,1,30/08/1975,47,4,1,2,0,6,454,37.5,60,97.5,201405,201503,2,195
518232770143,1,06/10/1985,37,3,1,2,0,6,911.0700000000001,45.55,72.89,118.44,201601,201601,1,118.44
519846860118,1,06/01/1967,56,5,1,2,1,6,2481.56,,198.52,198.52,201405,202306,349,87822.32000000004
520174820180,1,10/10/1971,51,4,1,2,0,5,2144.09,107.2,171.53,278.73001,201405,201506,89,1825.06
520429830141,1,01/02/1982,41,3,1,14,0,6,702.91,46.5,74.40000000000001,120.9,201405,202105,279,2541.82
520648910100,1,26/05/1964,59,5,1,2,0,6,1607.59,80.38,128.61,208.98999,201405,201706,130,2659.39
520992790173,1,26/12/1992,30,2,,2,0,,2882.49,144.12,230.6,374.72,202110,202207,4,3361.91
521165040170,1,19/07/1995,27,2,,17,0,,,,,,202109,202205,0,
521250470145,1,23/07/1988,34,2,1,19,1,,,,,,201402,202306,309,38492.31
521439430144,1,25/08/1986,36,3,1,19,0,,,,,,201510,201601,3,1511.28
521653210146,1,16/03/1989,34,2,1,2,0,6,5718.96,285.95,457.52,743.47003,201704,202207,44,8841.669999999998
522139150119,1,16/07/1967,55,5,1,14,0,,,,,,201404,201510,89,3470.61
522712860119,1,25/01/1959,64,5,2,2,1,6,3933.17,,314.65,314.64999,201402,202306,519,63162.45000000003
522800100118,1,13/01/1972,51,4,1,23,0,6,158.16,37.5,60,97.5,201405,201407,31,514.38
523540160100,1,21/11/1962,60,5,2,10,1,6,566.15,,82,82,201405,202306,427,87194.24000000003
523670610144,1,22/03/1987,36,3,1,2,1,6,42.29,,82,82,202006,202306,49,25366.58
523905660180,1,11/09/1978,44,3,1,2,1,,,,,,201404,202306,260,32998.68999999999
523917440119,1,22/05/1971,52,4,1,13,0,1,5600,280,448,728,201607,201912,39,7407.320000000001
524669580141,1,18/09/1980,42,3,,2,1,6,1072.15,,85.77,85.769997,201701,202306,140,60227.55
524815380175,1,20/09/1997,25,2,,2,0,,,,,,201803,202106,24,2952.65
524912000107,1,15/08/1959,63,5,1,14,1,,326.09,,82,82,201405,202306,183,15996.95
525533400122,1,31/05/1966,57,5,1,10,0,,,,,,201405,201610,276,2295.45
526106010133,1,02/12/1972,50,4,1,2,1,6,890.48,,82,82,201406,202306,486,64160.61000000001
526110750140,1,15/08/1979,43,3,1,2,1,,,,,,201512,202306,65,3907.8
526225890141,1,08/06/1980,43,3,1,14,1,6,430.6,,82,82,201402,202306,234,57262.38999999999
526306550172,1,03/09/2000,22,1,,10,1,,,,,,202207,202306,8,966.4200000000001
526390010143,1,26/09/1980,42,3,1,19,0,6,593.93,,82,82,201507,202208,277,15316.23999999999
526390330133,1,14/04/1972,51,4,1,2,0,,,,,,201504,201907,188,3137.46
526454580143,1,06/10/1985,37,3,1,19,0,,,,,,201407,202103,25,339.3
526508930133,1,23/11/1963,59,5,1,2,1,6,2162.85,,173.03,173.03,201402,202306,624,90433.03
526562600140,1,19/05/1971,52,4,1,2,1,6,269.4,,82,82,201402,202306,241,60071.43000000001
526954870122,1,13/05/1958,65,6,1,10,1,6,356.9,,82,82,201512,202306,398,41094.34
527396830180,1,02/03/1979,44,3,2,19,0,6,1206.69,60.33,96.54000000000001,156.87,201504,202007,110,13612.57
527483350122,1,03/05/1973,50,4,2,24,1,,,,,,201701,202306,419,28383.48
527563470144,1,21/03/1987,36,3,1,19,0,6,627.5599999999999,37.5,60,97.5,201604,201604,2,97.5
527853400147,1,19/12/1988,34,2,1,19,0,,,,,,201906,202302,10,2034.83
527943220140,1,02/08/1979,43,3,1,2,1,,120.81,,82,82,201707,202306,280,44172.56999999999
528376670180,1,21/10/1974,48,4,1,14,0,,,,,,201404,202011,149,7433.18
528436590143,1,04/08/1985,37,3,1,2,0,,,,,,201701,201703,1,110.5
528684020141,1,29/03/1982,41,3,1,2,0,,,,,,201404,201408,2,
528700940180,1,12/09/1977,45,4,1,2,1,,,,,,201504,202306,103,17653.91999999999
528769640142,1,22/12/1983,39,3,1,19,0,,,,,,201404,201605,35,907.96
528879630122,1,08/10/1968,54,4,2,14,1,6,120.62,,82,82,201402,202306,548,78734.32000000001
528965720122,1,10/12/1970,52,4,1,10,0,6,7113.09,,569.05,569.04999,201905,202302,350,20441.22
529127740143,1,24/06/1984,39,3,1,2,0,,,,,,202006,202207,8,4363.35
529255300141,1,31/03/1980,43,3,1,2,0,,155.17,37.5,60,97.5,201402,201503,192,916.1899999999999
529537570180,1,25/04/1977,46,4,1,4,0,,,,,,201404,201504,111,2432.11
529713300180,1,16/05/1979,44,3,1,2,0,6,1681.57,84.08,134.53,218.61,201811,201901,7,902.0599999999999
529810190122,1,27/04/1972,51,4,1,10,0,,,,,,201902,202006,7,3416.06
529902270143,1,26/09/1985,37,3,1,19,0,5,267.72,42.5,68,110.5,201404,201710,57,796.76
529956830107,1,20/09/1961,61,5,1,2,1,6,3256.26,,260.5,260.5,201406,202306,513,69733.32000000002
530043760173,1,28/03/1994,29,2,1,2,0,,,,,,202207,202209,3,964.01
530048930140,1,15/08/1979,43,3,,12,0,6,4195.62,209.78,335.65,545.42999,202006,202212,26,2769.54
530060290122,1,22/03/1974,49,4,2,10,1,,,,,,201404,202306,467,59531.44
530072690122,1,26/09/1972,50,4,2,10,1,,362.44,,82,82,201511,202306,415,45098.46
530095450122,1,10/09/1974,48,4,1,10,1,,313.02,,82,82,201404,202306,564,48786.89
530164010140,1,29/06/1968,55,5,1,19,1,5,1850.19,,148.02,148.02,202005,202306,368,15312.79
530284290180,1,05/01/1975,48,4,,14,0,,,,,,201606,201609,32,110.5
530315350122,1,27/10/1972,50,4,,10,0,,,,,,202104,202304,8,3086.45
530510460122,1,25/09/1976,46,4,,10,0,,,,,,201606,201702,4,668.87
531083080129,1,19/09/1960,62,5,1,4,1,6,708.6,,82,82,201405,202306,781,83915.04000000002
531281070141,1,11/03/1981,42,3,1,19,0,,,,,,201404,202303,19,1252.89
531477930171,1,07/01/2000,23,1,1,2,1,,1025,,82,82,202005,202306,75,22536.01
533158750141,1,26/10/1981,41,3,1,13,0,6,1826,91.3,146.08,237.38,201611,202011,47,3530.75
533241110180,1,16/02/1979,44,3,1,2,0,6,2642.83,,211.43,211.42999,201405,202302,125,28878.49000000001
533446780180,1,24/07/1979,43,3,2,2,0,6,4203.93,210.2,336.31,546.51001,201407,201511,210,7191.74
533664910146,1,10/02/1985,38,3,1,14,1,,,,,,201404,202306,162,27310.21
533715690143,1,30/09/1984,38,3,1,2,0,,653.48,46.5,74.40000000000001,120.9,201906,202108,37,12847.05
533717790180,1,17/12/1978,44,3,1,2,1,6,93.66,,82,82,201506,202306,158,18194.45
533881320180,1,21/05/1979,44,3,1,2,0,,,,,,201805,201907,11,396.01
533952250141,1,17/02/1981,42,3,,13,0,,,,,,201405,201504,7,187.8
534102600140,1,16/08/1979,43,3,1,14,0,,,,,,201403,201703,151,5993.589999999999
534668490110,1,27/07/1975,47,4,,23,0,4,850,42.5,68,110.5,201504,201607,24,1208.87
534785340145,1,21/09/1988,34,2,1,24,1,6,807.15,,82,82,201407,202306,280,41250.6
534928360142,1,27/07/1980,42,3,1,2,0,,187.79,37.5,60,97.5,201405,201408,15,466.08
534993540142,1,02/09/1980,42,3,1,14,0,,571.11,46.5,74.40000000000001,120.9,201403,202105,226,20881.22
535214430147,1,28/02/1992,31,2,1,2,1,6,685.75,,82,82,201405,202306,81,19684.39
535341850180,1,25/12/1971,51,4,,13,0,6,1800,90,144,234,201607,201806,28,2520.53
535558520110,1,23/08/1974,48,4,2,14,1,6,523.62,,82,82,201406,202306,436,52051.96000000001
535955150143,1,09/07/1983,39,3,1,2,1,,,,,,201504,202306,126,45824.43
536014610146,1,26/04/1987,36,3,1,2,0,6,1375.89,68.79000000000001,110.07,178.86,201406,201701,39,3285.73
536107240141,1,20/06/1982,41,3,1,2,0,6,5355.12,267.76,428.41,696.16998,201707,202107,12,2543.62
536325920142,1,06/04/1984,39,3,1,14,0,,,,,,201612,202302,43,5487.13
536660320141,1,11/07/1977,45,4,1,19,0,,,,,,201405,202305,257,32920.46999999999
536790780170,1,03/06/1990,33,2,1,2,0,,,,,,201403,201601,2,586.96
537013700110,1,15/06/1973,50,4,1,2,0,,,,,,201405,202001,69,1436.86
537223060141,1,29/08/1979,43,3,1,2,1,6,77.92,,82,82,201402,202306,293,35811.76
538674110110,1,03/04/1974,49,4,1,14,0,,,,,,201504,201506,28,198.36
538787000132,1,26/01/1970,53,4,1,14,1,6,1669.47,,133.56,133.56,201402,202306,438,99049.27
539472240148,1,09/12/1993,29,2,1,19,0,6,3132.82,156.64,250.63,407.26999,201511,201706,22,2477.1
539691020141,1,28/01/1980,43,3,1,2,1,6,349.53,,82,82,201404,202306,209,35732.24
539738490142,1,26/07/1981,41,3,2,24,0,,,,,,201606,201607,3,
539984910141,1,05/04/1982,41,3,1,19,0,6,9376.77,468.84,750.14,1218.98,202005,202007,8,4961.33
540008960148,1,30/08/1994,28,2,1,12,0,6,1188.89,59.44,95.11,154.55,201807,202207,25,8826.25
541249480144,1,14/04/1987,36,3,1,19,0,6,1806.69,90.33,144.54,234.87,201402,201507,58,3073.46
541548700119,1,26/10/1970,52,4,1,2,0,6,3874.66,193.73,309.97,503.69998,201407,201511,345,8421.08
541728030130,1,19/04/1963,60,5,1,4,1,6,722.8,,82,82,201405,202306,237,60565.62000000001
541773090130,1,29/04/1952,71,6,2,4,0,,3847.5,192.38,307.8,500.17999,201404,201804,532,14581.7
541776250130,1,18/07/1965,57,5,1,4,1,,,,,,201404,202306,559,29374.96
541940550146,1,12/01/1990,33,2,1,12,0,6,1188.89,59.44,95.11,154.55,202206,202207,4,154.55
542137800127,1,11/05/1972,51,4,,2,0,,,,,,201504,201507,8,97.5
542181380145,1,12/03/1987,36,3,1,2,1,6,589.79,,82,82,201404,202306,190,67135.5
542314170146,1,19/07/1990,32,2,,14,0,6,476.56,37.5,60,97.5,201504,201504,2,97.5
542389490119,1,17/04/1968,55,5,2,2,1,,,,,,201405,202306,370,23055.11
542448220119,1,07/03/1975,48,4,1,2,1,6,4096.19,,327.7,327.70001,201405,202306,599,122871.26
542586540141,1,08/12/1980,42,3,1,22,0,,,,,,201403,201606,65,97.5
542828850130,1,10/03/1976,47,4,1,14,1,7,619.91,,82,82,201402,202306,450,50721.63999999998
542900310109,1,30/10/1965,57,5,1,14,0,6,878.64,,82,82,202104,202305,302,8022.900000000001
542964830119,1,10/05/1975,48,4,1,2,1,2,1750.89,,140.07,140.07001,202006,202306,226,5661.05
543058590117,1,19/02/1969,54,4,1,13,1,6,1885.63,,150.85,150.85001,201407,202306,597,88495.76000000001
543084450104,1,26/10/1971,51,4,1,17,0,,,,,,201403,201606,15,
543180360144,1,21/11/1986,36,3,,,0,,,,,,,,71,
543475290180,1,22/11/1977,45,4,1,19,0,,,,,,201609,201903,17,719.87
544149260140,1,14/03/1977,46,4,1,19,1,4,2119.91,,169.59,169.59,201402,202306,391,70230.17
544588860141,1,28/08/1980,42,3,1,10,0,1,88464.06,4423.2,7077.12,11500.32,201402,202105,452,191172.34
544796860115,1,01/12/1964,58,5,2,14,1,6,4501.55,,360.12,360.12,201406,202306,228,96209.47
544920540141,1,01/10/1981,41,3,1,15,1,,,,,,201403,202306,102,36865.17
545180350109,1,11/04/1970,53,4,1,14,1,6,368.04,,82,82,201402,202306,458,78554.53000000001
545632520142,1,19/05/1982,41,3,1,2,1,6,150.16,,82,82,201504,202306,163,13033.93
546237490180,1,14/01/1977,46,4,1,24,0,,,,,,201606,202002,183,12552.79
546247600103,1,16/10/1964,58,5,2,19,0,,,,,,201402,202305,582,15236.50999999999
546440690103,1,17/09/1955,67,6,2,19,1,,,,,,201402,202306,1748,48048.34
546453280103,1,26/07/1962,60,5,1,19,1,,3822.06,,305.76,305.76001,201402,202306,529,33756.13999999998
546481310103,1,29/03/1960,63,5,1,19,0,,,,,,201905,201907,367,120.9
546481880103,1,03/09/1953,69,6,2,19,0,6,1124.99,56.25,90,146.25,201402,201510,79,2538.77
546599690103,1,14/07/1964,58,5,1,2,1,,1500,,120,120,201405,202306,725,75561.08
546820110103,1,06/06/1958,65,6,2,24,1,6,1632.19,,130.58,130.58,201405,202306,874,74251.06000000001
546889100103,1,27/07/1956,66,6,2,19,1,,,,,,201405,202306,1514,13421.84999999999
546999020103,1,21/11/1958,64,5,2,19,0,,,,,,201402,202303,996,17817.54
547195490103,1,31/08/1959,63,5,2,14,0,,12531.77,626.59,1002.54,1629.13,201405,201603,620,18010.09
547200020103,1,26/05/1959,64,5,,19,0,,,,,,202106,202211,15,1057.15
547300980143,1,07/02/1986,37,3,1,2,0,6,1036.97,,82.95999999999999,82.959999,202104,202302,20,2738.41
547351180103,1,06/07/1972,50,4,1,19,0,,,,,,201404,201408,259,242.73
547585510140,1,28/02/1980,43,3,1,2,1,6,379.23,,82,82,201402,202306,296,44933.26000000001
548926760146,1,30/08/1990,32,2,1,19,0,6,7259.46,362.97,580.76,943.72998,201406,201506,17,2964.59
548986920103,1,19/01/1961,62,5,1,19,1,,,,,,201801,202306,461,4030.320000000001
549000370103,1,13/05/1966,57,5,1,19,0,,,,,,201405,202102,650,8476.829999999996
549058710103,1,04/12/1967,55,5,1,19,1,,,,,,201405,202306,579,67845.56999999999
549069140103,1,12/03/1968,55,5,,19,0,6,414.71,,82,82,201402,202208,401,5278.69
549081370140,1,08/02/1980,43,3,1,2,0,6,2946.75,147.34,235.74,383.07999,201404,201612,129,1870.4
549111640103,1,17/11/1968,54,4,1,19,0,,,,,,201406,201904,498,8466
549208170103,1,13/03/1967,56,5,1,19,0,,,,,,201803,201903,14,473.2
549288170103,1,06/06/1970,53,4,1,19,0,,,,,,201712,202304,99,5552.870000000002
549298350103,1,04/04/1969,54,4,,19,1,3,3740.5,,299.24,299.23999,201402,202306,474,43685.47
549379220103,1,08/07/1964,58,5,1,19,1,3,8315.16,,665.21,665.21002,201406,202306,877,145213.87
549379990103,1,26/03/1973,50,4,1,19,1,6,388.54,,82,82,201403,202306,558,58440.17
549422700103,1,20/07/1972,50,4,1,19,1,2,349.53,,82,82,201404,202306,701,36022.81
549451490143,1,03/02/1986,37,3,1,2,0,,,,,,201511,201705,16,1511.82
549468100103,1,10/08/1972,50,4,2,19,0,,,,,,201402,202301,412,18168.84
549469550103,1,26/10/1971,51,4,2,19,1,6,1390.65,,111.25,111.25,201405,202306,815,95962.96000000004
549612160103,1,01/10/1957,65,6,2,24,1,6,1706.63,,136.53,136.53,201406,202306,640,72824.29000000004
549910220145,1,13/01/1989,34,2,1,2,0,,,,,,201405,202012,77,29001.13
549952870103,1,27/03/1975,48,4,1,19,0,,,,,,201402,202304,878,39626.67000000002
550256090103,1,26/05/1966,57,5,2,19,0,,,,,,201403,202206,630,23405.73
550303480103,1,18/07/1962,60,5,1,19,1,,4810.52,,384.84,384.84,201702,202306,0,38273.24
550491490103,1,15/11/1965,57,5,1,19,0,,69.65000000000001,37.5,60,97.5,201402,201402,215,97.5
550574490103,1,14/12/1973,49,4,1,19,0,,,,,,201402,202206,12,1101.67
550600530103,1,15/10/1973,49,4,1,19,0,6,611.8,,82,82,201402,202304,377,14332.56
550800520141,1,25/01/1982,41,3,1,19,0,,,,,,201402,201407,73,580.1899999999999
550836830103,1,25/08/1976,46,4,1,19,0,6,2331.23,116.56,186.5,303.06,201402,201704,175,4648.869999999999
550869210103,1,08/07/1978,44,3,1,19,1,6,2981.1,,238.49,238.49001,201405,202306,468,95207.44
551237560144,1,27/09/1987,35,3,,2,0,,,,,,201705,201811,23,2090.34
551656400146,1,09/07/1989,33,2,1,19,0,5,1406.4,70.31999999999999,112.51,182.83,201402,201506,110,1220.47
552481070141,1,31/08/1982,40,3,,14,0,,172.6,37.5,60,97.5,201511,201512,3,195
553050660142,1,18/05/1984,39,3,1,19,0,6,789.9,39.5,63.19,102.69,201412,201412,28,102.69
553803290148,1,25/08/1980,42,3,,14,0,,535.03,37.5,60,97.5,201506,201604,12,844.22
553882680175,1,15/09/1998,24,1,,14,0,6,4213.11,210.66,337.05,547.71002,202105,202106,5,1092.46
554218660125,1,15/07/1967,55,5,1,24,1,,,,,,201402,202306,651,59087.18000000001
554230840132,1,23/11/1976,46,4,1,2,0,,,,,,201905,202011,31,5549.799999999999
554319560132,1,08/01/1977,46,4,1,2,1,6,419.22,,82,82,201402,202306,306,78073.57000000001
554494230143,1,31/05/1984,39,3,,,0,,,,,,,,45,
554539500125,1,19/10/1963,59,5,2,24,0,,,,,,201407,201411,397,1167.5
554748200144,1,02/10/1987,35,3,2,19,0,6,524.3099999999999,46.5,74.40000000000001,120.9,202110,202112,6,241.8
555838360141,1,11/01/1973,50,4,2,19,1,5,2738.75,,219.1,219.10001,201402,202306,511,32072.34
555928100171,1,11/04/1993,30,2,1,2,0,,,,,,202207,202302,14,2892.5
556163140117,1,09/12/1967,55,5,1,13,0,6,911.0700000000001,45.55,72.89,118.44,201405,201601,39,1543.16
556392140140,1,21/02/1979,44,3,1,2,1,4,7374.9,,589.99,589.98999,201403,202306,275,90392.51000000004
556418870121,1,23/01/1966,57,5,2,10,1,,1316.49,,105.32,105.32,201406,202306,568,103243.53
556550350125,1,22/10/1968,54,4,2,2,1,,,,,,201404,202306,576,86510.53999999998
557460970140,1,31/12/1975,47,4,1,2,1,6,702.25,,82,82,201402,202306,237,56226.6
558034220115,1,09/01/1965,58,5,2,14,1,,,,,,201405,202306,458,64116.38
558952150180,1,08/07/1973,49,4,1,14,0,,,,,,201407,202301,214,34443.93
559286150116,1,12/12/1967,55,5,,13,0,6,4152.01,207.6,332.16,539.76001,201607,201612,12,1286.71
559513880117,1,23/11/1967,55,5,1,13,0,,,,,,201405,201802,115,4124.5
559515890117,1,24/09/1967,55,5,2,13,0,,177601.96,8880.1,14208.16,23088.26,201405,201603,451,36773.09
559536550145,1,22/10/1972,50,4,1,2,0,,,,,,201405,201803,62,1078.46
559588650117,1,07/03/1969,54,4,2,13,0,1,10933.73,546.6900000000001,874.7,1421.39,201402,202104,109,35071.97
559611730117,1,09/02/1971,52,4,1,13,0,6,911.0700000000001,45.55,72.89,118.44,201405,201601,38,1543.19
559641970117,1,21/11/1969,53,4,2,13,0,2,8422.25,421.11,673.78,1094.89,201611,201705,110,2851.89
559647610125,1,28/05/1959,64,5,2,24,1,3,5831.08,,466.49,466.48999,201402,202306,707,112729.19
559857050109,1,04/08/1971,51,4,2,14,1,6,457.03,,82,82,201402,202306,297,61609.25
559861100116,1,11/02/1954,69,6,2,13,0,,,,,,201405,201505,7,511.01
559968160143,1,14/06/1986,37,3,2,19,1,6,2099.28,,167.94,167.94,202005,202306,90,16915.93
560043220116,1,09/01/1963,60,5,,13,0,6,1000,50,80,130,201801,201801,4,130
560188970115,1,30/09/1962,60,5,1,14,1,,,,,,201711,202306,608,33144.11
560313250115,1,24/04/1954,69,6,,14,0,,,,,,201507,201510,196,97.5
560546560125,1,17/07/1964,58,5,1,24,0,6,1349.52,67.48,107.96,175.44,201502,201503,19,272.94
560639040140,1,18/09/1980,42,3,1,2,1,,,,,,201404,202306,320,50510.46000000001
560672380170,1,24/04/1994,29,2,1,2,1,,,,,,201906,202306,18,10186.48
560689930144,1,06/07/1987,35,3,1,2,0,,,,,,201912,202204,18,4846.52
560956930115,1,19/11/1964,58,5,1,14,1,,,,,,201404,202306,375,26504.21999999999
561001580142,1,19/09/1984,38,3,1,14,0,6,7265.06,363.25,581.2,944.45001,202006,202007,20,1982.11
561174340145,1,07/03/1989,34,2,1,2,0,,,,,,202006,202106,1,241.8
561453310180,1,02/02/1979,44,3,1,14,1,,,,,,201404,202306,179,39629.50999999999
561520440180,1,21/05/1978,45,4,1,14,1,,,,,,201404,202306,241,27513.59
561538470140,1,30/01/1980,43,3,1,19,0,6,182.19,,82,82,201711,202210,28,947.28
561657670115,1,10/09/1962,60,5,1,14,0,,,,,,201404,202001,333,16310.2
561722380115,1,03/01/1966,57,5,3,14,1,6,1200.16,,96.01000000000001,96.010002,201405,202306,661,82987.22
562092020117,1,28/01/1974,49,4,1,13,0,3,4174.02,,333.92,333.92001,201607,202212,94,14254.75
562118220104,1,10/02/1955,68,6,2,17,1,,,,,,201406,202306,584,36334.78000000001
562187560104,1,11/04/1964,59,5,1,17,1,,,,,,201404,202306,553,3256.36
562202080180,1,14/10/1976,46,4,1,2,0,6,2706.44,,216.52,216.52,201511,202207,96,5116.93
562252730180,1,04/07/1980,42,3,1,2,0,,,,,,201511,201901,25,1173.12
562287280104,1,25/12/1963,59,5,1,17,0,,,,,,202107,202302,14,195.3
562558830146,1,06/07/1989,33,2,,2,0,,550,46.5,74.40000000000001,120.9,202006,202111,22,4131.99
562802890143,1,09/05/1984,39,3,1,13,0,6,1006.06,50.3,80.48,130.78,201405,201407,84,251.26
562804690140,1,29/09/1980,42,3,1,14,1,4,1735.36,,138.83,138.83,201404,202306,477,70219.11000000003
562927900115,1,13/05/1958,65,6,2,14,1,4,4260.38,,340.83,340.82999,201405,202306,716,108240.89
562951190141,1,05/03/1983,40,3,1,2,0,,,,,,201504,202304,39,4495.349999999999
563253060140,1,27/08/1980,42,3,1,2,0,6,,,,,201611,202106,53,525.22
563415820104,1,22/07/1965,57,5,1,17,1,,,,,,201404,202306,373,45056.46
563455570104,1,26/09/1966,56,5,,17,0,6,2819.37,140.97,225.55,366.51999,201905,201911,5,1475.13
563727740141,1,21/04/1983,40,3,2,14,1,,,,,,201611,202306,46,7668.16
563751130116,1,08/02/1972,51,4,,13,0,6,3624,181.2,289.92,471.12,202111,202111,2,471.12
563848930115,1,04/01/1956,67,6,2,14,0,,,,,,201405,201811,98,5717.6
563903850115,1,04/06/1959,64,5,2,14,1,,,,,,201404,202306,631,28752.92000000001
563918820115,1,06/02/1963,60,5,1,14,0,,,,,,201404,201406,221,97.5
564004300115,1,20/04/1964,59,5,2,14,0,,,,,,201404,201801,481,18204.75999999999
564057790115,1,21/12/1967,55,5,1,14,1,6,3481.09,,278.49,278.48999,201404,202306,577,60707.98
564067160115,1,12/06/1966,57,5,2,14,1,6,476.56,,82,82,201405,202306,576,90528.57000000002
564073660132,1,15/10/1965,57,5,2,14,1,3,2235.36,,178.83,178.83,201404,202306,660,75655.20999999999
564088640115,1,20/12/1970,52,4,1,14,0,,,,,,201404,202008,333,16700.92
564111240115,1,17/04/1973,50,4,1,14,1,,,,,,201604,202306,332,11871.59
564121610115,1,25/07/1973,49,4,1,14,1,,,,,,201404,202306,263,53841.57000000001
564141180115,1,08/04/1973,50,4,1,14,1,6,635.36,,82,82,201504,202306,251,36037.95
564148210115,1,09/03/1963,60,5,1,19,1,,593.08,,82,82,201404,202306,747,48120.86
564497000104,1,05/05/1970,53,4,2,17,1,,,,,,201403,202306,831,24766.65
564512640104,1,29/05/1965,58,5,2,17,1,6,370.87,,82,82,201403,202306,499,39925.76000000001
564530250104,1,14/12/1969,53,4,1,17,1,,,,,,201402,202306,755,48944.86
564566450104,1,13/11/1966,56,5,2,17,1,,,,,,201402,202306,738,83278.46000000001
564579270140,1,20/10/1976,46,4,1,2,1,6,1125.75,,90.06,90.059998,201403,202306,449,52526.63
564645790104,1,10/11/1971,51,4,2,2,1,,177.2,,82,82,201405,202306,469,94201.86000000002
564673690115,1,13/08/1955,67,6,2,14,0,6,572.79,42.5,68,110.5,201611,201611,398,110.5
564738990104,1,05/12/1972,50,4,1,17,1,,,,,,201404,202306,491,59610.32
564793030140,1,15/09/1980,42,3,1,2,1,6,297.82,,82,82,201406,202306,326,90164.76999999999
564839960141,1,12/05/1980,43,3,1,14,1,,,,,,202112,202306,64,454.36
565040410104,1,04/12/1975,47,4,2,14,0,,,,,,201507,201508,10,157.81
565136920141,1,28/11/1979,43,3,2,19,1,6,697.0599999999999,,82,82,201405,202306,418,90568.56999999998
565168310104,1,18/02/1956,67,6,1,17,0,,,,,,201402,201904,493,3968.72
565328440141,1,21/06/1981,42,3,1,2,1,4,3058.35,,244.67,244.67,201406,202306,253,77436.22000000004
565362470104,1,19/10/1978,44,3,1,17,0,,,,,,201403,201606,4,
565969320140,1,05/05/1978,45,4,1,19,0,6,1384.84,69.23999999999999,110.79,180.03,201603,201603,88,180.03
566145990102,1,11/11/1972,50,4,,19,0,,,,,,201505,201611,11,923
566200200102,1,17/08/1966,56,5,2,19,0,6,509.61,46.5,74.40000000000001,120.9,201711,201909,357,5189.230000000001
566862380103,1,13/06/1970,53,4,1,19,1,,3500,,280,280,201402,202306,448,37421.84
566890750140,1,22/09/1978,44,3,1,2,0,,,,,,201402,202305,275,57921.84000000003
567105160177,1,19/09/1995,27,2,,2,0,,,,,,201511,201611,1,97.5
567281840148,1,27/09/1994,28,2,,19,1,,,,,,202206,202306,1,214.36
567513270108,1,04/01/1968,55,5,1,2,1,6,2262.94,,181.04,181.03999,201405,202306,747,102424.85
568210790143,1,12/04/1986,37,3,,19,0,,,,,,201911,202001,6,360.03
568246110141,1,23/02/1981,42,3,1,2,1,6,1787.9,,143.03,143.03,201402,202306,345,72045.82999999999
568296050140,1,13/05/1980,43,3,1,12,1,,,,,,202212,202306,93,632.22
568844620143,1,17/07/1986,36,3,,13,0,6,2279.05,113.95,182.32,296.26999,201705,201706,8,530.22
569313800146,1,05/09/1990,32,2,,19,0,,,,,,202111,202207,11,2796.05
569656860147,1,07/04/1993,30,2,,19,0,,,,,,202211,202303,9,1772.15
569697740103,1,30/09/1977,45,4,1,19,0,3,8632.27,,690.58,690.58002,201406,202212,64,13167.62
570124620115,1,05/01/1965,58,5,2,14,1,6,892.18,,82,82,201405,202306,668,95108.85999999999
570263940115,1,01/06/1961,62,5,2,14,1,2,1708.09,,136.65,136.64999,201406,202306,782,115302.68
570838650115,1,01/11/1964,58,5,1,14,1,,,,,,201402,202306,557,29768.6
570852550102,1,25/05/1964,59,5,2,19,1,6,1339.25,,107.14,107.14,201405,202306,411,84001.22
570882380102,1,23/06/1964,59,5,2,19,1,2,1825.61,,146.05,146.05,201405,202306,722,101266.59
570919740115,1,20/01/1971,52,4,1,13,1,6,787.35,,82,82,201405,202306,485,85404.44000000003
571099900115,1,28/08/1962,60,5,1,14,0,,,,,,201405,201508,172,649.4
571291210109,1,08/03/1968,55,5,1,14,1,,109.83,,82,82,201402,202306,565,72253.78000000003
571355620115,1,25/12/1966,56,5,2,14,1,5,1468.07,,117.45,117.45,201402,202306,591,65335.40000000001
571381650115,1,14/08/1968,54,4,2,14,1,6,958.79,,82,82,201405,202306,662,60620.12000000001
571382190115,1,29/08/1968,54,4,2,14,0,6,4754.79,237.74,380.38,618.12,201405,201612,437,3275.07
571382810115,1,14/08/1968,54,4,1,2,1,6,2321.69,,185.74,185.74001,201406,202306,587,66369.32000000001
571504630115,1,01/03/1963,60,5,2,14,1,6,1272.89,,101.83,101.83,201405,202306,650,78511.31999999999
571865480148,1,22/03/1995,28,2,,23,0,6,379.5,46.5,74.40000000000001,120.9,201803,202006,66,2135.63
572006660142,1,02/01/1981,42,3,1,2,0,6,1751.27,87.56,140.1,227.66,201612,202201,152,119943.91
572674700115,1,30/12/1967,55,5,2,14,1,6,433.38,,82,82,201402,202306,499,80207.45999999999
572716390115,1,27/05/1972,51,4,1,14,1,,,,,,201402,202306,158,12077.11
572749240146,1,20/01/1992,31,2,1,14,0,6,5090.59,254.53,407.25,661.78003,201404,202112,89,13212.49
573122450144,1,08/12/1987,35,3,1,14,1,6,129.27,,82,82,202012,202306,65,13381.74
573134350141,1,06/12/1982,40,3,1,2,0,,,,,,201404,201503,174,2504.16
573320750132,1,16/08/1956,66,6,2,2,1,6,2555.52,,204.44,204.44,201402,202306,769,72669.35000000003
573336530115,1,30/12/1967,55,5,1,2,1,6,2031.39,,162.51,162.50999,201402,202306,611,99338.87000000002
573409900132,1,20/04/1971,52,4,2,2,0,6,3699.07,184.95,295.93,480.88,201407,201511,185,9024.76
573425650132,1,07/03/1973,50,4,1,2,1,1,1676.87,,134.15,134.14999,201405,202306,430,189327.9
573434860132,1,15/02/1974,49,4,1,2,0,6,490.52,46.5,74.40000000000001,120.9,201803,201804,3,120.9
573692490115,1,18/04/1972,51,4,1,14,0,1,2307.88,115.39,184.63,300.01999,201404,202203,338,21762.84
573701340132,1,22/12/1960,62,5,2,2,1,6,274.81,,82,82,201407,202306,490,49422.40000000001
573770620116,1,15/09/1975,47,4,1,10,1,3,2580.85,,206.47,206.47,201404,202306,511,51919.71000000001
573774900115,1,29/01/1971,52,4,2,14,1,,,,,,201404,202306,502,39359.37
573846470115,1,17/04/1975,48,4,1,14,1,4,4523.7,,361.9,361.89999,201405,202306,370,122875.64
573933190132,1,15/04/1973,50,4,2,2,1,6,3986.73,,318.94,318.94,201405,202306,674,114581.62
573939850142,1,26/11/1984,38,3,1,2,0,,,,,,201812,201905,2,636.59
573998780109,1,10/10/1968,54,4,2,2,1,6,354.17,,82,82,201611,202306,339,10615.55
574051520116,1,21/03/1973,50,4,1,13,0,6,773.16,38.66,61.85,100.51,201405,201506,29,1307.48
574063010115,1,31/05/1973,50,4,1,14,0,,,,,,201404,201505,133,2044.89
574150950116,1,17/07/1975,47,4,2,13,0,,,,,,201404,201803,88,681.04
574165680102,1,27/01/1959,64,5,2,19,1,6,1022.48,,82,82,201407,202306,529,109178.92
574236460102,1,01/11/1964,58,5,2,19,1,6,4353.54,,348.28,348.28,201407,202306,730,113927.08
574315620125,1,08/10/1968,54,4,2,24,0,6,481.22,,82,82,201404,202302,216,9577.219999999999
574367810125,1,28/06/1968,55,5,2,24,1,6,1949.72,,155.98,155.98,201406,202306,598,93360.62000000001
574400570141,1,14/11/1982,40,3,1,17,0,,,,,,201404,201504,243,3399.55
574427560140,1,26/03/1975,48,4,2,2,1,6,139.29,,82,82,201402,202306,352,63146.56
574597800125,1,19/09/1971,51,4,2,24,0,,,,,,201802,202212,341,11807.3
574874300104,1,05/04/1977,46,4,1,17,0,,,,,,201505,201507,12,1023.85
575519550125,1,21/05/1973,50,4,1,24,0,6,1286.23,,102.9,102.9,201504,202108,90,23172.46
575900690102,1,23/12/1966,56,5,1,19,0,,2944.86,147.24,235.59,382.83002,201405,202009,443,58444.87000000001
575944850102,1,30/06/1969,54,4,2,19,0,6,2935.13,146.76,234.81,381.57001,201601,201601,2,381.57
576445760173,1,06/11/1993,29,2,1,20,0,6,899.34,46.5,74.40000000000001,120.9,202104,202104,1,120.9
576763130125,1,22/08/1972,50,4,1,24,0,6,7028.22,,562.26,562.26001,201407,202301,433,25653.04
576818480140,1,09/02/1979,44,3,1,14,0,,,,,,201404,201910,149,13191.22
576884340125,1,22/04/1975,48,4,1,14,1,,,,,,201402,202306,237,49754.39999999999
576997280132,1,28/12/1965,57,5,2,2,0,,,,,,201402,201403,332,
577198210141,1,01/01/1983,40,3,1,2,0,,,,,,201403,202211,257,56472.57000000001
577381280140,1,12/08/1978,44,3,1,2,1,6,1172.15,,93.77,93.769997,201405,202306,521,91229.46000000002
577485930141,1,06/01/1981,42,3,1,19,1,,,,,,201407,202306,222,34347.03999999999
577616110132,1,12/07/1962,60,5,2,2,1,6,179.56,,82,82,201402,202306,373,64718.64000000002
577644590132,1,31/08/1959,63,5,2,2,1,,,,,,201402,202306,374,33878.93
578007170132,1,01/11/1955,67,6,2,2,1,6,825.73,,82,82,201402,202306,615,58507.86000000002
578040140132,1,18/07/1966,56,5,2,2,1,6,129.27,,82,82,201405,202306,459,30434.42
578089380145,1,21/06/1989,34,2,1,2,0,,,,,,201504,201505,2,114.66
578216630132,1,25/12/1961,61,5,2,2,0,,340.47,46.5,74.40000000000001,120.9,201402,201804,340,477.85
578219320132,1,15/11/1964,58,5,1,2,1,,,,,,201405,202306,813,59714.45
578386130125,1,03/09/1973,49,4,1,24,1,3,4489.33,,359.15,359.14999,201405,202306,578,137063.46
578434760132,1,15/05/1964,59,5,2,2,0,6,1295.58,64.78,103.65,168.42999,201405,201601,158,2404.06
578582270116,1,02/05/1975,48,4,1,24,0,,,,,,201706,201710,2,221
578743940142,1,27/10/1984,38,3,1,2,1,6,4416.78,,353.34,353.34,201405,202306,310,133875.77
578854760125,1,11/04/1976,47,4,1,24,1,,,,,,201511,202306,297,19561.16
579012210125,1,28/09/1972,50,4,2,24,1,6,481.02,,82,82,201404,202306,361,60846.57999999999
579082240125,1,08/02/1975,48,4,4,24,1,6,1750.45,,140.04,140.03999,201504,202306,328,56388
579090530132,1,15/06/1965,58,5,1,2,0,,,,,,201404,201810,397,8647.879999999999
579186500116,1,02/10/1977,45,4,1,13,0,,,,,,201403,201606,263,97.5
579393800116,1,18/09/1975,47,4,1,24,0,6,1000,50,80,130,201801,201801,4,130
579547340132,1,22/08/1966,56,5,1,2,0,,,,,,201406,201901,454,28981.32
579984570100,1,23/04/1975,48,4,1,17,0,6,195.94,,82,82,201404,202212,230,30274.01
580020740132,1,08/04/1963,60,5,1,,0,,,,,,201407,201509,278,6762.030000000001
580060500116,1,18/10/1977,45,4,,13,0,6,2832.58,141.63,226.61,368.23999,201607,201607,4,368.24
580569470141,1,27/02/1981,42,3,1,2,0,,31.81,37.5,60,97.5,201405,201407,41,292.5
580629930121,1,12/07/1956,66,6,4,10,0,,,,,,201404,201407,118,671.0599999999999
580768570125,1,12/08/1974,48,4,1,24,1,,,,,,201801,202306,265,26528.76
580788490142,1,10/11/1984,38,3,,19,0,,,,,,201504,201507,2,843.8599999999999
580926270102,1,04/10/1972,50,4,1,19,0,,,,,,201612,201702,147,780
581297460132,1,20/07/1956,66,6,2,2,0,,,,,,201405,201406,212,
581363230132,1,24/03/1965,58,5,2,24,1,,572.61,,82,82,201605,202306,240,65483.80000000001
582176560141,1,20/04/1982,41,3,1,2,0,6,2863.64,,229.09,229.09,202211,202301,15,699.67
582346560132,1,16/12/1965,57,5,1,2,0,,,,,,201406,201812,398,16767.52
582361140121,1,14/02/1964,59,5,1,10,1,,853.61,,82,82,201404,202306,374,45753.26000000001
582458630121,1,01/02/1969,54,4,1,10,0,,,,,,201404,201510,228,5239.12
582463770121,1,17/05/1969,54,4,2,14,0,,411.86,46.5,74.40000000000001,120.9,201711,201807,209,5455.92
582567020141,1,11/11/1981,41,3,,10,0,6,926.0599999999999,46.5,74.40000000000001,120.9,201806,201807,4,399.6900000000001
582601650132,1,04/03/1965,58,5,1,2,1,,,,,,201405,202306,380,31889.51
582728470132,1,08/06/1959,64,5,1,2,0,6,1705.55,85.28,136.44,221.72,201804,201805,448,387.13
582748950125,1,05/05/1963,60,5,2,24,0,,,,,,201404,202305,135,133396.6
582754790132,1,23/09/1965,57,5,1,2,1,6,3667.99,,293.44,293.44,201402,202306,779,109224.85
582817370132,1,14/09/1963,59,5,1,2,0,,,,,,201504,201901,44,4395.620000000001
582823870125,1,06/08/1976,46,4,2,24,0,,,,,,201407,201501,100,216.08
582961660147,1,01/07/1993,29,2,1,13,1,,,,,,201707,202306,32,4460.06
583060410125,1,07/02/1962,61,5,2,19,1,6,1265.11,,101.21,101.21,201405,202306,727,77629.17000000001
583114260147,1,06/07/1993,29,2,2,2,1,,,,,,201711,202306,72,21086.81
583186020141,1,28/04/1982,41,3,1,13,0,,,,,,201606,201609,3,416.0599999999999
583323700142,1,30/10/1984,38,3,2,14,0,,9814.98,490.75,785.2,1275.95,201407,202207,65,33013.32
583346420132,1,27/03/1955,68,6,1,2,1,6,1782.83,,142.63,142.63,201402,202306,459,47098.21000000001
583361320130,1,18/03/1969,54,4,1,4,1,,326.09,,82,82,201612,202306,421,30118.35
583409800102,1,07/06/1971,52,4,1,24,1,6,199.3,,82,82,201407,202306,400,46946.32000000001
583457350130,1,15/11/1969,53,4,1,4,1,,326.09,,82,82,201403,202306,529,39079.21999999999
583603000102,1,17/12/1972,50,4,1,19,0,,,,,,201611,201705,149,834.53
583606580102,1,20/02/1970,53,4,2,19,1,6,107.44,,82,82,201408,202306,524,80333.47
583773790145,1,18/07/1989,33,2,1,25,0,6,2607.35,130.37,208.59,338.95999,201511,201903,69,10221.13
584159180140,1,28/03/1979,44,3,1,2,0,6,911.95,46.5,74.40000000000001,120.9,201405,202007,30,5071.23
584391630132,1,28/12/1962,60,5,2,2,1,,,,,,201402,202306,579,81955.41
584421090132,1,28/01/1963,60,5,1,2,0,,,,,,201405,201807,227,8981.049999999999
584651380132,1,11/06/1953,70,6,,2,0,,,,,,201404,201508,314,1488.78
584716180115,1,05/10/1973,49,4,1,14,1,6,2321.69,,185.74,185.74001,201406,202306,334,65527.99999999999
584765460132,1,21/03/1965,58,5,2,2,1,,,,,,201405,202306,208,16263.06
584778450143,1,30/03/1986,37,3,1,2,1,6,762.5700000000001,,82,82,201405,202306,306,78589.96000000001
584949480115,1,02/03/1973,50,4,1,14,1,,,,,,201606,202306,125,8181.569999999999
585073460132,1,25/02/1963,60,5,1,2,1,6,33.01,,82,82,201506,202306,419,54016.19
585183060115,1,24/02/1972,51,4,1,14,0,,,,,,201801,201804,71,485.04
585258230115,1,31/05/1969,54,4,1,14,1,4,999.53,,82,82,201404,202306,583,53131.13000000003
585285830121,1,16/10/1962,60,5,2,10,0,,,,,,201404,202305,396,32090.91
585302980121,1,01/12/1954,68,6,2,10,0,,,,,,201407,202305,377,39188.62000000001
585315020125,1,29/06/1977,46,4,1,24,1,6,697.0599999999999,,82,82,201405,202306,351,83860.53
585316090115,1,20/10/1973,49,4,1,14,1,,,,,,201404,202306,359,19989.31999999999
585316750115,1,14/06/1972,51,4,1,14,1,,,,,,201404,202306,377,29894.82
585320110115,1,28/04/1974,49,4,2,14,1,,98.84999999999999,,82,82,201404,202306,383,55571.75
585328220103,1,12/06/1968,55,5,1,19,0,3,21073.97,,1685.92,1685.92,201406,202212,70,26327.86
585367980102,1,13/04/1971,52,4,1,24,0,,,,,,201612,202207,278,10141.95
585386620121,1,14/11/1966,56,5,2,10,1,6,457.16,,82,82,201405,202306,390,97431.90000000002
585405530121,1,03/02/1969,54,4,2,10,1,,,,,,201404,202306,397,38685.88
585410360121,1,18/03/1971,52,4,2,10,0,,,,,,201404,201704,330,10870.1
585415400121,1,14/11/1971,51,4,2,10,0,6,4118.08,205.9,329.45,535.34998,201407,201511,359,7503.21
585418270121,1,09/09/1971,51,4,2,10,0,6,3406.63,170.33,272.53,442.86002,201403,201606,95,4173.610000000001
585425140121,1,30/01/1973,50,4,1,10,1,6,4353.54,,348.28,348.28,201407,202306,603,115279.75
585431910121,1,07/08/1973,49,4,2,10,1,6,2805.38,,224.43,224.42999,201407,202306,588,100731.38
585432670121,1,04/04/1973,50,4,,10,0,,,,,,201404,201510,169,5570.59
585692440132,1,02/07/1959,63,5,2,2,1,3,5634.76,,450.78,450.78,201402,202306,1035,128621.68
585720670132,1,10/01/1966,57,5,2,2,1,6,423.89,,82,82,201402,202306,624,39023
585727230132,1,27/12/1965,57,5,2,2,1,6,2481.56,,198.52,198.52,201405,202306,485,98219.78000000003
585730020102,1,15/09/1975,47,4,1,19,0,2,5754.85,,460.39,460.39001,201406,202212,64,8940.529999999999
585774930132,1,30/08/1965,57,5,2,2,1,,,,,,201405,202306,316,27550.26
585873120144,1,10/02/1988,35,3,1,2,1,6,157.1,,82,82,201507,202306,40,8824.91
585935730121,1,25/04/1971,52,4,2,10,0,,,,,,201404,202010,360,7457.51
586032910132,1,01/03/1966,57,5,1,2,0,,,,,,202007,202103,317,5387.26
586079110132,1,29/03/1957,66,6,2,,1,,,,,,201402,202306,879,46411.57
586125210118,1,17/05/1962,61,5,1,2,1,6,166.82,,82,82,201405,202306,313,25840.45
586126630121,1,03/09/1971,51,4,2,10,0,6,528.13,46.5,74.40000000000001,120.9,201404,201810,310,26269.87
586254780121,1,09/09/1972,50,4,,26,0,6,184.78,37.5,60,97.5,201506,201506,13,97.5
586290410115,1,23/11/1961,61,5,1,14,0,,,,,,201504,202204,368,19910.98
586303490103,1,23/01/1976,47,4,1,19,1,6,619.91,,82,82,202011,202306,53,21195.57
586324140121,1,13/02/1973,50,4,1,10,1,6,5022.9,,401.83,401.82999,201406,202306,535,106132.24
586532390121,1,14/04/1973,50,4,2,10,1,6,476.83,,82,82,201407,202306,604,83020.22999999998
586688400115,1,07/02/1978,45,4,1,14,0,,,,,,201504,201907,155,3993.03
586750280115,1,09/04/1974,49,4,1,14,1,,,,,,201612,202306,145,15905.53
586783840121,1,01/06/1971,52,4,1,10,1,6,457.03,,82,82,201402,202306,541,72828.15000000004
586841690132,1,24/07/1963,59,5,1,2,0,,,,,,201403,201712,336,1484.29
586992470132,1,23/09/1965,57,5,1,2,0,,,,,,201405,201706,50,227.44
587062710102,1,09/10/1973,49,4,1,13,0,,,,,,201511,201512,1,97.5
587317380132,1,02/03/1972,51,4,1,2,1,2,350.95,,82,82,201406,202306,583,99612.34
587343420143,1,17/07/1986,36,3,1,14,0,,,,,,201402,201911,102,5179.009999999999
587380150121,1,13/08/1974,48,4,1,10,1,6,591.76,,82,82,201405,202306,259,65738.88999999998
587566980132,1,26/03/1971,52,4,1,2,0,,,,,,201402,201902,404,6649.789999999999
587586320132,1,15/07/1970,52,4,2,2,1,6,5199.67,,415.97,415.97,201402,202306,708,118526.5
587735530121,1,07/11/1965,57,5,2,10,1,2,890.48,,82,82,201406,202306,717,71640.40000000001
587940330103,1,26/12/1973,49,4,1,24,0,,,,,,201902,202010,244,11585.23
588428640145,1,29/05/1989,34,2,2,14,0,6,793.5,39.68,63.48,103.16,201402,201604,6,1117.33
588584360132,1,14/04/1972,51,4,1,2,0,6,4997.98,249.9,399.84,649.73999,201606,202007,145,1091.12
588591160132,1,20/09/1971,51,4,1,2,0,,5268.17,263.41,421.45,684.85999,201405,201903,313,7720.67
588621380132,1,08/03/1965,58,5,1,2,1,2,838.14,,82,82,201402,202306,777,108561.67
588786070132,1,09/01/1972,51,4,2,2,1,6,1787.9,,143.03,143.03,201402,202306,543,80967.26000000001
588896440106,1,07/11/1966,56,5,1,2,1,6,1120.59,,89.65000000000001,89.650002,201402,202306,280,51307.42
589016460132,1,30/01/1965,58,5,1,2,1,6,405.42,,82,82,201405,202306,394,66640.75999999999
589325670132,1,01/07/1958,64,5,1,2,1,6,165.42,,82,82,201405,202306,372,78822.64000000001
589376000132,1,06/11/1965,57,5,1,2,0,,,,,,201504,201504,154,
589429400132,1,25/02/1966,57,5,2,2,0,6,79.36,37.5,60,97.5,201507,201507,332,97.5
589653610132,1,26/03/1955,68,6,2,2,1,,,,,,201402,202306,603,37955.24000000001
589864800143,1,10/02/1980,43,3,1,2,0,,,,,,201611,201612,1,110.5
590256790132,1,12/07/1969,53,4,1,2,0,,5909.46,295.47,472.76,768.22998,201405,201603,360,11190.15
590264260140,1,22/06/1980,43,3,2,2,1,3,3385.25,,270.82,270.82001,201404,202306,594,68313.32999999999
590437680132,1,08/09/1966,56,5,2,2,0,1,6492.78,,519.42,519.41998,201611,202301,328,22024.98
590447080132,1,17/07/1966,56,5,1,2,0,6,2756.53,,220.52,220.52,201405,202301,218,14713.91
590696760132,1,06/09/1967,55,5,2,2,1,,,,,,201805,202306,427,6057.01
590948830177,1,01/09/1996,26,2,,13,1,,,,,,202304,202306,0,
591315590132,1,15/11/1968,54,4,2,2,0,,43.93,46.5,74.40000000000001,120.9,201911,202105,322,4660.960000000001
591337620132,1,26/06/1968,55,5,1,2,1,6,202.23,,82,82,202011,202306,30,6993.11
591407120132,1,28/10/1967,55,5,1,2,1,6,1213.45,,97.08,97.080002,201406,202306,694,79537.97000000003
591501040132,1,12/06/1958,65,6,2,2,1,6,356.9,,82,82,201512,202306,524,35636.96
591568000132,1,15/05/1968,55,5,2,2,0,,,,,,201406,201807,409,41510.61
591647710132,1,20/01/1963,60,5,1,2,1,,,,,,201402,202306,490,25921.59
591840440132,1,15/08/1967,55,5,,2,0,6,10203.51,510.18,816.28,1326.46,201402,202111,328,46957.76000000001
591906490132,1,25/04/1969,54,4,2,2,0,6,1182.71,59.14,94.62,153.75999,202005,202007,218,1041.22
592042880132,1,04/09/1969,53,4,2,2,0,,,,,,201402,201509,435,
592105340132,1,16/12/1968,54,4,,2,0,6,1572.12,78.61,125.77,204.38,201511,201601,5,399.38
592151270132,1,06/07/1969,53,4,1,2,1,6,179.56,,82,82,201402,202306,712,50024.54
592188260132,1,10/03/1970,53,4,1,2,1,2,555.3,,82,82,201407,202306,782,109327.52
592200940132,1,24/03/1970,53,4,2,2,1,6,51.58,,82,82,201402,202306,346,57041.08000000002
592279030132,1,22/03/1970,53,4,2,2,1,6,343.36,,82,82,201406,202306,449,85475.90000000001
592354760132,1,25/04/1968,55,5,2,2,1,6,5125.71,,410.06,410.06,201406,202306,673,87414.39000000003
592413970132,1,03/10/1969,53,4,1,2,0,,,,,,201403,201606,341,497.7900000000001
592497290132,1,28/08/1970,52,4,1,14,0,,,,,,201406,201606,7,1125.3
592535290132,1,13/08/1970,52,4,1,2,1,,961.01,,82,82,201405,202306,648,94554.55000000002
592576190132,1,01/03/1966,57,5,2,2,1,6,2445.65,,195.65,195.64999,201402,202306,544,72470.56
592681240132,1,19/07/1970,52,4,1,2,1,6,1409.7,,112.78,112.78,201402,202306,422,87430.98000000003
592734930132,1,11/03/1967,56,5,1,2,1,6,150.16,,82,82,202005,202306,191,7766.590000000001
592798650132,1,01/11/1969,53,4,1,2,0,,,,,,201511,201511,182,
592896830132,1,02/08/1970,52,4,1,2,1,2,2980.14,,238.41,238.41,201402,202306,566,77484.27
592917670132,1,26/02/1969,54,4,2,2,0,,,,,,201405,201508,122,768.9
592936670132,1,17/06/1968,55,5,1,2,1,6,1733.32,,138.67,138.67,201402,202306,360,87892.68000000004
593056570132,1,21/04/1962,61,5,2,2,1,6,1043.67,,83.48999999999999,83.489998,201405,202306,758,96556.57999999999
593117890132,1,01/11/1957,65,6,2,15,0,3,3934.5,196.73,314.76,511.48999,201405,201911,656,89249.36999999997
593156610132,1,02/06/1971,52,4,1,2,0,,,,,,201405,201907,315,16330.08
593167580143,1,30/11/1986,36,3,1,2,0,,3100,155,248,403,202005,202006,3,714.58
593288430132,1,15/08/1971,51,4,1,2,1,6,1616.03,,129.28,129.28,201402,202306,398,70065.42
593294120132,1,13/07/1971,51,4,2,2,1,6,1582.62,,126.61,126.61,201406,202306,589,64666.00000000001
593302020132,1,22/02/1972,51,4,1,2,0,6,3451.81,,276.14,276.14001,201403,202207,313,13210.46
593476700132,1,20/03/1970,53,4,2,2,0,,166.1,37.5,60,97.5,201402,201403,506,97.5
593499690145,1,04/01/1984,39,3,1,22,0,6,834.34,41.72,66.75,108.47,201410,201508,37,205.97
593511630132,1,17/02/1963,60,5,2,2,1,1,6020.24,,481.62,481.62,201402,202306,832,191129.18
593558550132,1,17/07/1954,68,6,2,2,0,6,490.52,46.5,74.40000000000001,120.9,201803,201804,288,231.4
593588550132,1,06/07/1969,53,4,1,2,1,6,1673,,133.84,133.84,201402,202306,405,43210.24000000001
593590780132,1,13/05/1961,62,5,2,2,0,,,,,,201803,202001,556,8206.109999999999
593596100132,1,20/01/1967,56,5,1,2,1,,,,,,201405,202306,508,38430.44
593608020132,1,15/07/1970,52,4,2,2,0,6,1986.08,99.3,158.89,258.19,201505,202010,319,4698.56
593611880132,1,19/10/1964,58,5,1,2,0,,,,,,201702,201711,178,887.3199999999999
593671280132,1,22/02/1958,65,6,2,2,1,,,,,,201404,202306,492,18747.76
593698120132,1,14/04/1960,63,5,2,2,1,,109.83,,82,82,201402,202306,634,45386.98000000001
593752100132,1,24/02/1960,63,5,1,2,1,,,,,,201402,202306,413,44896.97
593853920132,1,26/09/1971,51,4,2,2,1,6,3294.32,,263.55,263.54999,201407,202306,584,88417.74999999999
593860450132,1,04/04/1972,51,4,2,2,1,6,980.4400000000001,,82,82,201402,202306,346,77548.55000000002
593988010132,1,17/06/1968,55,5,1,2,1,6,1528.99,,122.32,122.32,201406,202306,224,41675.3
594018370147,1,08/10/1993,29,2,1,19,0,,,,,,201506,201611,16,780
594182550132,1,14/07/1971,51,4,1,2,1,,,,,,201405,202306,281,26012.12
594407260172,1,23/01/1994,29,2,,19,0,6,505.49,42.5,68,110.5,201702,201702,1,110.5
594545660132,1,05/10/1972,50,4,1,2,0,,109.83,,82,82,201402,202210,328,84937.06000000001
594751400132,1,04/07/1976,46,4,2,2,1,2,3613.54,,289.08,289.07999,201504,202306,432,55905.38000000001
594768210132,1,15/08/1976,46,4,1,2,1,,2537.06,,202.96,202.96001,201611,202306,264,54854.39
594812130132,1,30/06/1973,50,4,1,2,0,,,,,,201404,202305,384,37518.95999999999
594857700132,1,28/09/1975,47,4,2,2,1,6,2873.6,,229.89,229.89,201405,202306,367,84756.17000000003
594879270132,1,10/10/1967,55,5,2,2,1,6,2215.84,,177.27,177.27,201406,202306,536,94751.81999999999
595059970144,1,28/07/1987,35,3,1,19,0,6,3020.64,151.03,241.65,392.67999,201406,201507,21,2846.64
595203110132,1,01/06/1974,49,4,2,14,0,6,1950.48,,156.04,156.03999,202005,202302,212,13862.37
595207790132,1,21/07/1974,48,4,1,2,1,6,457.03,,82,82,201402,202306,398,49179.43000000002
595242270132,1,11/03/1965,58,5,1,2,1,3,935.63,,82,82,201405,202306,464,40242.06999999999
595388680132,1,02/01/1959,64,5,2,2,0,,,,,,201805,201807,402,604.35
595504750132,1,04/03/1973,50,4,1,2,1,6,1081.97,,86.56,86.559998,201407,202306,432,47443.47000000002
595552610106,1,18/07/1957,65,6,2,14,0,3,1408.75,,112.7,112.7,201406,202305,847,122195.44
595832720132,1,09/01/1966,57,5,2,2,1,6,1897.7,,151.82,151.82001,201405,202306,718,80470.86000000004
595951700140,1,02/07/1981,41,3,1,14,1,6,190.44,,82,82,201404,202306,185,37945.04000000001
595974850132,1,09/05/1969,54,4,1,2,0,1,28727.43,1436.37,2298.19,3734.5601,201402,202201,596,264890.36
596064830145,1,13/09/1989,33,2,,13,0,,,,,,201607,201707,20,2768.19
596088320132,1,20/06/1974,49,4,2,2,0,,,,,,201405,202207,368,26980.78
596244240143,1,16/12/1984,38,3,2,19,0,,,,,,201405,201508,13,1860.08
596345290115,1,26/04/1957,66,6,2,14,1,6,5022.9,,401.83,401.82999,201406,202306,322,91043.47000000003
596357350132,1,24/12/1974,48,4,1,2,0,,988.46,,82,82,201402,202209,514,79397
596463760132,1,13/02/1971,52,4,1,2,0,6,1596.34,,127.71,127.71,201404,202301,298,14926.1
596511190117,1,26/08/1962,60,5,1,2,1,,,,,,201405,202306,287,18351.36
596559590132,1,27/03/1974,49,4,1,2,0,6,2788.36,139.42,223.07,362.48999,201407,201511,364,8434.130000000001
596625950145,1,11/11/1984,38,3,1,2,0,,,,,,201405,202010,92,9526.299999999999
596739460132,1,15/10/1975,47,4,1,2,0,6,2321.71,116.09,185.74,301.82999,201612,201701,47,749.9100000000001
596740980132,1,20/10/1975,47,4,2,2,1,6,774.87,,82,82,201402,202306,626,125477.35
596777640132,1,26/03/1974,49,4,2,2,1,6,1185.16,,94.81,94.809998,201405,202306,317,66663.92
596779780132,1,28/09/1971,51,4,1,2,1,,,,,,201405,202306,234,20280.85
596799720132,1,27/01/1975,48,4,1,2,0,,,,,,201403,202007,61,4872.18
596882820132,1,20/03/1971,52,4,1,2,1,2,202.76,,82,82,201406,202306,498,48464.12
596891210146,1,19/05/1991,32,2,1,2,0,,,,,,201506,201803,7,480.03
597220000132,1,24/12/1970,52,4,1,2,0,,,,,,201601,201607,3,399.52
597242310132,1,02/06/1976,47,4,1,2,0,,,,,,201405,201406,107,97.5
597397700141,1,08/07/1983,39,3,1,14,0,,,,,,201406,201706,142,1761.94
597418700132,1,21/07/1976,46,4,1,2,0,6,1936.34,96.81999999999999,154.91,251.73,202006,202007,78,251.73
597473210132,1,12/06/1976,47,4,1,2,0,,,,,,201804,201904,37,3553.77
597512130132,1,06/06/1976,47,4,2,2,0,,,,,,202005,202106,27,6289.6
597529630115,1,19/03/1961,62,5,1,14,1,6,235.97,,82,82,201402,202306,371,59564.89
597570450132,1,26/06/1976,47,4,1,2,1,6,850.64,,82,82,201405,202306,442,92451.19000000003
597742020115,1,18/07/1963,59,5,2,14,1,6,1257.98,,100.64,100.64,201405,202306,571,69455.43000000001
597782830115,1,07/05/1961,62,5,2,14,0,6,149.69,46.5,74.40000000000001,120.9,201606,202005,298,9530.08
597789780132,1,29/05/1974,49,4,1,2,1,,,,,,201403,202306,294,47574.52
597855320132,1,27/06/1976,47,4,1,2,0,,,,,,201402,201903,545,22217.7
597856810132,1,03/04/1972,51,4,1,2,0,6,5616.9,280.85,449.35,730.20001,201406,201907,198,10367.69
597859050115,1,22/03/1963,60,5,2,14,1,5,4119.61,,329.57,329.57001,201405,202306,652,109552.9
598061730115,1,09/01/1960,63,5,2,14,1,6,4831.18,,386.49,386.48999,201405,202306,805,113096.8
598073280132,1,09/04/1977,46,4,1,2,0,,,,,,201511,201704,19,1346.51
598169390132,1,03/01/1977,46,4,2,12,1,6,188.51,,82,82,201402,202306,444,67832.00999999999
598201110132,1,30/04/1965,58,5,2,2,1,6,3582.68,,286.61,286.60999,201405,202306,566,77224.78
598250510132,1,23/06/1976,47,4,1,17,1,2,277.72,,82,82,201405,202306,615,60755.38
598355910132,1,24/09/1977,45,4,1,2,0,6,201.3,,82,82,201711,202301,104,10461.52
598532120132,1,09/01/1977,46,4,1,2,1,6,202.23,,82,82,201407,202306,212,3906.13
598593260115,1,16/07/1965,57,5,2,14,1,6,1733.32,,138.67,138.67,201402,202306,436,71200.85000000001
598596470143,1,24/12/1986,36,3,1,12,1,5,2784.28,,222.74,222.74001,201405,202306,174,57484.95
598701990132,1,25/04/1970,53,4,1,2,0,,2966.49,148.32,237.32,385.64001,201402,202109,488,80579.01999999997
598711780132,1,28/04/1978,45,4,,2,0,6,639.35,37.5,60,97.5,201402,201403,275,195
598719470132,1,14/10/1968,54,4,2,2,1,6,3737.72,,299.02,299.01999,201405,202306,677,109019.19
598782490115,1,13/03/1965,58,5,1,14,1,2,4145.81,,331.66,331.66,201504,202306,727,147962.09
598868390132,1,04/09/1976,46,4,1,2,0,,,,,,201405,202209,74,14488.78
599009330132,1,30/08/1977,45,4,1,2,1,6,292.04,,82,82,201405,202306,415,78666.43000000001
599072270132,1,27/07/1973,49,4,1,2,0,,,,,,201406,201708,207,17130.28
599197400144,1,21/03/1988,35,3,1,2,1,6,150.16,,82,82,201807,202306,35,4675.239999999999
599278020115,1,13/10/1975,47,4,1,14,0,,2431.63,121.58,194.53,316.11002,202005,202006,2,1275.48
599529360142,1,20/01/1985,38,3,1,10,0,6,3348.99,167.45,267.92,435.37,201407,201511,82,10241.44
600001210175,1,02/01/1995,28,2,1,14,0,6,819.8099999999999,42.5,68,110.5,201704,201706,8,331.94
600001570143,1,14/06/1979,44,3,1,14,1,6,208.5,,82,82,201402,202306,289,55486.28
600119220173,1,26/12/1995,27,2,1,19,1,6,807.15,,82,82,201407,202306,149,35896.42999999999
600389520141,1,30/03/1981,42,3,1,2,0,6,5355.12,267.76,428.41,696.16998,202105,202107,7,3662.06
600668900143,1,08/04/1985,38,3,1,17,0,,,,,,201403,201606,80,97.5
600672620116,1,21/09/1971,51,4,2,14,0,,175.73,46.5,74.40000000000001,120.9,201405,202102,224,31650.91
600810740116,1,23/11/1961,61,5,2,14,0,6,2280.66,114.03,182.45,296.48001,201511,201605,354,2008.6
600835120116,1,19/06/1967,56,5,1,14,1,6,1486.11,,118.89,118.89,201406,202306,546,67303.36000000003
600848180116,1,28/03/1966,57,5,2,14,1,6,8047.46,,643.8,643.79999,201811,202306,565,61782.63
601011920141,1,18/01/1981,42,3,,13,0,6,794.5700000000001,42.5,68,110.5,201611,201701,9,751.5599999999999
601272210141,1,26/02/1980,43,3,1,10,0,,,,,,202010,202108,24,7237.06
601400940170,1,27/02/1989,34,2,1,2,0,,,,,,201505,202204,9,513.0599999999999
601840500141,1,30/06/1981,42,3,2,14,0,6,7028.22,,562.26,562.26001,201404,202301,368,22819.07999999999
601856250180,1,01/11/1978,44,3,1,24,0,,,,,,202005,202007,54,1940.22
601936550141,1,08/03/1981,42,3,1,2,0,,,,,,201804,202011,74,6335.74
602391780172,1,22/04/1994,29,2,1,13,1,,4987.96,,399.04,399.04001,201506,202306,130,51302.8
602500070118,1,03/12/1951,71,6,2,12,0,6,819.16,42.5,68,110.5,201706,201707,214,110.5
602587510141,1,04/11/1978,44,3,1,24,1,2,190.57,,82,82,201404,202306,257,31557.56
602599720143,1,05/04/1985,38,3,1,19,0,,613.38,37.5,60,97.5,201402,201404,87,559.6999999999999
602647760140,1,30/12/1978,44,3,1,2,0,,,,,,202101,202105,3,187.3
602659260118,1,02/11/1972,50,4,2,12,0,2,11859.03,592.95,948.72,1541.67,202005,202207,235,18320.43
602687180143,1,20/05/1985,38,3,1,19,0,,,,,,201504,201807,25,3002.66
602896290144,1,20/01/1987,36,3,1,19,0,6,6169.37,308.47,493.55,802.02002,201406,201706,35,5140.440000000001
603142480140,1,18/12/1978,44,3,1,2,1,,2987.39,,238.99,238.99001,201511,202306,321,58799.40000000001
60344996970713,1,08/12/1962,60,5,,14,0,,,,,,202202,202202,0,
603853830141,1,11/11/1979,43,3,1,19,1,,,,,,201707,202306,16,812.7800000000001
604131010140,1,12/10/1978,44,3,2,2,1,6,2360.75,,188.86,188.86,201405,202306,450,90259.14000000004
604179550145,1,28/08/1986,36,3,1,2,1,6,1729.75,,138.38,138.38,201405,202306,193,52192.45000000001
604456140140,1,13/08/1978,44,3,,19,0,6,3819.92,191,305.59,496.59,201406,201506,16,2642.48
60465749540713,1,10/08/1967,55,5,,14,0,,,,,,201512,201602,4,1410.87
605552450106,1,10/03/1959,64,5,2,14,0,,,,,,201904,201905,487,411.33
605577970147,1,07/04/1991,32,2,1,14,0,,,,,,202301,202303,3,94.78
606348030118,1,12/03/1957,66,6,2,2,1,4,5226.74,,418.14,418.14001,201402,202306,157,96447.12999999998
606611160143,1,13/07/1985,37,3,,13,0,6,2782.68,,222.61,222.61,201607,202212,85,8650.9
606621670118,1,29/01/1968,55,5,2,12,1,,,,,,201406,202306,551,93092.8
606779290145,1,11/03/1988,35,3,1,2,0,,,,,,202011,202102,5,756.89
606852870140,1,14/05/1978,45,4,1,19,0,,,,,,201407,202303,362,33089.58
606906030144,1,24/01/1987,36,3,,12,0,6,2545.79,127.29,203.66,330.95001,202111,202207,16,2564.5
607320450140,1,24/07/1975,47,4,1,2,1,6,3004.35,,240.35,240.35001,201402,202306,480,106815.16
607628190141,1,03/12/1976,46,4,1,13,0,6,5119.8,255.99,409.58,665.57001,201704,201707,13,2282.07
607674150118,1,17/07/1968,54,4,1,2,1,,,,,,201404,202306,209,27480.10999999999
607846150148,1,01/01/1994,29,2,1,13,0,6,3180.85,159.04,254.47,413.50998,201405,201407,7,511.01
608340390145,1,04/04/1988,35,3,1,24,1,,,,,,201405,202306,132,19466.62
60836369420413,1,02/10/1979,43,3,,19,0,,,,,,201911,202002,0,
608407530141,1,04/05/1975,48,4,2,2,1,3,3785.78,,302.86,302.85999,201402,202306,558,99399.39999999997
608724060144,1,29/10/1985,37,3,1,2,0,,,,,,201405,201601,35,1811.13
610057800132,1,27/10/1963,59,5,1,2,0,6,712.2,46.5,74.40000000000001,120.9,201911,201911,332,120.9
610595430147,1,03/05/1981,42,3,1,2,0,,,,,,201804,202107,9,841.08
610901400175,1,22/03/1995,28,2,,14,0,,,,,,202205,202206,3,223.7
611147770118,1,22/11/1969,53,4,1,12,0,,,,,,201402,201609,114,1853.63
611490750132,1,23/07/1970,52,4,1,2,1,,,,,,201404,202306,329,30854.38
611708870132,1,30/04/1960,63,5,2,2,1,2,372.79,,82,82,201402,202306,776,112355.26
611830680146,1,09/11/1989,33,2,1,2,0,6,457.54,,82,82,202301,202301,1,82
611843880132,1,10/01/1953,70,6,1,2,1,,,,,,201405,202306,757,21539.23999999999
612074880132,1,07/07/1966,56,5,2,2,0,6,3122.66,156.13,249.81,405.94,201405,202207,53,19003.73
612298260107,1,20/08/1963,59,5,2,14,0,,426.96,,82,82,201405,202211,242,6466.26
612310370132,1,01/01/1966,57,5,1,2,1,6,166.82,,82,82,201405,202306,386,26726.21999999999
612339680132,1,23/12/1967,55,5,2,2,1,,,,,,201402,202306,591,47043.9
612402580132,1,31/07/1968,54,4,1,2,1,6,415.9,,82,82,201405,202306,417,81426.29000000001
612475180147,1,05/08/1987,35,3,1,2,0,,4378.54,,350.28,350.28,201607,202305,23,9253.07
612527960132,1,29/05/1972,51,4,1,2,1,,,,,,201405,202306,203,13385.68
612674120145,1,13/06/1988,35,3,1,19,1,,,,,,201905,202306,78,25932.34
612739710175,1,17/05/1996,27,2,,2,0,,777.92,,82,82,202202,202302,6,1932.41
612806600143,1,28/07/1985,37,3,1,14,0,6,3679.64,,294.37,294.37,202205,202212,117,3068.49
612835980170,1,01/10/1996,26,2,,2,0,6,712.66,46.5,74.40000000000001,120.9,202006,202006,1,120.9
613489500132,1,03/08/1973,49,4,2,2,1,6,235.97,,82,82,201402,202306,510,61306.04999999999
613517120132,1,02/05/1953,70,6,,2,0,,,,,,201404,201610,423,8407.470000000001
613523140132,1,24/02/1960,63,5,,14,0,6,10203.51,510.18,816.28,1326.46,201402,202111,421,45979.37
613608730132,1,04/08/1970,52,4,1,2,1,6,157.1,,82,82,202011,202306,134,8116.640000000001
613620670132,1,01/05/1962,61,5,1,2,0,,,,,,202006,202106,135,365.14
613677050132,1,21/01/1974,49,4,1,2,1,,,,,,201405,202306,497,116323.46
613683350132,1,12/07/1974,48,4,1,2,1,,,,,,201402,202306,294,57647.50999999999
613718970170,1,06/06/1997,26,2,1,2,1,,,,,,201705,202306,26,2893.92
613744410132,1,23/02/1968,55,5,2,2,1,,,,,,201402,202306,441,48021.63
613863540132,1,23/01/1977,46,4,1,2,0,,,,,,201606,201810,302,3386.28
613872110132,1,17/03/1975,48,4,1,2,1,3,4176.7,,334.14,334.14001,201511,202306,110,61196.87
613876130132,1,16/04/1977,46,4,1,2,1,,,,,,201404,202306,215,39076.37999999999
614008810140,1,10/07/1977,45,4,2,2,1,,,,,,201405,202306,201,18580.53
614513270118,1,10/10/1969,53,4,2,2,1,,,,,,201911,202306,58,36760.63
614579760180,1,24/08/1978,44,3,1,14,1,4,4428.93,,354.31,354.31,201403,202306,336,69780.55
614621760142,1,22/10/1983,39,3,2,14,1,6,1986.76,,158.94,158.94,201402,202306,244,57991.84
614746860145,1,15/07/1988,34,2,1,19,0,6,5754.85,,460.39,460.39001,201406,202212,65,8940.27
614843220143,1,13/09/1985,37,3,1,2,1,,313.02,,82,82,201404,202306,210,50633.07000000001
615252670140,1,18/02/1979,44,3,,14,0,6,10071.94,503.6,805.76,1309.36,202006,202007,25,1309.36
615439750140,1,30/01/1971,52,4,1,2,0,,,,,,201511,201511,0,
616145370140,1,28/03/1979,44,3,1,2,0,,,,,,202011,202101,5,617.73
616241790140,1,09/05/1975,48,4,1,13,0,3,3000,150,240,390,201705,201706,6,897
616402630108,1,04/09/1972,50,4,1,17,0,6,883.45,44.17,70.68000000000001,114.85,201606,201611,256,998.25
616816660140,1,10/08/1972,50,4,1,2,1,6,356.45,,82,82,201405,202306,273,51299.41
617504070146,1,06/08/1989,33,2,,2,0,,,,,,201404,201407,2,
617613500140,1,05/05/1979,44,3,1,2,1,,,,,,201404,202306,219,37276.53
617669790176,1,10/12/1994,28,2,,13,0,6,1256.29,62.81,100.5,163.31,201704,201706,10,914.45
618087370141,1,08/12/1981,41,3,2,24,1,6,199.3,,82,82,201407,202306,389,35088.73999999998
618499890108,1,09/08/1963,59,5,2,17,1,,,,,,201406,202306,482,34723.64999999999
618655150140,1,25/03/1979,44,3,1,2,1,6,1183.59,,94.69,94.690002,201405,202306,319,66209.82000000002
618700500142,1,30/11/1983,39,3,,19,0,6,3819.92,191,305.59,496.59,201406,201506,16,2642.48
618737940140,1,24/07/1978,44,3,1,4,1,,,,,,201402,202306,392,31950.41
619288110141,1,17/11/1980,42,3,1,19,1,5,2077.1,,166.17,166.17,201407,202306,380,25087.76
619476750145,1,21/03/1985,38,3,1,2,0,,,,,,202301,202302,4,179.5
619490440175,1,28/06/1995,28,2,,13,0,6,4515.75,225.79,361.26,587.04999,201801,201801,4,587.05
619835970171,1,10/05/1996,27,2,1,2,0,6,1527.86,76.39,122.23,198.62,201811,202006,4,388.58
620015430174,1,19/04/1995,28,2,,19,0,6,669.52,,82,82,202208,202208,5,82
620162100100,1,08/10/1958,64,5,2,23,0,2,1075,53.75,86,139.75,201504,201601,22,1163.5
620392440146,1,04/09/1989,33,2,1,2,0,,,,,,201905,202011,0,991.45
620509240180,1,15/01/1979,44,3,1,2,0,3,61421.63,3071.08,4913.73,7984.8101,201405,201812,388,93501.12
620524460180,1,13/08/1979,43,3,1,2,0,6,17323.7,866.1900000000001,1385.9,2252.0901,201402,202205,286,40285.74000000001
620671660142,1,12/10/1981,41,3,1,19,0,6,2075,103.75,166,269.75,201406,201407,9,474.5
620951430180,1,09/04/1974,49,4,1,2,0,,,,,,201601,201602,328,97.5
621075490118,1,25/11/1971,51,4,,2,0,,,,,,202111,202207,8,3781.570000000001
621247160147,1,15/07/1991,31,2,1,14,0,,,,,,202101,202104,3,302.51
621704340147,1,27/05/1991,32,2,1,2,0,6,818.03,46.5,74.40000000000001,120.9,202011,202111,2,120.9
621800840143,1,15/10/1985,37,3,1,14,1,,,,,,201506,202306,92,20333.73
621815550140,1,02/03/1979,44,3,1,19,0,3,7221.31,,577.7,577.70001,201406,202301,69,23288.19
622766730148,1,05/08/1992,30,2,1,12,1,,,,,,201801,202306,116,36480.95
622790010147,1,25/04/1990,33,2,1,19,0,,,,,,201807,202105,42,8679.82
622825100100,1,19/03/1956,67,6,2,23,0,,,,,,201404,202004,433,26814.05
623030440119,1,18/10/1956,66,6,2,12,0,,,,,,201402,201801,250,4472.68
623396530146,1,29/07/1987,35,3,1,10,1,6,4416.78,,353.34,353.34,201512,202306,110,31188.00999999999
623502240143,1,13/10/1985,37,3,1,2,0,6,3553.27,177.66,284.26,461.92001,201404,202112,215,28496.16
623589370109,1,15/03/1962,61,5,1,14,0,6,1669.87,83.48999999999999,133.59,217.08,201507,201507,19,217.08
624158790148,1,10/07/1993,29,2,1,17,0,,,,,,201406,201606,7,887.63
624501210146,1,01/11/1989,33,2,2,13,0,6,2998.19,,239.86,239.86,202211,202212,6,340.22
624652520141,1,24/03/1982,41,3,1,14,0,,1976.93,,158.15,158.14999,201402,202305,303,77019.05000000003
624677740140,1,29/04/1978,45,4,1,2,0,,,,,,201402,202010,360,33000.21
624857830145,1,24/02/1982,41,3,1,2,0,6,5122.53,256.13,409.8,665.92999,201911,202007,7,907.73
625140550180,1,10/09/1979,43,3,,2,0,6,1255.02,62.75,100.4,163.14999,201801,201801,2,163.15
625143610144,1,29/08/1984,38,3,1,13,0,6,5557.03,,444.56,444.56,201801,202301,10,1410.85
625370500170,1,26/12/1993,29,2,1,15,1,,,,,,202104,202306,40,10093.11
625698770147,1,30/07/1992,30,2,1,2,1,,,,,,201403,202306,127,19529.03
626059200133,1,28/08/1972,50,4,1,2,1,6,277.86,,82,82,201402,202306,413,78848.25
626081120133,1,21/04/1967,56,5,1,2,1,5,4264.91,,341.19,341.19,201405,202306,586,113338.28
626095710144,1,01/04/1987,36,3,1,2,1,,,,,,201405,202306,124,13961.55
626210650144,1,19/01/1978,45,4,1,2,0,6,524.3099999999999,46.5,74.40000000000001,120.9,201911,201912,14,989.8399999999999
626247920133,1,05/05/1972,51,4,2,2,1,6,5022.9,,401.83,401.82999,201406,202306,655,99684.42000000004
626594670133,1,10/10/1961,61,5,1,2,1,,,,,,201404,202306,849,38111.69
627139490142,1,24/12/1983,39,3,1,10,0,,,,,,201609,202002,25,7704.85
627147220180,1,09/05/1979,44,3,1,14,1,6,752.65,,82,82,201405,202306,297,93101.07000000001
627169890122,1,10/09/1967,55,5,2,10,1,,,,,,201405,202306,802,90444.68000000002
627331280145,1,15/08/1985,37,3,1,2,0,,,,,,201506,201708,1,
627391600180,1,05/10/1978,44,3,1,14,1,,,,,,201404,202306,515,62839.48
627415640140,1,26/08/1979,43,3,1,2,1,3,4199.22,,335.94,335.94,201406,202306,388,85884.48
627856660122,1,24/05/1964,59,5,2,10,1,6,3487.51,,279,279,201405,202306,450,89493.68000000002
627935670180,1,11/11/1971,51,4,1,2,0,,,,,,201608,202302,23,744.3199999999999
628005010180,1,21/09/1969,53,4,1,2,0,6,163.49,42.5,68,110.5,201705,201706,37,239
628113780122,1,24/05/1961,62,5,2,10,0,,,,,,201405,201602,595,292.5
628240620180,1,06/08/1968,54,4,1,2,1,,1131.49,,90.52,90.519997,201404,202306,333,82043.74000000002
628361260180,1,05/09/1979,43,3,,14,0,6,1799.78,89.98999999999999,143.98,233.97,201906,201907,6,802.6900000000001
628405660180,1,31/05/1978,45,4,1,14,0,,,,,,201408,202010,66,8316.490000000002
628476460145,1,01/09/1988,34,2,1,19,0,6,1902.72,95.14,152.22,247.36,201402,202201,60,19821.62
628742040180,1,10/09/1979,43,3,1,19,1,,326.09,,82,82,201504,202306,101,26158.03999999999
628813810122,1,29/08/1969,53,4,1,10,0,,,,,,201407,201407,19,
628820120122,1,31/03/1969,54,4,2,10,1,6,2283.92,,182.71,182.71001,201405,202306,492,84648.33000000005
628889850122,1,02/02/1970,53,4,2,10,1,,,,,,201406,202306,630,76559.13
628990500180,1,25/04/1978,45,4,,19,0,6,10432.46,521.62,834.6,1356.22,201406,201506,17,3377.08
629088310109,1,13/06/1963,60,5,1,2,1,6,774.87,,82,82,201402,202306,640,109982.03
629208210144,1,01/05/1987,36,3,1,19,0,6,241.43,42.5,68,110.5,201606,201606,36,110.5
629333880145,1,19/03/1987,36,3,1,19,0,6,5037.76,251.89,403.02,654.90997,201406,201507,22,2830.96
629895610147,1,21/09/1992,30,2,1,19,0,,,,,,201801,201907,22,3949.8
630030490115,1,22/08/1975,47,4,1,14,0,,,,,,201901,202012,125,917.54
630053380142,1,19/02/1984,39,3,1,24,1,6,212.48,,82,82,201403,202306,251,43037.99
630054850141,1,07/08/1980,42,3,2,12,0,,,,,,201403,202007,141,24507.85000000001
630216060146,1,26/11/1989,33,2,1,19,0,6,5754.85,,460.39,460.39001,201505,202212,58,8330.960000000001
630442550103,1,07/12/1964,58,5,2,19,1,3,1176.96,,94.16,94.160004,201405,202306,498,46598.87
630516420101,1,06/07/1964,58,5,2,4,1,,155,,82,82,201405,202306,642,77832.74000000002
630830890180,1,15/08/1975,47,4,,2,0,,,,,,201801,201803,9,145.26
630952960176,1,29/11/1996,26,2,,14,0,,,,,,202103,202107,13,1045.33
631386110142,1,10/10/1982,40,3,2,14,0,1,2220.19,,177.62,177.62,201801,202302,343,93159.84000000001
632097080119,1,07/02/1969,54,4,2,12,1,6,774.87,,82,82,201402,202306,442,102765.68
633325790119,1,09/01/1978,45,4,4,12,0,6,9199.040000000001,459.95,735.92,1195.87,201402,201906,204,26725.38
633732580140,1,14/07/1979,43,3,2,14,1,,,,,,202102,202306,254,7326.1
633966420175,1,11/10/1996,26,2,,2,0,,,,,,201907,201912,2,352.35
634008350140,1,14/04/1979,44,3,1,2,0,6,5031.12,251.56,402.49,654.04999,201706,202207,30,10810.81
634058120146,1,13/05/1990,33,2,1,19,0,6,2247.89,112.39,179.83,292.22,201506,201706,17,2532.7
634279510141,1,29/01/1977,46,4,1,2,1,6,703.22,,82,82,201406,202306,345,60292.03000000002
634351870140,1,12/10/1977,45,4,1,10,0,6,990.66,49.53,79.25,128.78,201404,201810,352,33175.17000000001
634475730170,1,15/02/1995,28,2,,2,0,,,,,,202006,202010,4,827.45
635154180145,1,04/09/1988,34,2,1,19,0,,,,,,201402,202304,351,12204.25999999999
635207060140,1,05/10/1979,43,3,1,2,1,,3020.34,,241.63,241.63,201406,202306,393,102515.28
635391030180,1,14/11/1952,70,6,1,2,0,,,,,,201402,202005,152,17125.43
635646870143,1,12/07/1984,38,3,1,19,0,6,1885.25,94.26000000000001,150.82,245.08,201504,201903,32,3638.07
635703450103,1,22/09/1967,55,5,2,19,1,6,5680.56,,454.44,454.44,201405,202306,552,126115.62
635916720141,1,12/01/1982,41,3,1,2,0,,,,,,201402,202208,232,26923.05
636276260140,1,13/12/1979,43,3,1,2,0,,26161.61,1308.08,2092.93,3401.01,202005,202006,5,4558.15
636295790100,1,02/09/1953,69,6,,19,0,6,6764,338.2,541.12,879.32001,201406,201806,26,4655.56
636399590109,1,25/06/1969,54,4,4,14,0,6,7554.67,377.73,604.37,982.10004,202206,202206,5,982.1
636566140144,1,23/05/1987,36,3,1,14,1,6,619.91,,82,82,201507,202306,164,46410.46999999999
636953570144,1,05/07/1987,35,3,1,19,0,6,7259.46,362.97,580.76,943.72998,201406,201506,17,2964.59
637232820147,1,01/10/1992,30,2,1,24,0,6,1128.9,56.45,90.31,146.75999,201607,201607,4,146.76
637407970143,1,07/09/1977,45,4,2,14,0,,,,,,202104,202109,6,1645.58
637427810110,1,18/10/1970,52,4,1,13,0,,,,,,202104,202212,12,3532.36
637551600141,1,09/06/1980,43,3,1,2,1,,,,,,201806,202306,82,4421.08
637695790180,1,29/10/1967,55,5,1,2,1,,,,,,201611,202306,46,5100.79
637773510180,1,18/03/1975,48,4,1,2,1,,,,,,201611,202306,119,12783.72
638222330143,1,08/05/1984,39,3,1,2,0,,19015.83,950.79,1521.27,2472.0601,201504,202105,52,18367.13
638578900144,1,11/05/1986,37,3,,24,0,6,3955.85,197.79,316.47,514.26001,201405,201405,1,514.26
638694060146,1,06/06/1990,33,2,1,19,0,,,,,,201506,201702,25,1560
638760920132,1,08/07/1969,53,4,2,2,1,6,965.17,,82,82,201406,202306,343,63989.03999999999
638864150171,1,30/07/1994,28,2,1,2,1,,,,,,202301,202306,6,666.87
639058610132,1,09/03/1966,57,5,2,12,1,6,635.23,,82,82,201407,202306,735,90165.78999999999
639162410140,1,23/12/1979,43,3,1,2,1,6,5355.12,,428.41,428.41,201406,202306,426,68842.60000000001
640115760141,1,02/04/1981,42,3,1,19,0,,560.13,46.5,74.40000000000001,120.9,202107,202108,1,393.75
640563340172,1,16/02/1991,32,2,,2,1,,,,,,201805,202306,58,21657.94
640883320130,1,11/04/1947,76,6,2,4,0,,,,,,201404,201610,375,6317.559999999999
641073480145,1,28/02/1988,35,3,,19,0,6,4814.21,,385.14,385.14001,201406,202301,69,16164.1
641412530142,1,17/04/1984,39,3,1,14,0,,,,,,201404,201701,104,858.0599999999999
642052710162,1,25/11/1993,29,2,1,14,0,,,,,,201404,201712,93,17194.33
642113590127,1,08/06/1971,52,4,1,14,1,,3384.08,,270.73,270.73001,201405,202306,357,83043.16999999998
642283320130,1,19/03/1974,49,4,1,17,0,,,,,,201403,201807,132,3893.34
642327350170,1,08/08/1992,30,2,1,2,0,6,3315.14,165.76,265.21,430.97,201801,201801,4,430.97
642387730119,1,27/05/1968,55,5,1,2,1,6,762.5700000000001,,82,82,201405,202306,396,89048.53000000003
642504670130,1,05/03/1976,47,4,1,17,0,,,,,,201404,201504,131,2821.06
642586640143,1,30/01/1986,37,3,1,17,1,,,,,,202207,202306,36,947.2
642655390145,1,28/11/1988,34,2,1,14,1,6,330.28,,82,82,202005,202306,32,16020.12
642788290175,1,13/09/1999,23,1,,2,0,,,,,,201905,202011,0,1688.54
642831470140,1,01/12/1978,44,3,1,19,1,6,446.78,,82,82,201405,202306,347,92218.83000000002
642832170130,1,06/09/1968,54,4,2,4,1,,,,,,201404,202306,150,52954.32000000001
642979810147,1,09/10/1991,31,2,1,19,0,6,160.84,37.5,60,97.5,201504,201506,6,699.77
643513480104,1,12/02/1970,53,4,1,17,1,6,703.22,,82,82,201406,202306,342,38063.62
644403560141,1,27/08/1978,44,3,2,2,1,6,166.82,,82,82,201405,202306,289,23201.42000000001
644593180125,1,23/10/1956,66,6,2,24,1,6,3512.11,,280.97,280.97,201406,202306,1154,94689.43000000002
644689620115,1,11/10/1961,61,5,1,14,1,6,567.59,,82,82,201405,202306,594,76723.68000000002
644986450142,1,14/05/1984,39,3,1,24,0,,,,,,201804,201903,15,2415.19
645498450143,1,09/04/1979,44,3,1,14,0,6,3047.22,152.36,243.78,396.14001,201404,201706,67,7639
645767670144,1,15/07/1987,35,3,1,14,0,,519.54,42.5,68,110.5,201612,201703,13,792.42
646146170103,1,10/02/1963,60,5,1,19,1,,326.09,,82,82,201403,202306,423,26024.66
646354050144,1,18/07/1986,36,3,1,2,0,6,6619.33,330.97,529.55,860.52002,201403,202007,68,7338.789999999999
646514720103,1,08/10/1961,61,5,2,19,1,5,640.39,,82,82,201403,202306,743,39939.79000000001
646607570103,1,12/10/1963,59,5,,17,0,,,,,,201402,201405,3,
646636230103,1,22/08/1963,59,5,2,19,0,,3000,150,240,390,201405,202109,415,3708.88
646743400103,1,07/09/1963,59,5,1,19,0,1,620.62,,82,82,201402,202211,874,27852.85999999999
646754970103,1,07/02/1966,57,5,,19,1,3,3597.35,,287.79,287.79001,201408,202306,789,38081.78000000001
646824990103,1,06/01/1962,61,5,2,11,1,6,386.41,,82,82,201402,202306,680,54955.03000000001
646902270146,1,18/06/1990,33,2,1,2,0,,,,,,201811,201901,2,189.96
646978630175,1,03/12/2000,22,1,,24,0,6,2725.73,136.29,218.06,354.35001,202007,202106,6,1657.94
647153550103,1,15/07/1966,56,5,1,20,1,6,762.5700000000001,,82,82,201405,202306,632,81690.15000000001
647196210103,1,30/07/1956,66,6,2,19,0,3,248.09,,82,82,201512,202211,557,5591.110000000001
647236070100,1,30/03/1959,64,5,1,22,0,,,,,,201404,201711,242,3649.25
647350650109,1,19/02/1967,56,5,1,14,1,,,,,,201402,202306,762,60265.99000000001
647561710173,1,23/01/1996,27,2,,10,0,,,,,,201601,201608,1,107.69
647737310141,1,20/12/1981,41,3,,2,0,,,,,,201512,201611,4,195
648103460147,1,07/07/1992,30,2,1,17,0,6,375.58,46.5,74.40000000000001,120.9,201406,201807,17,838.5699999999999
648181300142,1,26/12/1981,41,3,1,2,0,6,853.9400000000001,42.7,68.31999999999999,111.02,201405,201701,116,935.3499999999999
648755490140,1,14/06/1978,45,4,1,12,0,6,277.57,42.5,68,110.5,201405,201606,127,2014.53
648831320130,1,12/11/1970,52,4,1,4,0,6,7883.27,394.16,630.66,1024.8199,201706,201706,13,1024.82
648984250103,1,22/11/1966,56,5,1,,1,,936.67,,82,82,201402,202306,802,34078.12
649052590142,1,31/12/1982,40,3,1,2,0,6,9202.73,460.14,736.22,1196.36,201406,202111,86,28563.43
649087770180,1,28/05/1979,44,3,1,17,0,,,,,,201902,201904,0,120.9
649101370103,1,24/04/1968,55,5,1,19,0,,,,,,201402,202304,753,13381.47
649250170103,1,09/09/1970,52,4,1,19,0,,,,,,201605,201802,502,1238.93
649273230103,1,12/11/1970,52,4,2,19,0,3,4782.62,,382.61,382.60999,201403,202302,709,53799.86000000002
649280760103,1,02/11/1967,55,5,2,19,1,6,3256.73,,260.54,260.54001,201405,202306,724,103798.5
649313170142,1,07/11/1979,43,3,2,19,1,,,,,,201801,202306,165,50764.34
649344770103,1,06/05/1971,52,4,2,19,1,6,980.4400000000001,,82,82,201402,202306,557,75111.09000000003
649403320103,1,10/03/1971,52,4,1,19,0,,175.73,51.25,82,133.25,201909,202207,172,254.15
649576860143,1,07/12/1984,38,3,1,14,0,,,,,,201805,201811,87,345.81
649728800130,1,13/10/1948,74,6,2,4,0,,480,42.5,68,110.5,201405,201803,187,16842.43000000001
650034220103,1,24/06/1974,49,4,2,19,1,6,1409.25,,112.74,112.74,201405,202306,380,86072.82000000001
650097680103,1,17/08/1975,47,4,1,19,1,,,,,,201402,202306,420,14131.58
650101840103,1,16/06/1974,49,4,2,19,1,,,,,,201405,202306,367,64282.07000000001
650164640103,1,26/12/1972,50,4,1,2,1,,,,,,201404,202306,295,31227.39999999999
650174570103,1,07/06/1976,47,4,,19,0,6,4396.27,219.81,351.7,571.51001,201612,201612,5,571.51
650228970103,1,22/07/1968,54,4,2,19,1,6,1407.34,,112.59,112.59,201405,202306,796,121614.72
650451200173,1,14/11/1993,29,2,,19,0,6,4814.21,,385.14,385.14001,201812,202301,35,10129.24
650554960172,1,24/10/1992,30,2,1,2,0,,,,,,202205,202206,2,133.25
650583340103,1,11/03/1977,46,4,2,24,1,6,199.3,,82,82,201505,202306,647,33857.95000000001
650807330103,1,26/01/1978,45,4,,19,0,,,,,,201811,201903,33,241.8
650894620103,1,03/11/1978,44,3,1,19,1,6,1339.25,,107.14,107.14,201405,202306,586,89231.23000000001
651053840173,1,29/07/1996,26,2,1,2,0,,,,,,202011,202106,5,924.85
651192450109,1,16/03/1970,53,4,2,14,0,,4942.5,,395.4,395.39999,201410,202304,662,210315.4199999999
651366220100,1,29/06/1968,55,5,2,22,0,,,,,,201407,201606,216,142.8
651646500141,1,12/10/1982,40,3,1,2,0,,4340.54,217.03,347.24,564.27002,201405,202006,137,7049.200000000001
651937380140,1,23/12/1977,45,4,,19,0,,,,,,201404,201510,92,3338.41
652918520144,1,13/09/1984,38,3,1,19,0,6,11820,591,945.6,1536.6,202007,202007,4,1536.6
653054860141,1,29/03/1981,42,3,1,2,0,,,,,,201407,201702,88,305.5
653148140141,1,19/02/1982,41,3,1,14,0,,658.98,,82,82,201402,202210,413,57873.75999999999
653157310141,1,14/08/1982,40,3,1,14,1,,,,,,202104,202306,48,4856.6
653519900172,1,07/04/1994,29,2,1,14,1,6,393.97,,82,82,202111,202306,41,11752.09
653828560146,1,29/09/1990,32,2,1,13,0,6,793,39.65,63.44,103.09,201505,201505,1,103.09
653900540142,1,20/07/1984,38,3,1,2,0,,,,,,202006,202106,13,265.85
653953430143,1,22/11/1984,38,3,1,12,0,6,3805.99,190.3,304.48,494.78,201504,202007,125,6309.68
654044980106,1,30/11/1969,53,4,1,14,0,,,,,,202005,202012,9,4326.43
654246950132,1,17/01/1976,47,4,2,2,1,6,297.82,,82,82,201406,202306,489,88246.55
654279290125,1,30/04/1959,64,5,2,24,0,,406.37,37.5,60,97.5,201505,201601,12,4286.45
654282220132,1,24/11/1974,48,4,1,14,0,,,,,,201406,201709,190,17497.19
654477630125,1,31/07/1965,57,5,2,24,0,6,641.51,,82,82,201704,202302,85,8435.839999999998
654789350146,1,15/05/1990,33,2,,2,0,,,,,,201707,201708,2,129.64
654913310117,1,08/05/1966,57,5,2,19,0,,,,,,201408,202211,563,52996.96000000001
655232430170,1,09/10/1997,25,2,,2,0,6,6347.9,317.4,507.83,825.22998,202006,202106,8,1108
655474410175,1,22/05/1997,26,2,1,19,0,,,,,,201801,202212,85,17643.4
655745130170,1,01/05/1998,25,2,1,2,0,,,,,,201704,202106,49,3992.5
655773720180,1,28/10/1977,45,4,1,2,1,,,,,,201405,202306,199,9603.57
655886800170,1,18/07/1991,31,2,1,2,0,,,,,,201405,202001,125,28873.30999999999
656084280180,1,03/07/1977,45,4,1,2,0,6,4468.19,,357.46,357.45999,201504,202207,21,3590.97
656482420141,1,04/05/1980,43,3,1,19,0,6,3020.64,151.03,241.65,392.67999,201406,201507,21,2846.64
657054780141,1,14/11/1981,41,3,1,9,1,,,,,,201402,202306,269,23331.98
657781800125,1,02/12/1954,68,6,1,24,0,,,,,,201406,202212,442,626.34
657920440142,1,31/07/1984,38,3,2,19,0,6,4517.14,225.86,361.37,587.22998,201410,202005,14,7852.65
658047050140,1,30/06/1978,45,4,2,14,0,,,,,,201402,202109,324,38434.28000000001
658103410115,1,12/08/1958,64,5,3,14,0,1,2705.03,135.25,216.4,351.64999,201404,201706,674,8931.09
658475160125,1,21/05/1968,55,5,1,24,1,,,,,,201404,202306,716,25657.26
658765470146,1,24/10/1990,32,2,1,2,1,,,,,,202205,202306,12,889.99
658858270148,1,23/07/1995,27,2,,19,0,6,2499.13,124.96,199.93,324.88998,201601,201601,2,324.89
658998160115,1,15/01/1955,68,6,2,14,0,6,,,,,201504,201507,44,451.43
659012340116,1,08/11/1961,61,5,1,24,1,,,,,,201407,202306,795,41171.39000000001
659164400145,1,15/02/1989,34,2,1,2,0,,,,,,201504,201904,35,3239.45
659294750115,1,02/12/1962,60,5,1,14,1,,925.6900000000001,,82,82,201405,202306,595,71864.32000000001
659298570116,1,02/08/1967,55,5,1,2,0,1,2413.05,,193.04,193.03999,201405,202302,229,31190.42000000001
659329550115,1,29/11/1963,59,5,2,14,1,,,,,,201404,202306,562,52428.91
659404910144,1,03/07/1982,40,3,1,2,0,,,,,,201507,202106,3,387.79
659563020117,1,05/11/1967,55,5,2,13,1,6,1480.96,,118.48,118.48,201405,202306,575,90066.86000000002
659849500116,1,06/12/1955,67,6,1,13,0,,,,,,201505,202305,188,25349.01
659854980116,1,09/06/1961,62,5,2,13,0,1,5652.38,282.62,452.19,734.81,201405,201407,6,734.8099999999999
659857700116,1,19/07/1955,67,6,,13,0,6,3425.13,171.26,274.01,445.26999,201405,201804,8,751.5
659944230143,1,28/03/1986,37,3,2,10,0,6,2906.95,145.35,232.56,377.91,201406,201507,82,5972.21
660049950141,1,22/06/1982,41,3,2,19,0,,,,,,201404,201408,55,502.1899999999999
660307490125,1,07/08/1958,64,5,2,24,1,6,445.22,,82,82,201406,202306,718,62212.76000000001
660358610175,1,06/06/1997,26,2,,14,1,,,,,,202203,202306,19,2163
660441830117,1,09/09/1967,55,5,,26,0,6,2646.77,132.34,211.74,344.07999,201504,201507,14,1272.78
660655090115,1,06/05/1965,58,5,2,14,0,6,8945.49,,715.64,715.64001,201404,202305,786,51823.02000000002
660710260125,1,04/02/1964,59,5,2,24,1,3,3587.24,,286.98,286.98001,201402,202306,702,91396.44000000003
660766450141,1,07/08/1982,40,3,1,19,0,,1852.3,92.62,148.18,240.8,201404,201804,176,14392.84
660868560115,1,22/11/1956,66,6,2,14,1,,,,,,201404,202306,597,33038.03000000001
661210330115,1,27/10/1961,61,5,2,14,0,,,,,,201405,202010,321,24117.7
661247670180,1,15/05/1978,45,4,1,2,0,3,5643.49,282.17,451.48,733.65002,201405,202105,104,8125.030000000001
661325650125,1,24/07/1965,57,5,2,24,0,,,,,,201407,201907,159,3358.9
661349630144,1,11/08/1987,35,3,1,14,0,,2309.79,115.49,184.78,300.26999,202104,202107,3,556.8099999999999
661410210109,1,16/03/1971,52,4,2,14,1,,,,,,201505,202306,426,26434.07
661462090117,1,01/02/1974,49,4,,2,0,6,1014,50.7,81.12,131.82001,201705,201707,51,242.32
661726570115,1,15/03/1968,55,5,2,14,0,1,22645.2,,1811.62,1811.62,201403,202103,577,92287.98000000001
661777960140,1,07/02/1980,43,3,2,19,1,,,,,,201701,202306,276,1415.58
662068530104,1,22/12/1962,60,5,2,22,1,6,467.09,,82,82,201407,202306,813,72179.59000000001
662090630104,1,18/09/1962,60,5,2,17,1,,,,,,201701,202306,344,18845.97
662258370180,1,10/07/1979,43,3,2,2,0,6,14596.73,729.84,1167.74,1897.5801,201801,202107,23,11244.38
662531420104,1,20/06/1965,58,5,1,17,1,,,,,,201406,202306,503,51312.42
662702610125,1,14/02/1950,73,6,2,24,0,6,22109.61,1105.48,1768.77,2874.25,201406,201812,494,52088.41999999998
662754750145,1,28/02/1989,34,2,1,2,0,,,,,,201612,201903,13,1295.55
662911260104,1,10/06/1963,60,5,2,10,1,6,457.03,,82,82,201402,202306,473,30653.53
662965240115,1,09/02/1959,64,5,4,14,1,6,444.9,,82,82,201403,202306,728,48467.8
663309230140,1,29/06/1977,46,4,1,14,1,6,1570.36,,125.63,125.63,201403,202306,416,65843.77000000003
663398530125,1,14/08/1960,62,5,2,24,0,4,750.18,42.5,68,110.5,201703,201705,200,1128.94
663537750115,1,04/05/1956,67,6,3,14,0,6,6524.09,326.2,521.93,848.13,201405,202205,260,11674.13
663538800104,1,04/03/1954,69,6,2,17,0,6,370.51,42.5,68,110.5,201403,201612,68,416
663743210116,1,10/05/1971,52,4,1,13,0,6,1000,50,80,130,201801,201801,4,130
663749630116,1,12/08/1971,51,4,1,13,0,3,3354,167.7,268.32,436.01999,201607,201607,4,436.02
663758420143,1,13/04/1986,37,3,1,2,0,,,,,,202211,202305,1,411.31
663764480116,1,17/06/1973,50,4,2,13,1,6,264.89,,82,82,201405,202306,249,55241.56
663844250115,1,05/07/1958,64,5,2,14,1,,,,,,201801,202306,282,13262.97
663845520115,1,06/06/1964,59,5,2,14,1,,,,,,201404,202306,353,12816.65
663849830141,1,21/02/1983,40,3,1,19,0,,,,,,201409,202102,145,1145.23
663869410115,1,16/11/1961,61,5,2,14,1,6,3593.69,,287.5,287.5,201405,202306,520,91165.52000000002
663886670115,1,24/02/1965,58,5,2,14,1,,,,,,201404,202306,599,67429.21000000001
663895420115,1,05/12/1960,62,5,2,14,0,,,,,,201404,202302,217,8844.68
663914160115,1,03/01/1966,57,5,1,14,1,2,7161.13,,572.89,572.89001,201505,202306,689,104868.57
663944150115,1,13/06/1959,64,5,2,14,1,,,,,,201405,202306,574,56608.53000000002
664030310115,1,02/03/1949,74,6,2,14,0,,,,,,201404,201408,109,97.5
664060960115,1,25/01/1968,55,5,2,14,0,6,339.09,46.5,74.40000000000001,120.9,201505,202104,27,1240.65
664066350115,1,05/10/1968,54,4,2,14,0,,,,,,202104,202302,26,2704.75
664093010115,1,22/01/1967,56,5,1,14,0,,,,,,201402,202205,183,16007.29
664096190115,1,28/01/1972,51,4,1,14,1,,,,,,201402,202306,382,56741.76000000002
664108430115,1,26/08/1961,61,5,2,14,1,,,,,,201801,202306,285,26134.52
664112170115,1,02/02/1971,52,4,1,14,1,6,981.09,,82,82,201407,202306,405,60716.63
664117310115,1,16/09/1973,49,4,1,14,1,,,,,,201507,202306,371,37143.38
664128160115,1,05/09/1974,48,4,2,14,1,,,,,,201405,202306,217,38149.80999999999
664354350132,1,27/05/1967,56,5,,,0,,,,,,,,154,
664413120115,1,17/12/1955,67,6,2,14,0,,,,,,201403,201512,512,2244.35
664440150104,1,08/01/1970,53,4,1,2,0,,,,,,201403,202104,268,871.59
664480180104,1,19/11/1967,55,5,1,2,1,6,3384.02,,270.72,270.72,201402,202306,540,67329.79000000002
664570810104,1,08/12/1968,54,4,1,17,0,,,,,,201403,201812,376,3789.99
664594100104,1,03/06/1969,54,4,1,17,1,6,215.4,,82,82,201402,202306,422,45121.48999999999
664637330104,1,13/02/1970,53,4,1,17,0,,,,,,201403,201606,126,662.5599999999999
664663990104,1,19/04/1970,53,4,1,17,1,,,,,,201404,202306,397,47855.74000000001
664687930104,1,15/06/1968,55,5,2,17,1,6,393.97,,82,82,201403,202306,711,44380.13
664701830104,1,06/02/1969,54,4,1,17,1,,,,,,201403,202306,370,13046.53
664787100115,1,07/12/1968,54,4,1,10,0,,,,,,201404,201610,320,
664789560104,1,31/05/1973,50,4,2,17,1,6,5680.56,,454.44,454.44,201405,202306,694,107936.4
664850550104,1,09/12/1973,49,4,2,17,0,,,,,,201403,202106,516,7338.140000000001
664888880104,1,10/02/1964,59,5,2,17,0,,,,,,201405,202304,574,27154.05
665109150104,1,23/04/1976,47,4,1,17,0,,,,,,201404,201504,175,2868.12
665334980104,1,29/07/1978,44,3,2,17,1,,1252.31,,100.18,100.18,201404,202306,516,57583.17999999999
665561350143,1,03/05/1986,37,3,1,2,0,,,,,,201802,201904,17,1692.75
665737950108,1,18/04/1959,64,5,1,12,0,6,230.82,37.5,60,97.5,201404,201406,234,345.48
665860810176,1,15/04/2000,23,1,,2,0,,,,,,202005,202112,0,
666150570102,1,07/10/1971,51,4,,19,0,6,,,,,201504,201504,27,
666373600140,1,11/06/1979,44,3,1,13,0,6,650.49,42.5,68,110.5,201705,201707,9,685.38
666423510170,1,15/02/1991,32,2,1,14,1,,,,,,201404,202306,169,21589.59
666456330142,1,08/07/1984,38,3,1,19,1,6,393.97,,82,82,201402,202306,304,61948.22
666508460109,1,06/03/1972,51,4,2,14,0,,,,,,201406,202304,212,14592.47
666994330115,1,20/09/1950,72,6,1,14,0,,,,,,201404,202011,389,32975.66
667320270180,1,02/10/1979,43,3,1,14,0,,,,,,201405,202008,16,423.67
667377010147,1,23/06/1991,32,2,1,2,0,6,,,,,202006,202006,1,
667531840140,1,20/07/1980,42,3,1,2,1,5,10625.55,,850.04,850.03998,201406,202306,589,120776.88
667630120115,1,18/02/1965,58,5,2,14,1,6,3344.08,,267.53,267.53,201405,202306,642,104744.69
668233060125,1,15/02/1968,55,5,2,24,1,2,319.31,,82,82,201503,202306,594,51608.25999999999
668306660143,1,10/12/1983,39,3,2,2,1,4,4789.85,,383.19,383.19,201405,202306,328,113194.94
669314380170,1,14/09/1990,32,2,1,14,1,6,742.21,,82,82,201407,202306,93,29621.09
669493870144,1,17/11/1987,35,3,,13,0,6,,,,,201405,201406,6,
669629020103,1,04/08/1967,55,5,1,19,0,,,,,,201403,201610,110,5886.539999999999
669631810103,1,01/12/1973,49,4,,19,0,,,,,,201505,201611,30,1053
669698240103,1,05/04/1977,46,4,2,19,0,6,7259.46,362.97,580.76,943.72998,201406,201506,17,2964.59
669778270125,1,12/02/1956,67,6,1,24,1,3,9518.709999999999,,761.5,761.5,201405,202306,1044,183993.8799999999
669832210140,1,20/11/1980,42,3,1,2,1,,,,,,201406,202306,226,10569.41
669899890103,1,15/02/1978,45,4,2,19,1,6,107.44,,82,82,201408,202306,570,85612.12
670671560115,1,18/11/1959,63,5,2,14,1,6,4604.35,,368.35,368.35001,201406,202306,902,107944.28
670749150115,1,01/04/1963,60,5,2,14,1,2,3180.49,,254.44,254.44,201406,202306,731,104615.52
670847610102,1,26/08/1962,60,5,2,19,1,6,107.44,,82,82,201408,202306,626,81428.79000000001
670938720102,1,16/12/1970,52,4,1,19,0,,,,,,201404,201601,162,2544.3
671005840115,1,20/09/1953,69,6,2,22,0,6,12377.34,618.87,990.1900000000001,1609.0599,201402,201812,390,21436.89
671093830115,1,06/12/1962,60,5,2,14,0,,,,,,201404,202305,623,38077.78
671112060115,1,20/06/1961,62,5,1,14,1,6,619.91,,82,82,201402,202306,492,53586.23999999999
671140920142,1,15/01/1982,41,3,1,2,1,6,762.5700000000001,,82,82,201405,202306,355,79078.53000000001
671174480143,1,30/08/1986,36,3,1,19,0,,,,,,201506,201609,15,2619.43
671321060128,1,29/10/1968,54,4,2,19,1,6,1782.83,,142.63,142.63,201402,202306,387,63076.38000000002
671357780115,1,10/02/1967,56,5,1,2,1,,,,,,201404,202306,514,27415.94000000001
671434630115,1,04/01/1968,55,5,1,14,1,6,850.64,,82,82,201405,202306,431,80755.44
671440020115,1,27/08/1969,53,4,1,14,1,6,1750.04,,140,140,201405,202306,677,74728.32000000001
671586080145,1,30/07/1985,37,3,,10,0,,,,,,201601,201608,1,107.69
671670070109,1,28/01/1957,66,6,2,14,0,6,904.64,45.23,72.37,117.6,201608,201608,1,117.6
671695850125,1,22/03/1971,52,4,1,14,1,6,591.5599999999999,,82,82,201404,202306,438,49720.8
671788610141,1,05/04/1983,40,3,1,14,1,3,1800.82,,144.07,144.07001,201403,202306,406,70241.60000000003
672087620115,1,08/05/1971,52,4,1,14,1,,,,,,201404,202306,362,40273.67000000001
672368750142,1,28/11/1984,38,3,1,14,0,6,12076.05,603.8,966.08,1569.88,201704,202205,25,10900.22
672378060115,1,17/09/1969,53,4,1,14,0,6,1681.57,84.08,134.53,218.61,201404,201901,130,6586.260000000001
672552440142,1,23/05/1984,39,3,1,2,0,6,1017.15,50.86,81.37,132.23,201405,201902,81,12132.81
672588880115,1,23/05/1968,55,5,1,14,1,,,,,,201404,202306,420,25398.62
672659790109,1,09/05/1968,55,5,2,17,1,,,,,,201406,202306,478,41851.79
672927450148,1,03/09/1994,28,2,,24,0,6,267.74,46.5,74.40000000000001,120.9,202007,202007,1,120.9
673029610102,1,30/08/1965,57,5,1,19,0,6,13975.31,,1118.02,1118.02,201406,202212,63,15810.05
673103460141,1,23/04/1983,40,3,1,2,0,,1427.78,71.39,114.22,185.61,201402,202202,267,80310.22000000003
673166250140,1,21/06/1980,43,3,1,2,1,,,,,,201402,202306,284,25665.97
673241170141,1,18/04/1983,40,3,1,2,0,,,,,,201403,202001,220,19571.2
673286220132,1,02/10/1972,50,4,1,2,0,,3891.66,,311.33,311.32999,201404,202303,527,115998.02
673426040125,1,09/11/1961,61,5,2,14,1,6,904.36,,82,82,201402,202306,761,103513.18
673440440144,1,19/10/1987,35,3,1,19,0,,2314.07,115.7,185.13,300.82999,201402,201703,223,13907.4
673463170132,1,23/07/1972,50,4,1,2,1,6,1409.7,,112.78,112.78,201402,202306,342,67104.69
673596300115,1,09/05/1974,49,4,1,14,1,,,,,,201801,202306,110,14061.86
673596620132,1,07/12/1973,49,4,1,2,1,6,2321.69,,185.74,185.74001,201406,202306,502,71915.61000000002
673757770115,1,28/04/1975,48,4,1,14,1,,,,,,201404,202306,277,40505.45999999999
673794510125,1,15/04/1959,64,5,2,24,1,,373.43,,82,82,201404,202306,371,41912.18000000001
673797090173,1,14/02/1994,29,2,,14,0,,,,,,202101,202104,3,302.51
673871560125,1,27/04/1968,55,5,2,24,1,6,697.0599999999999,,82,82,201405,202306,366,73879.32000000001
673901140115,1,10/02/1976,47,4,1,14,0,,,,,,202006,202107,5,933.74
673901250102,1,16/05/1957,66,6,2,19,1,6,1779.29,,142.34,142.34,201405,202306,740,112751.62
673902060116,1,05/03/1973,50,4,2,13,0,6,5466.8,273.34,437.34,710.67999,201402,202104,107,17396.97
673905570132,1,25/10/1956,66,6,2,2,1,4,3377.4,,270.19,270.19,201407,202306,708,108616.9300000001
673922400107,1,14/06/1964,59,5,2,2,1,,,,,,201405,202306,532,28304.57
673985030116,1,11/11/1974,48,4,2,13,1,,,,,,201404,202306,237,17770.56
674009160102,1,06/01/1959,64,5,2,19,1,6,3170.66,,253.65,253.64999,201405,202306,1158,118091.89
674029420132,1,15/01/1964,59,5,1,2,1,,2635.91,,210.87,210.87,201402,202306,551,82009.13
674066770115,1,24/04/1973,50,4,2,14,0,,337.76,46.5,74.40000000000001,120.9,202006,202203,302,1463.61
674119330125,1,26/06/1969,54,4,2,24,1,,,,,,201402,202306,510,47494.25
674315610102,1,28/12/1966,56,5,,19,0,6,733.5,37.5,60,97.5,201406,201407,144,394.34
674348190102,1,26/09/1967,55,5,2,19,1,6,716.16,,82,82,201402,202306,650,50824.63000000001
674350830102,1,02/01/1967,56,5,1,24,0,,,,,,201405,202001,344,3179.99
674400870116,1,28/05/1974,49,4,2,13,0,6,1267.11,63.36,101.37,164.73,201405,201407,92,643.77
674427780102,1,02/03/1969,54,4,1,2,1,6,179.56,,82,82,201402,202306,696,53044.28999999999
674524000125,1,14/12/1971,51,4,2,19,0,1,27992.63,1399.63,2239.41,3639.04,201405,201504,462,7446.27
674546000125,1,22/04/1970,53,4,1,24,1,6,1712.47,,137,137,201402,202306,477,63704.60000000001
674554930145,1,11/03/1986,37,3,,19,0,,,,,,202008,202212,13,764.72
674912600115,1,27/06/1973,50,4,1,14,1,,,,,,201406,202306,728,276036.71
674964280116,1,08/03/1975,48,4,1,2,0,,,,,,201512,201904,10,848.0899999999999
674987530115,1,14/07/1967,55,5,1,4,1,6,4044.77,,323.58,323.57999,201405,202306,465,94523.35999999999
675062740144,1,13/07/1987,35,3,,2,0,6,1394.92,69.75,111.59,181.34,201906,202101,18,1774.71
675392950115,1,18/12/1973,49,4,1,14,1,6,1727.87,,138.23,138.23,201402,202306,370,79228.55
675435100116,1,01/09/1974,48,4,,,0,,,,,,,,0,
675860250115,1,27/03/1977,46,4,2,14,1,6,388.54,,82,82,201403,202306,514,57989.07
675862250115,1,09/03/1977,46,4,1,14,0,6,65.90000000000001,46.5,74.40000000000001,120.9,201511,201910,272,3957.18
675867240115,1,12/04/1978,45,4,1,14,1,,,,,,201406,202306,526,67170.15000000002
675873850115,1,07/07/1978,44,3,1,14,1,,,,,,201404,202306,373,22160.5
675993080170,1,30/03/1993,30,2,1,10,0,,,,,,201511,201701,1,97.5
676028710125,1,03/03/1970,53,4,1,17,1,6,70.34,,82,82,201404,202306,367,26518.13999999999
676035450115,1,24/11/1976,46,4,1,14,1,,,,,,202104,202306,44,9769.83
676135830115,1,21/01/1972,51,4,1,14,0,,,,,,201404,202109,251,16443.34
676686730132,1,25/01/1962,61,5,2,2,1,6,916.6,,82,82,201402,202306,670,34283.61
676798820116,1,21/06/1969,54,4,,,0,,,,,,,,53,
677005460140,1,09/11/1980,42,3,1,2,1,,,,,,201511,202306,211,42603.35000000001
677016190132,1,26/03/1957,66,6,1,2,1,,275.69,,82,82,201405,202306,534,68895.05000000002
677152870132,1,10/11/1964,58,5,2,2,1,,,,,,201904,202306,717,60527.61000000001
677162740106,1,21/01/1967,56,5,2,14,1,6,378.63,,82,82,201504,202306,549,79788.60000000001
677370660125,1,19/11/1974,48,4,2,24,0,6,1350.03,,108,108,202006,202302,233,17119.59
677381000125,1,14/09/1974,48,4,1,24,0,1,22238.29,1111.91,1779.06,2890.97,201404,201906,504,48173.17
677688780132,1,02/06/1962,61,5,1,2,1,6,596.15,,82,82,201405,202306,620,101329.23
677722250140,1,24/08/1980,42,3,2,10,1,6,5002.05,,400.16,400.16,201407,202306,437,96540.10000000001
677735710142,1,27/12/1980,42,3,1,2,1,,,,,,201512,202306,121,10411.28
678366590132,1,20/11/1964,58,5,1,2,1,,1743.08,,139.45,139.45,201405,202306,338,91009.00999999998
678426880132,1,21/01/1959,64,5,1,2,1,6,166.82,,82,82,201405,202306,309,21297.48
678484730125,1,11/05/1975,48,4,2,24,0,4,5181.92,259.1,414.55,673.65002,201410,202008,318,126753.45
678601510141,1,30/06/1983,40,3,1,2,0,6,2373.96,118.7,189.92,308.62,201402,202205,118,12138.64
678794990140,1,24/03/1980,43,3,1,10,1,,,,,,202207,202306,95,1043.7
678842590142,1,03/12/1984,38,3,1,14,0,,,,,,201404,201710,123,8917.360000000001
678924390143,1,20/09/1986,36,3,1,14,1,,,,,,201806,202306,75,11928.74
679009230125,1,28/09/1974,48,4,,19,0,6,1055.29,52.76,84.42,137.17999,202101,202107,14,2926.27
679014370132,1,15/10/1963,59,5,1,2,0,,,,,,201406,202104,94,4490.82
679070350132,1,05/03/1966,57,5,2,2,1,1,3388.84,,271.11,271.10999,201407,202306,717,192189.39
679139840125,1,11/02/1972,51,4,2,14,1,,1988,,159.04,159.03999,201404,202306,542,65459.99000000001
679242080132,1,10/10/1963,59,5,1,2,1,3,1369.25,,109.54,109.54,201403,202306,873,75696.63000000002
679740740132,1,07/04/1964,59,5,,2,0,6,444.51,37.5,60,97.5,201406,201407,257,394.03
679822640125,1,10/09/1963,59,5,1,12,0,6,254.83,37.5,60,97.5,201406,201408,44,1435.85
679953840100,1,06/03/1975,48,4,2,17,1,6,244.73,,82,82,201404,202306,761,85570.7
680004160121,1,27/09/1956,66,6,2,10,1,6,297.82,,82,82,201406,202306,562,88536.39999999999
680163470132,1,22/08/1966,56,5,2,2,1,6,762.5700000000001,,82,82,201405,202306,637,84393.41
680236050132,1,06/10/1949,73,6,2,2,0,,,,,,201404,201504,290,1555.45
680380650132,1,02/01/1958,65,6,2,2,1,6,425.15,,82,82,201405,202306,721,98552.78
680703690147,1,06/07/1993,29,2,1,2,0,,,,,,201911,202201,8,1789.12
680815760146,1,06/02/1991,32,2,1,14,1,6,483.25,,82,82,201512,202306,191,49764.8
680930630102,1,18/01/1972,51,4,,19,0,,,,,,201505,201702,20,1898
681226940146,1,26/01/1991,32,2,1,2,0,,,,,,201407,202302,127,21348.60999999999
681479700143,1,23/10/1986,36,3,1,19,0,6,7259.46,362.97,580.76,943.72998,201406,201506,17,2964.59
681804020102,1,12/10/1967,55,5,1,2,1,,,,,,201402,202306,594,48227.05
681950430132,1,19/08/1961,61,5,1,2,1,3,4380.1,,350.41,350.41,201402,202306,799,124080.17
682142450121,1,17/08/1962,60,5,2,10,1,6,378.63,,82,82,201407,202306,398,79383.28
682228150147,1,05/01/1990,33,2,1,14,0,,12610.23,630.51,1008.82,1639.33,201608,202105,106,23928.84
682230930132,1,23/12/1955,67,6,1,2,0,,,,,,201912,202209,76,6324.96
682266110132,1,07/08/1956,66,6,1,2,1,6,774.87,,82,82,201402,202306,997,110136.67
682387340121,1,09/05/1966,57,5,2,10,1,6,4938.91,,395.11,395.10999,201404,202306,722,81915.17000000001
682422040148,1,19/07/1992,30,2,,19,0,6,1676.99,83.84999999999999,134.16,218.00999,201704,201705,9,444.37
682924900132,1,20/06/1965,58,5,1,2,1,,,,,,201405,202306,138,7152.33
682930950125,1,27/09/1968,54,4,2,24,1,2,4064.97,,325.2,325.20001,201407,202306,802,148720.11
683100470125,1,07/10/1976,46,4,2,24,1,,,,,,201407,202306,411,25744.29
683154990132,1,05/11/1964,58,5,2,2,0,6,9375.559999999999,468.78,750.04,1218.8199,201604,202007,249,28701.65
683188820140,1,23/02/1978,45,4,1,14,0,,,,,,201611,201704,76,960.2400000000001
683228560102,1,25/03/1974,49,4,1,19,0,,,,,,201601,202001,350,1344.33
683230340132,1,31/07/1963,59,5,1,2,1,,,,,,201402,202306,598,102601.17
683299450141,1,27/01/1983,40,3,2,14,1,,,,,,201607,202306,159,50487.75000000001
683418520102,1,06/06/1967,56,5,1,2,0,,,,,,201404,201907,236,2508.69
683463560125,1,28/06/1977,46,4,1,17,0,,,,,,201404,201907,375,9227.889999999999
683538310130,1,04/01/1971,52,4,2,4,1,4,3984.92,,318.79,318.79001,201406,202306,745,117640.05
683604180102,1,04/09/1973,49,4,1,19,1,6,821.15,,82,82,201405,202306,449,66630.16
683607870132,1,08/01/1959,64,5,1,2,0,,,,,,201405,201705,66,2498.650000000001
683662710132,1,14/10/1966,56,5,1,2,1,,1021.65,,82,82,201405,202306,677,115502.99
683960780142,1,02/02/1985,38,3,1,14,1,,,,,,201406,202306,276,70947.25000000003
684031700125,1,28/07/1965,57,5,1,10,1,6,581.78,,82,82,201407,202306,201,64275.34
684373140132,1,26/08/1965,57,5,1,2,0,,,,,,201612,202001,75,3503.76
684406410125,1,29/06/1975,48,4,1,19,0,6,2467.01,123.35,197.36,320.70999,202111,202207,191,3082.15
684442780102,1,08/03/1974,49,4,1,19,0,,,,,,201404,201707,489,7639.65
684490980132,1,24/10/1964,58,5,2,2,1,,1593.77,,127.5,127.5,201404,202306,170,37235.53999999999
684492970117,1,04/11/1964,58,5,1,2,1,6,21.91,,82,82,201404,202306,559,38741.49
684586970115,1,25/03/1972,51,4,2,14,1,6,556.96,,82,82,201407,202306,424,84638.07999999999
684826360103,1,14/12/1955,67,6,2,2,1,6,774.87,,82,82,201402,202306,906,77533.82000000002
684987240102,1,29/07/1973,49,4,1,19,1,6,3257,,260.56,260.56,201402,202306,980,87226.41999999998
685029890147,1,25/06/1993,30,2,,2,0,,,,,,202012,202302,9,529.28
685244460115,1,20/07/1970,52,4,2,24,1,6,1091.89,,87.34999999999999,87.349998,201406,202306,752,96158.74999999999
685268260115,1,05/02/1972,51,4,1,14,0,3,9847.84,492.39,787.83,1280.22,201405,201812,235,10451.45
685287770121,1,25/10/1965,57,5,1,10,1,6,1949.72,,155.98,155.98,201406,202306,402,95006.23000000001
685293900115,1,01/08/1972,50,4,2,14,0,,,,,,201406,202304,378,10034.99
685301700115,1,06/10/1972,50,4,1,14,1,,,,,,201404,202306,507,24820.14
685306280121,1,15/03/1966,57,5,2,10,0,6,874.5700000000001,43.73,69.97,113.7,201407,201511,165,7431.299999999999
685325970121,1,06/01/1952,71,6,2,14,0,,,,,,201506,201701,417,2329.35
685326720115,1,01/11/1972,50,4,1,14,0,6,5761.56,,460.92,460.92001,201507,202302,241,19868.02
685342580103,1,06/07/1971,51,4,1,19,0,6,4396.27,219.81,351.7,571.51001,201612,201612,5,571.51
685343570132,1,23/04/1962,61,5,1,2,1,6,685.22,,82,82,201403,202306,774,47474.84
685344760115,1,07/04/1975,48,4,2,7,0,,1723.01,86.15000000000001,137.84,223.99001,202005,202202,149,6092.379999999999
685345050102,1,13/08/1973,49,4,2,19,0,6,2518.22,125.91,201.46,327.37,201504,202206,146,16232.89
685377980102,1,24/12/1972,50,4,2,19,1,,,,,,201407,202306,450,52235.55000000001
685389010115,1,17/07/1963,59,5,2,14,0,6,5440.93,,435.27,435.26999,201806,202301,347,4963.370000000001
685509790173,1,19/01/1997,26,2,,10,0,,,,,,202010,202201,27,8208.309999999999
685546690115,1,06/08/1967,55,5,2,17,1,1,126.85,,82,82,201405,202306,691,218215.18
685706830132,1,12/08/1957,65,6,1,2,0,,,,,,201905,201912,115,1148.02
685723290102,1,14/05/1975,48,4,1,19,0,1,9628.42,,770.27,770.27002,201406,202301,56,27925.29
685731560121,1,26/06/1968,55,5,2,10,0,,,,,,201404,202305,419,40535.44
685787170115,1,24/05/1969,54,4,2,14,0,6,8960.15,448.01,716.8099999999999,1164.8201,202111,202112,118,1374.61
685832510115,1,28/07/1970,52,4,1,14,1,,,,,,201402,202306,560,133903.2
685909430140,1,21/08/1975,47,4,1,2,0,,,,,,201402,201709,135,
685966840115,1,03/03/1972,51,4,1,14,1,,,,,,201405,202306,533,52969.87000000001
685978630132,1,13/03/1950,73,6,2,2,0,6,2061.91,103.1,164.95,268.04999,201504,201507,65,719.8399999999999
685979420121,1,05/12/1967,55,5,2,10,1,6,1109.31,,88.73999999999999,88.739998,201405,202306,545,104431.5800000001
686041030121,1,19/09/1970,52,4,2,10,0,,,,,,201404,202305,241,40479.41000000001
686056980102,1,12/05/1973,50,4,2,19,0,,,,,,201404,201607,436,9954.98
686194330115,1,18/12/1976,46,4,2,14,1,4,3653.83,,292.31,292.31,201402,202306,587,94851.88
686226150146,1,16/03/1992,31,2,1,13,0,6,1000,,80,80,201801,201805,12,290
686364980130,1,25/11/1972,50,4,2,4,0,,,,,,201708,201804,134,221
686403870115,1,21/11/1973,49,4,2,14,0,,,,,,201404,201710,338,7474.65
686447410132,1,18/02/1955,68,6,2,2,1,6,1396.11,,111.69,111.69,201402,202306,807,39969
686502960141,1,05/03/1983,40,3,1,14,0,6,7940.3,397.02,635.22,1032.24,201707,202105,7,2007.57
686561130132,1,30/10/1961,61,5,1,2,0,6,4240.81,,339.26,339.26001,202205,202301,33,1474.97
687476600132,1,09/11/1967,55,5,1,2,0,,,,,,201607,201607,0,
687544250121,1,22/06/1969,54,4,1,10,1,,,,,,201406,202306,468,292.5
687739550121,1,30/04/1977,46,4,1,10,1,,,,,,201404,202306,403,50867.72
687883480118,1,12/08/1965,57,5,2,2,0,6,6009.75,,480.78,480.78,201511,202212,223,2662.87
687948950140,1,26/06/1980,43,3,1,17,1,6,393.97,,82,82,201402,202306,294,47490.03
688488820103,1,13/06/1972,51,4,2,19,0,,,,,,201402,201610,218,1350
688561430103,1,24/04/1971,52,4,2,19,0,,,,,,201511,201902,24,2697.09
688568290121,1,05/11/1976,46,4,2,10,0,,,,,,201804,201907,213,1034.41
688688400121,1,14/09/1978,44,3,1,10,0,6,2757.51,137.88,220.6,358.48001,201407,201511,169,8391.309999999999
688712740132,1,21/10/1965,57,5,2,2,1,,,,,,201402,202306,379,45457.82
688885790131,1,06/08/1972,50,4,1,14,0,,,,,,201405,201409,187,
689000940132,1,14/05/1964,59,5,1,2,1,,,,,,201405,202306,448,56173.59000000001
689010870117,1,26/06/1954,69,6,2,12,0,,22700.11,,1816.01,1816.01,201405,202212,275,48730.25
689542460143,1,05/11/1986,36,3,1,2,0,,,,,,201701,201904,53,4214.400000000001
689675730132,1,18/04/1966,57,5,2,2,1,6,1255.95,,100.48,100.48,201405,202306,570,104851.57
690011390132,1,20/07/1966,56,5,2,2,1,6,1120.59,,89.65000000000001,89.650002,201402,202306,599,57824.5
690180730132,1,05/06/1967,56,5,1,2,1,6,88.54000000000001,,82,82,201707,202306,144,19525.33
690433430132,1,29/08/1966,56,5,2,2,0,,4063.69,,325.1,325.10001,201402,202305,452,105641.89
690534780132,1,28/05/1967,56,5,1,2,1,6,444.9,,82,82,201403,202306,355,51299.26
690560590140,1,09/07/1980,42,3,1,17,1,6,197.48,,82,82,201606,202306,77,22926.74
690561130132,1,05/03/1967,56,5,2,2,0,6,5878.96,,470.32,470.32001,201404,202212,637,45832.01
690578890132,1,05/03/1967,56,5,1,2,1,6,3582.68,,286.61,286.60999,201405,202306,593,90493.01000000001
690676750132,1,08/10/1967,55,5,1,2,1,6,285.14,,82,82,201402,202306,652,67926.99000000001
690813300132,1,14/12/1967,55,5,1,2,1,,,,,,201404,202306,836,206069.52
690950150132,1,26/03/1966,57,5,1,2,0,,,,,,201405,201807,111,7539.52
691142320132,1,08/06/1968,55,5,1,14,0,,,,,,201404,201706,145,7784.09
691601300132,1,16/05/1968,55,5,2,2,0,,,,,,201804,202010,522,1775.8
691677740144,1,12/01/1988,35,3,,14,0,,,,,,201607,202008,15,3622.26
691737850132,1,07/08/1969,53,4,1,2,1,6,457.03,,82,82,201402,202306,460,72653.22000000003
691744690140,1,14/10/1979,43,3,1,19,1,,220.81,,82,82,202006,202306,186,15312.18
691749450132,1,03/08/1969,53,4,1,2,0,6,4826.15,241.31,386.09,627.40002,201711,202107,64,11824.48
691792470132,1,28/12/1967,55,5,1,2,1,6,283.53,,82,82,201405,202306,436,89255.98999999999
691826840132,1,16/09/1967,55,5,1,2,0,6,406.79,42.5,68,110.5,201707,201707,39,110.5
692172080132,1,20/11/1968,54,4,1,2,1,6,1528.99,,122.32,122.32,201402,202306,373,62878.42999999999
692316700140,1,18/03/1980,43,3,1,13,0,6,5327.62,266.38,426.21,692.59003,201405,201407,7,692.5899999999999
692367220132,1,28/11/1968,54,4,2,2,1,,,,,,201404,202306,339,28350.75999999999
692379000132,1,24/12/1968,54,4,1,2,0,6,116.68,46.5,74.40000000000001,120.9,201804,201804,79,120.9
692589230132,1,28/07/1970,52,4,2,2,1,,,,,,201405,202306,500,57153.1
692614600132,1,23/01/1970,53,4,2,,0,,,,,,201402,201406,395,855.61
692677070132,1,20/04/1969,54,4,2,2,1,6,197.48,,82,82,201406,202306,567,48487.50999999999
692807160106,1,12/07/1961,61,5,1,2,0,,,,,,201601,201604,10,1529.38
692831070141,1,27/07/1983,39,3,1,14,0,,,,,,201404,202011,95,16920.01
692945080132,1,08/02/1971,52,4,1,2,1,,,,,,201404,202306,394,41094.41999999999
692953230132,1,14/12/1970,52,4,1,2,1,5,846.46,,82,82,201512,202306,208,16024.21
693101980132,1,23/03/1971,52,4,2,2,1,,,,,,201511,202306,332,21758.63
693115750132,1,16/03/1962,61,5,1,2,0,6,1977.5,98.88,158.2,257.07999,201405,202112,279,9755.41
693136250132,1,26/01/1971,52,4,1,2,1,6,302.48,,82,82,201402,202306,352,80372.90000000004
693168490143,1,11/09/1981,41,3,1,2,0,6,3176.49,158.82,254.12,412.94,202005,202006,5,993.63
693263760117,1,24/10/1963,59,5,2,2,1,2,947.43,,82,82,201402,202306,962,137831.91
693412660132,1,26/07/1963,59,5,1,2,1,6,817.58,,82,82,201402,202306,286,71657.89000000001
693460960132,1,25/02/1969,54,4,2,2,0,,,,,,201512,201701,8,615.04
693478100132,1,01/12/1960,62,5,2,2,1,6,2031.39,,162.51,162.50999,201402,202306,161,106100.81
693483260141,1,29/09/1979,43,3,1,2,1,,,,,,201606,202306,131,37396.42
693493410132,1,11/08/1963,59,5,1,2,0,,,,,,201402,201403,200,
693532250132,1,22/08/1964,58,5,1,2,1,,,,,,201407,202306,654,27557.5
693600150147,1,02/10/1993,29,2,,19,0,6,2897.66,144.88,231.81,376.69,201612,201706,13,2195.22
693791890132,1,06/06/1961,62,5,1,2,1,,1245.8,,99.66,99.660004,201405,202306,399,43825.63999999999
693799840132,1,25/09/1971,51,4,2,2,1,,,,,,201504,202306,405,48725.82
694092520132,1,03/11/1973,49,4,1,2,1,,,,,,201404,202306,413,41126.59
694188890145,1,26/07/1989,33,2,1,2,1,3,3187.91,,255.03,255.03,202006,202306,22,5326.080000000002
694421370132,1,14/07/1971,51,4,1,2,0,6,499.17,,82,82,201402,202305,463,24473.4
694451000173,1,24/09/1997,25,2,1,2,0,,,,,,201906,202302,7,752.38
694469480132,1,17/06/1974,49,4,2,2,1,6,1321.01,,105.68,105.68,201402,202306,594,50597.87
694687150132,1,01/11/1975,47,4,1,2,1,,,,,,201405,202306,362,66241.40000000001
694774830108,1,20/08/1959,63,5,2,2,1,6,8772.51,,701.8,701.79999,201406,202306,972,113721.3
694811570132,1,20/02/1972,51,4,2,2,0,,823.74,46.5,74.40000000000001,120.9,201402,202203,563,124381.68
695194820132,1,28/04/1971,52,4,1,2,0,,,,,,201405,202106,120,4538.21
695247320145,1,02/04/1989,34,2,1,2,0,6,574.4,46.5,74.40000000000001,120.9,201804,201804,1,120.9
695273720132,1,21/01/1972,51,4,1,2,1,,,,,,201405,202306,145,36388.39999999999
695276420132,1,18/11/1960,62,5,2,2,1,6,239.48,,82,82,201405,202306,386,33614.99
695367140132,1,13/07/1957,65,6,4,2,1,1,962.05,,82,82,201511,202306,1113,147770.64
695499050132,1,21/07/1968,54,4,2,2,1,,,,,,201404,202306,626,40299.23999999999
695559560132,1,10/09/1966,56,5,1,2,1,,,,,,201405,202306,106,42799.00000000003
695627960132,1,11/01/1973,50,4,1,2,0,,,,,,201405,201802,116,4690.7
695659570132,1,29/04/1971,52,4,2,2,0,6,652.13,,82,82,201403,202305,373,58700.61
695661540132,1,08/02/1961,62,5,2,2,0,,,,,,201403,202305,559,44965.44999999998
695942570132,1,04/09/1971,51,4,1,2,0,,,,,,201404,201903,98,14422.79
696104380147,1,05/07/1993,29,2,,2,0,6,255.5,46.5,74.40000000000001,120.9,202201,202201,1,120.9
696500210132,1,13/09/1972,50,4,1,2,1,5,2239.66,,179.17,179.17,201405,202306,548,116253.7900000001
696594760132,1,27/01/1973,50,4,1,2,1,6,3076.38,,246.11,246.11,201404,202306,335,66053.69
696779970132,1,06/08/1974,48,4,2,2,0,,,,,,201611,202201,56,9597.709999999999
696855200132,1,06/06/1975,48,4,2,2,0,,,,,,201403,202303,493,42487.17999999999
696939320132,1,30/08/1975,47,4,1,19,0,,,,,,202008,202011,3,161.8
696968730132,1,18/12/1965,57,5,2,2,1,6,2490.64,,199.25,199.25,201402,202306,618,93995.44000000003
696990490132,1,20/11/1966,56,5,2,2,1,2,5059.56,,404.76,404.76001,201402,202306,171,151984.01
697134480132,1,09/06/1972,51,4,1,2,1,6,790.1900000000001,,82,82,201405,202306,538,75156.36
697292030132,1,01/05/1976,47,4,2,2,1,4,2555.68,,204.45,204.45,201504,202306,510,74239.46000000001
697339190132,1,21/02/1975,48,4,1,2,0,6,8652.52,432.63,692.2,1124.83,201706,202207,108,25926.1
697344910132,1,25/05/1976,47,4,1,2,0,,538.17,51.25,82,133.25,201606,202207,15,4550.32
697451890132,1,13/07/1976,46,4,1,2,1,,,,,,201405,202306,213,6804.310000000001
697587840100,1,27/07/1968,54,4,1,2,1,6,4016.94,,321.36,321.35999,201405,202306,304,87528.46000000001
697632570132,1,29/09/1976,46,4,1,2,0,,,,,,201612,201703,89,240.64
697748410132,1,02/05/1966,57,5,1,2,0,,,,,,201404,202305,789,75940.09000000001
697776110132,1,05/05/1970,53,4,2,2,1,6,4695.68,,375.65,375.64999,201402,202306,451,66238.32000000002
697787990132,1,22/01/1974,49,4,1,2,0,,,,,,201404,202305,404,53104.11
697814830115,1,27/11/1963,59,5,3,14,0,,,,,,201406,201911,378,22290.9
697824470115,1,25/01/1957,66,6,2,14,0,4,,,,,201405,202106,634,67239.85000000002
697947360141,1,11/08/1983,39,3,1,14,0,6,796.24,42.5,68,110.5,201707,201707,113,110.5
697973130141,1,12/06/1981,42,3,1,19,1,,175.73,,82,82,201606,202306,295,51755.89000000001
697975220132,1,11/07/1973,49,4,1,2,0,2,2341.38,,187.31,187.31,201407,202301,439,35893.06
698069960115,1,04/12/1964,58,5,2,14,1,6,1257.98,,100.64,100.64,201405,202306,579,71894.67000000003
698188670132,1,25/09/1977,45,4,2,2,1,,,,,,201904,202306,93,20018.47
698204750132,1,07/04/1977,46,4,1,12,0,,16297.87,814.89,1303.83,2118.72,202005,202006,187,2308.21
698269360132,1,25/05/1977,46,4,2,2,1,,,,,,201405,202306,286,27850.28999999999
698351800117,1,16/09/1962,60,5,2,2,1,6,370.87,,82,82,201403,202306,918,44350.38
698419890140,1,16/06/1981,42,3,2,14,1,6,190.44,,82,82,201404,202306,405,33078.62
698487190115,1,05/08/1964,58,5,1,10,1,6,3903.74,,312.3,312.29999,201407,202306,769,103482.29
698511070174,1,16/10/1997,25,2,1,2,0,,,,,,202201,202203,1,120.9
698581160171,1,06/05/1993,30,2,1,2,0,6,1192.26,,95.38,95.379997,201607,202302,71,19741.36
698618960146,1,10/05/1992,31,2,1,2,1,6,1167.26,,93.38,93.379997,201904,202306,25,6497.810000000001
698748490132,1,31/10/1977,45,4,1,2,1,6,1192.89,,95.43000000000001,95.43,201405,202306,354,75497.64000000003
698780110132,1,26/10/1975,47,4,2,2,0,,,,,,201704,201706,10,221
698832110132,1,22/01/1978,45,4,1,2,1,,,,,,201404,202306,275,35178.27
698874910115,1,05/02/1963,60,5,1,14,0,,,,,,201503,202302,612,24043.76
699186040141,1,12/12/1982,40,3,,14,0,,,,,,201402,201403,35,
699252100132,1,08/11/1972,50,4,2,2,1,2,528,,82,82,201402,202306,530,67344.62
699829000142,1,13/08/1984,38,3,1,2,1,,,,,,201402,202306,246,37016.92
700634100116,1,22/05/1971,52,4,1,14,1,6,1245.89,,99.67,99.669998,201407,202306,632,88011.38
700668100116,1,15/03/1968,55,5,1,14,1,5,2678.45,,214.28,214.28,201406,202306,546,115585.39
700673490140,1,30/11/1978,44,3,2,14,1,6,98.67,,82,82,201402,202306,305,59610.08999999998
700823890116,1,24/03/1965,58,5,2,14,1,6,6361.57,,508.93,508.92999,201406,202306,760,97974.04000000001
700837370116,1,13/08/1966,56,5,2,14,1,6,1255.11,,100.41,100.41,201405,202306,615,72385.64
700850630116,1,09/07/1967,55,5,2,14,1,5,5478.15,,438.25,438.25,201406,202306,589,105707.73
700881130116,1,28/03/1967,56,5,1,14,1,6,762.5700000000001,,82,82,201405,202306,614,83523.48999999999
700900680116,1,07/01/1970,53,4,2,14,1,6,4416.78,,353.34,353.34,201405,202306,582,135373.7
701172670116,1,01/10/1974,48,4,1,14,0,,,,,,202005,202112,268,3305.83
701227920116,1,27/12/1973,49,4,1,14,1,6,313.08,,82,82,201606,202306,177,48339.16
701270850142,1,19/05/1981,42,3,,14,0,3,603.2,42.5,68,110.5,201504,201702,301,16997.46
701559750140,1,10/09/1978,44,3,1,19,0,,,,,,201405,202010,165,8585.25
702006310116,1,30/12/1967,55,5,1,14,1,6,881.59,,82,82,201406,202306,575,62944.28000000002
702012050116,1,18/04/1977,46,4,1,14,0,6,9695.02,484.75,775.6,1260.35,201601,202007,172,4924.5
702061870116,1,21/02/1973,50,4,2,14,0,,,,,,201404,202202,513,26385.79
702365820116,1,03/04/1972,51,4,2,14,0,2,1429.77,,114.38,114.38,201405,202302,393,21364.9
702525350140,1,25/10/1977,45,4,1,2,0,,,,,,201611,201706,177,2110.43
703535170141,1,12/05/1981,42,3,1,2,0,6,6915.72,345.79,553.26,899.04999,201611,202007,24,7123.92
703576840148,1,09/12/1993,29,2,1,13,0,6,227.66,46.5,74.40000000000001,120.9,201805,201807,6,939.4200000000001
703630350143,1,26/06/1985,38,3,1,19,0,6,7109.18,,568.73,568.72998,201504,202212,65,12100.01
704216330142,1,19/09/1983,39,3,1,14,1,,,,,,201404,202306,257,26509.62999999999
704781290143,1,22/06/1985,38,3,1,14,0,6,2174.09,108.7,173.93,282.63,202011,202201,51,3121.56
705457900170,1,23/11/1994,28,2,,23,1,,,,,,202111,202306,24,3838.09
705931850146,1,23/04/1989,34,2,2,19,1,6,316.87,,82,82,201402,202306,532,33113.27
706144370140,1,26/12/1978,44,3,2,2,0,,4715.33,,377.23,377.23001,201505,202305,79,28570.37
706296640180,1,01/03/1978,45,4,1,10,1,6,491.21,,82,82,201512,202306,420,74777.63
706317420145,1,23/03/1988,35,3,1,14,0,,,,,,202005,202006,1,193.21
706451480173,1,22/10/1993,29,2,1,2,0,6,495.04,46.5,74.40000000000001,120.9,201911,201911,1,120.9
706476730118,1,06/12/1966,56,5,1,12,1,,,,,,201402,202306,456,39492.96
706659780118,1,14/03/1969,54,4,2,12,1,6,8772.51,,701.8,701.79999,201406,202306,389,98320.70000000001
706729260140,1,20/07/1977,45,4,1,14,0,5,199.88,37.5,60,97.5,201404,201507,250,2635.28
707078380142,1,07/10/1983,39,3,1,2,0,6,3623.35,181.17,289.87,471.04001,201404,202007,10,944.3099999999999
707269990147,1,15/06/1992,31,2,1,2,0,6,632.2,46.5,74.40000000000001,120.9,201405,202007,14,2058.69
707479880119,1,06/04/1973,50,4,2,2,0,,,,,,201511,202201,9,2310.39
708293850147,1,30/04/1992,31,2,1,2,0,,,,,,202005,202106,8,1221.55
708532600118,1,15/03/1962,61,5,2,12,1,3,14258.23,,1140.66,1140.66,201405,202306,813,211718.9600000001
708741150142,1,19/08/1978,44,3,,19,0,6,364.74,37.5,60,97.5,201402,201511,74,980.0500000000001
709441320118,1,21/04/1967,56,5,1,2,1,6,169.21,,82,82,201405,202306,547,44325.98000000001
709500380140,1,18/09/1976,46,4,1,2,1,6,498.17,,82,82,201403,202306,116,17899.53
710058450140,1,16/08/1975,47,4,1,14,0,6,6119.24,,489.54,489.54001,201705,202212,41,5506.309999999999
710077860147,1,10/02/1991,32,2,,14,0,6,2529.39,126.47,202.35,328.82001,201607,202006,12,2722.86
710286830140,1,28/11/1971,51,4,1,2,1,,,,,,201704,202306,45,8888.98
710370380141,1,21/10/1981,41,3,1,2,1,6,746.18,,82,82,201407,202306,385,90588.92000000001
710896930170,1,06/04/1995,28,2,1,2,0,,,,,,202204,202207,7,1039.71
711817620171,1,07/10/1993,29,2,,14,1,6,112.51,,82,82,202111,202306,25,6584.23
711920970132,1,10/04/1964,59,5,1,2,1,6,722.8,,82,82,202201,202306,165,8210
711966240142,1,01/09/1982,40,3,1,14,0,6,5109.26,255.46,408.74,664.20001,202006,202107,79,14686.26
712124880170,1,01/07/1991,31,2,1,2,0,,,,,,202111,202201,2,272.85
712169230132,1,20/02/1959,64,5,1,2,1,,,,,,201402,202306,731,125083.9
712189650132,1,23/03/1960,63,5,2,2,1,6,77.92,,82,82,201402,202306,463,33465.87000000001
712202500142,1,30/03/1980,43,3,1,19,1,,,,,,201406,202306,225,6437.4
712235930132,1,30/11/1960,62,5,2,2,0,6,514.35,42.5,68,110.5,201405,201612,527,14918.65
712361140132,1,24/12/1960,62,5,1,2,0,,,,,,201404,202107,95,6465.26
712431320103,1,05/07/1972,50,4,1,2,0,,,,,,201405,202001,92,2697.79
712600330173,1,21/06/1997,26,2,,19,0,,,,,,202112,202303,13,427.33
712615970144,1,19/12/1985,37,3,,2,0,,5237.19,,418.98,418.98001,202005,202202,12,8573.469999999999
71263164920713,1,21/10/1993,29,2,,14,0,,,,,,201505,201506,0,
712877720143,1,13/07/1985,37,3,1,2,0,6,191.94,42.5,68,110.5,201402,201607,82,208
713355760143,1,30/07/1981,41,3,1,2,0,,341.67,,82,82,201512,202301,62,12496.04
713484830132,1,30/03/1972,51,4,1,2,1,6,2332.73,,186.62,186.62,201509,202306,103,36417.98999999999
713848860146,1,08/01/1990,33,2,2,2,0,6,2773.91,138.7,221.91,360.60999,201506,202007,8,1122.87
713881300132,1,18/12/1976,46,4,1,2,1,6,481.02,,82,82,201402,202306,251,57348.70000000001
714929020141,1,01/11/1979,43,3,1,14,1,,,,,,201402,202306,441,56480.27
714930490141,1,15/10/1980,42,3,,14,1,6,489.06,,82,82,202005,202306,36,31544.59
715642850175,1,12/11/1998,24,1,1,2,0,,,,,,201712,202101,32,5896.530000000001
715711400177,1,06/10/1996,26,2,1,17,0,,,,,,202202,202207,11,1182.96
715711840140,1,29/03/1979,44,3,1,2,0,5,581.38,,82,82,202102,202305,39,7596.780000000001
716052600143,1,30/05/1984,39,3,1,14,1,,,,,,201707,202306,111,21529.71
716177840140,1,01/03/1977,46,4,1,19,0,,,,,,201811,202102,43,1807.18
716253920175,1,18/12/1995,27,2,1,10,0,,,,,,201505,201907,4,1045.95
716286750170,1,23/06/1988,35,3,,17,1,,,,,,202201,202306,19,466.54
716510900148,1,25/04/1993,30,2,1,12,1,,,,,,201801,202306,138,42752.23999999999
716540810140,1,08/11/1978,44,3,1,2,0,,,,,,201402,202304,445,44033.98
716658160118,1,14/11/1964,58,5,1,2,0,6,2875.52,143.78,230.04,373.82001,201402,202207,422,32311.82000000001
716938540141,1,30/04/1975,48,4,2,14,1,,,,,,201402,202306,278,70780.34
717007310143,1,24/09/1985,37,3,1,2,0,,,,,,201405,202107,54,20344.44
717554380146,1,12/02/1990,33,2,,14,0,6,989.1,49.46,79.13,128.59,201611,202007,11,1339.57
717617490142,1,10/12/1983,39,3,1,14,1,6,1570.36,,125.63,125.63,201402,202306,352,64773.47
717768200140,1,14/01/1978,45,4,1,2,0,6,1594.11,,127.53,127.53,201705,202302,187,14970.91
717847150141,1,22/04/1981,42,3,1,2,0,6,9769.43,488.47,781.55,1270.02,201511,202111,113,21053.07
717872670142,1,25/12/1983,39,3,2,10,1,6,21.91,,82,82,201704,202306,99,12965.67
717926390141,1,25/10/1981,41,3,1,2,1,6,300.24,,82,82,201405,202306,239,22878.97
718024950143,1,25/06/1984,39,3,1,14,0,,,,,,201806,202301,63,11924.55
718071320180,1,16/07/1977,45,4,1,2,0,,,,,,201905,202001,42,405.36
718585940147,1,12/07/1992,30,2,1,12,0,6,1017.52,50.88,81.40000000000001,132.28,201504,201707,28,2241.95
718872750141,1,01/02/1980,43,3,1,19,1,6,627.39,,82,82,201402,202306,462,69008.55000000002
719258210147,1,19/07/1991,31,2,1,17,0,6,1215.13,,97.20999999999999,97.209999,202207,202304,7,504.62
719625850141,1,27/01/1982,41,3,2,2,0,,,,,,201404,201408,112,97.5
719789140147,1,05/01/1983,40,3,1,19,0,6,930.4,,82,82,201807,202206,31,1812.31
719840040140,1,14/03/1979,44,3,1,13,1,6,1173.78,,93.90000000000001,93.900002,201505,202306,132,26996.54
720009920118,1,08/09/1976,46,4,1,12,1,,,,,,201801,202306,64,12848.68
720173620180,1,23/08/1976,46,4,1,2,1,,,,,,201405,202306,211,14599.5
720499030106,1,29/04/1959,64,5,2,14,0,,,,,,201406,202303,178,29212.60000000001
720560670180,1,23/06/1977,46,4,1,12,1,6,685.22,,82,82,201403,202306,245,47942.64
721160390170,1,20/05/1997,26,2,,17,0,,,,,,201803,202012,9,1954.65
721428240170,1,29/11/1993,29,2,1,2,0,,3380.43,169.02,270.43,439.45001,202110,202202,1,1412.29
721448730141,1,28/03/1982,41,3,1,19,1,6,239.48,,82,82,201405,202306,335,31812.47999999999
721517590110,1,22/11/1974,48,4,1,14,0,,,,,,201504,202305,435,45637.09999999999
721563930142,1,03/05/1983,40,3,1,2,1,,,,,,201611,202306,100,30226.33
721707230140,1,01/05/1979,44,3,1,14,0,,4806.81,240.34,384.54,624.88,201405,202203,237,17971.92
721707900177,1,11/11/1995,27,2,,19,0,,,,,,201506,201702,25,1657.5
722016280142,1,31/01/1984,39,3,2,14,1,6,1206.58,,96.53,96.529999,201405,202306,275,67174.5
722038820148,1,17/01/1993,30,2,1,2,0,,,,,,202205,202207,4,253.76
722347270143,1,20/09/1984,38,3,2,13,0,6,,,,,201405,201406,6,
722489170119,1,27/03/1958,65,6,2,12,1,6,377.51,,82,82,201406,202306,682,61967.35000000001
722770250100,1,19/07/1967,55,5,2,2,1,3,3344.57,,267.57,267.57001,201407,202306,1042,93441.44000000006
723869510145,1,08/08/1988,34,2,1,17,0,,,,,,201512,202104,22,8918.73
724276630122,1,25/04/1964,59,5,1,10,0,,,,,,201405,201601,96,768.3599999999999
724626150106,1,31/08/1959,63,5,2,2,1,6,2748.98,,219.92,219.92,201405,202306,641,121370.3
724739830122,1,30/07/1960,62,5,1,10,1,6,364.47,,82,82,201405,202306,417,67375.25000000001
724895340180,1,19/05/1976,47,4,2,2,1,6,36.68,,82,82,201711,202306,167,39553
725180710148,1,19/01/1993,30,2,,2,0,6,7059.19,352.96,564.74,917.70001,202005,202207,41,19216.72
725286800142,1,27/10/1981,41,3,1,19,0,6,1299.24,64.95999999999999,103.94,168.89999,201406,201507,17,812.6099999999999
725303590180,1,11/11/1976,46,4,1,2,1,,,,,,201405,202306,226,19000.42
725612650180,1,23/08/1975,47,4,1,2,0,,,,,,201612,202006,21,6192.88
725948740147,1,26/06/1991,32,2,1,2,1,6,150.16,,82,82,202104,202306,29,6043
725962190133,1,21/09/1972,50,4,1,2,1,,,,,,201405,202306,397,56342.15000000002
725981920122,1,27/05/1962,61,5,2,10,0,,6887,344.35,550.96,895.31,201405,201603,301,11334.89
726023100145,1,27/07/1988,34,2,1,14,1,,,,,,201504,202306,156,29411.81
726032260133,1,29/12/1972,50,4,2,,1,3,1028.63,,82.29000000000001,82.290001,201404,202306,280,64916.53000000001
726035150133,1,02/08/1971,51,4,,2,0,,,,,,201405,202104,281,10614.39
726099790180,1,05/12/1978,44,3,1,19,0,6,4472.24,223.61,357.78,581.39001,201406,201507,17,1430.53
726160110133,1,12/06/1970,53,4,2,2,0,,,,,,201407,201606,1,97.5
726233680133,1,18/06/1972,51,4,1,2,0,6,1510.58,75.53,120.85,196.38,201404,201407,118,679.46
726250740133,1,30/08/1971,51,4,2,2,1,6,752.65,,82,82,201405,202306,537,104340.11
726530230133,1,14/02/1973,50,4,1,2,1,6,5386.33,,430.91,430.91,201402,202306,370,96923.61000000002
726587630133,1,27/12/1976,46,4,1,2,0,,,,,,202006,202010,40,326.24
726736520142,1,02/02/1984,39,3,1,14,0,,,,,,201404,202102,97,15279.2
726985510145,1,02/08/1988,34,2,1,2,0,,,,,,201403,201602,36,1966.89
727054810122,1,05/03/1965,58,5,1,24,1,6,634.39,,82,82,201405,202306,741,93243.15000000001
727310050140,1,10/02/1979,44,3,1,19,0,,,,,,201608,201708,14,1584.2
727341330122,1,17/09/1968,54,4,2,10,0,6,2394.96,,191.6,191.60001,201405,202303,327,28975.21000000001
727353350140,1,31/08/1979,43,3,2,2,0,,,,,,201405,202305,269,48628.87000000001
727400450180,1,07/08/1978,44,3,2,14,1,,,,,,201404,202306,124,10960.46
727429370141,1,01/04/1981,42,3,1,12,0,,,,,,202011,202302,71,21619.1
727958590170,1,13/06/1993,30,2,1,2,0,,,,,,202011,202101,0,
728182520122,1,05/06/1967,56,5,1,10,1,6,1949.72,,155.98,155.98,201406,202306,457,101144.19
728294380180,1,18/01/1966,57,5,2,14,1,6,190.44,,82,82,201405,202306,438,30151.82
728336030109,1,19/04/1967,56,5,2,14,0,,1897.34,94.87,151.79,246.66,201402,201403,483,493.32
728357040122,1,04/08/1973,49,4,,14,0,6,84.09,42.5,68,110.5,201406,201802,113,1299.08
728363120144,1,19/04/1987,36,3,1,2,0,6,3108.94,155.45,248.72,404.16998,202205,202206,4,1424.98
728444030144,1,05/05/1987,36,3,1,14,0,,,,,,201407,201710,39,6844.669999999999
728448110180,1,12/03/1978,45,4,1,4,0,,,,,,202011,202302,7,1569.67
728453250180,1,11/07/1969,53,4,1,14,0,6,257.91,46.5,74.40000000000001,120.9,201601,202203,121,18576.19
728645700142,1,28/03/1984,39,3,1,2,1,3,1744.47,,139.56,139.56,202003,202306,160,36013.11000000001
728753870180,1,22/08/1975,47,4,,14,0,6,1050.45,52.52,84.04000000000001,136.56,202011,202011,2,136.56
729181960122,1,23/03/1971,52,4,1,10,0,,,,,,202005,202007,32,1940.22
729842640180,1,26/12/1978,44,3,1,19,0,,1450.23,72.51000000000001,116.02,188.53,201609,201610,3,570.1900000000001
729995650122,1,14/01/1970,53,4,2,2,1,,,,,,201404,202306,447,29055.68
730036490148,1,07/04/1994,29,2,1,19,0,6,7259.46,362.97,580.76,943.72998,201406,201506,17,2964.59
730244260101,1,14/02/1971,52,4,2,17,1,6,900.09,,82,82,201406,202306,342,82338.78
730263700141,1,29/03/1981,42,3,1,24,1,4,1893.97,,151.52,151.52,201403,202306,301,55346.76999999999
730615540140,1,16/09/1979,43,3,1,2,0,6,2441.8,122.09,195.34,317.42999,201707,201812,99,1072.26
730648520122,1,27/04/1975,48,4,1,10,1,6,463.07,,82,82,201804,202306,131,39077.50000000001
731017350141,1,03/08/1981,41,3,,19,0,6,4638.45,231.92,371.08,603,201406,202012,80,3379.64
731546960180,1,10/11/1977,45,4,1,19,1,6,269.45,,82,82,201402,202306,437,27363.98
731656410145,1,29/09/1988,34,2,1,2,0,6,799.02,39.95,63.92,103.87,201402,201404,1,201.37
731739440140,1,05/04/1977,46,4,2,14,0,,87.86,46.5,74.40000000000001,120.9,201511,202008,25,3636.93
732425680100,1,10/04/1953,70,6,2,23,0,6,152.72,37.5,60,97.5,201403,201404,75,195
732652630119,1,12/11/1975,47,4,2,12,1,6,335.07,,82,82,201404,202306,318,42459.64000000001
732654560180,1,23/04/1979,44,3,1,12,1,5,2898.74,,231.9,231.89999,201405,202306,348,83905.68000000001
732880610145,1,02/04/1986,37,3,1,2,0,6,6544.86,327.24,523.59,850.83002,202111,202111,2,850.83
733289060140,1,02/10/1979,43,3,1,24,1,6,685.75,,82,82,201404,202306,341,42109.34999999999
733532580101,1,28/11/1968,54,4,1,17,1,6,881.59,,82,82,201406,202306,543,73679.61000000003
733551930147,1,20/09/1992,30,2,,14,1,,,,,,201802,202306,96,14137.25
733746950141,1,22/01/1982,41,3,,19,0,,,,,,201511,201605,6,808.55
734439880171,1,30/11/1997,25,2,,2,0,6,6119.24,,489.54,489.54001,202211,202212,3,713.35
734605710148,1,22/05/1994,29,2,1,19,0,6,3887.82,194.39,311.03,505.42001,201406,201507,22,2625.06
734781410140,1,25/09/1979,43,3,1,2,0,,,,,,201505,201911,119,13093.76
735236930140,1,08/10/1979,43,3,1,19,1,6,199.3,,82,82,201901,202306,211,13920.19
735255910173,1,09/02/1996,27,2,,2,0,,470.29,46.5,74.40000000000001,120.9,202105,202105,0,120.9
735538240140,1,12/11/1979,43,3,2,12,1,4,4505.21,,360.42,360.42001,201406,202306,529,117124.66
735910150143,1,09/11/1985,37,3,1,19,0,6,1238.78,61.94,99.09999999999999,161.03999,201411,201502,4,871.8900000000001
736314220103,1,04/12/1967,55,5,1,2,1,6,2860.59,,228.85,228.85001,201405,202306,402,74731.03000000001
736819060173,1,21/08/1996,26,2,1,14,0,6,394.91,46.5,74.40000000000001,120.9,202011,202108,31,11973.54
736883280175,1,31/08/1996,26,2,,19,0,6,107.51,46.5,74.40000000000001,120.9,201807,201903,21,1261.27
737600770143,1,21/10/1985,37,3,1,14,1,5,504.27,,82,82,201611,202306,54,16617.46
737978340140,1,30/05/1976,47,4,1,14,1,6,7976.02,,638.08,638.08002,201406,202306,435,95263.39000000003
738293400146,1,19/08/1988,34,2,1,19,0,,,,,,201405,201908,12,923.64
738380180144,1,12/08/1986,36,3,1,2,0,6,2276.81,113.84,182.14,295.98001,201507,201801,14,972.58
739227470143,1,15/01/1986,37,3,1,14,0,,,,,,201402,202211,169,20493.28
740034700173,1,07/03/1996,27,2,1,24,0,,4510,225.5,360.8,586.29999,201904,202005,7,1759.67
740138490145,1,13/03/1988,35,3,1,2,0,,,,,,201511,201601,4,256.46
740242870110,1,01/03/1973,50,4,1,14,1,6,821.15,,82,82,201405,202306,637,91559.09000000003
741710280142,1,25/10/1962,60,5,2,14,0,,3791.55,189.58,303.32,492.89999,201402,201403,54,1068.43
741821140130,1,21/08/1967,55,5,2,17,1,,,,,,201404,202306,645,48310.83000000002
743153340119,1,13/03/1977,46,4,2,2,1,6,217.15,,82,82,201802,202306,369,23408.88
743761250108,1,23/10/1958,64,5,1,14,0,,,,,,201511,201601,47,97.5
744528970146,1,23/05/1990,33,2,1,19,0,,,,,,201705,202303,137,5041.48
744783490115,1,22/03/1964,59,5,2,14,0,,,,,,201404,202212,207,15244.14
744826560115,1,31/07/1974,48,4,1,14,1,,,,,,201402,202306,396,29211.46
745404250148,1,24/02/1994,29,2,1,14,1,6,57.24,,82,82,202201,202306,27,3077.34
745703920140,1,14/03/1980,43,3,2,2,1,2,228.51,,82,82,201404,202306,344,55359.32999999999
745765610176,1,10/12/1995,27,2,,13,0,6,2098.3,104.92,167.86,272.78,201612,201701,7,545.5600000000001
745845550143,1,06/04/1985,38,3,1,2,0,6,5104.44,255.22,408.36,663.58002,202101,202106,29,926.83
746069660103,1,13/01/1962,61,5,2,19,0,6,34.05,46.5,74.40000000000001,120.9,202008,202009,312,241.8
746119260103,1,18/07/1962,60,5,1,19,1,6,1953.23,,156.26,156.25999,201407,202306,445,90024.84
746129090103,1,07/06/1965,58,5,1,19,0,6,611.8,,82,82,201402,202304,1378,12652.16999999999
746132460103,1,03/09/1962,60,5,1,19,1,1,1295.7,,103.66,103.66,201407,202306,935,101926.29
746158170103,1,17/10/1963,59,5,1,19,1,2,1470.66,,117.65,117.65,201402,202306,743,158728.49
746451400103,1,29/01/1964,59,5,1,19,1,4,3860.27,,308.82,308.82001,201405,202306,651,132935.77
746502860103,1,09/06/1963,60,5,1,19,0,,,,,,201702,202204,378,6597.47
746758720103,1,05/10/1958,64,5,2,19,0,,,,,,201402,202304,1034,20921.98999999999
746780920140,1,11/10/1978,44,3,1,2,1,6,900.38,,82,82,201406,202306,264,52805.29000000001
746826450103,1,18/06/1964,59,5,1,19,0,,,,,,201601,201602,1,97.5
746884910106,1,07/09/1958,64,5,1,2,1,,,,,,201901,202306,68,8475.519999999999
747102410103,1,17/09/1964,58,5,2,19,1,6,139.29,,82,82,201402,202306,981,73775.02000000002
747285210146,1,16/08/1990,32,2,1,2,0,,,,,,201704,201706,5,355.41
747462890103,1,01/02/1971,52,4,2,19,1,6,451.4,,82,82,201403,202306,239,44161.04000000001
748019270144,1,11/09/1987,35,3,1,13,0,6,1673.88,83.69,133.91,217.60001,201405,202112,44,1819.45
748203020145,1,31/12/1988,34,2,1,19,0,6,5552,277.6,444.16,721.76001,201406,201912,43,8786.309999999999
748725750130,1,19/09/1957,65,6,2,17,1,,,,,,201404,202306,578,52313.10000000001
748987310103,1,04/11/1962,60,5,1,19,0,,,,,,201406,202305,991,118924.93
749009130103,1,19/02/1960,63,5,1,19,1,6,902.3,,82,82,201402,202306,1234,75278.89999999999
749090900103,1,06/07/1968,54,4,2,24,1,1,2421.43,,193.71,193.71001,201407,202306,909,161860.67
749182030103,1,08/08/1969,53,4,1,19,0,6,708.93,37.5,60,97.5,201402,201601,557,3475.44
749192280103,1,06/07/1969,53,4,2,19,0,,,,,,201501,202302,377,12131.55
749238420107,1,17/06/1973,50,4,1,14,0,6,16339.1,816.96,1307.13,2124.0901,201704,202205,54,99073.59999999998
749245280103,1,04/08/1970,52,4,2,19,1,6,188.51,,82,82,201402,202306,565,39539.92
749304180103,1,21/04/1971,52,4,1,19,1,4,3849.28,,307.94,307.94,201402,202306,634,55833.52
749322380103,1,14/12/1969,53,4,1,19,0,,,,,,201402,202210,290,7125.48
749446530103,1,14/01/1972,51,4,1,19,0,,,,,,201402,201506,189,97.5
749473590103,1,11/09/1972,50,4,2,19,1,6,8254.18,,660.33,660.33002,201405,202306,574,144699.6
749503860142,1,14/04/1983,40,3,1,2,1,,,,,,201402,202306,246,65212.34000000001
749728160142,1,23/07/1984,38,3,1,17,0,,,,,,201507,201705,1,195
749834130116,1,21/10/1964,58,5,2,13,1,3,4176.7,,334.14,334.14001,201406,202306,700,91491.98999999996
749894940103,1,02/05/1975,48,4,2,19,1,,,,,,201404,202306,984,12564.56
749943110103,1,20/08/1973,49,4,1,19,1,1,5967.39,,477.39,477.39001,201402,202306,965,82691.79000000001
749957560103,1,02/09/1973,49,4,1,19,0,,,,,,201402,202002,371,2631.72
750004880173,1,26/08/1994,28,2,1,2,0,6,3704.97,185.25,296.4,481.64999,201607,201806,27,2884.33
750081760143,1,02/01/1986,37,3,1,2,0,,,,,,202012,202107,11,1792.15
750141410103,1,09/11/1974,48,4,2,19,0,,,,,,201405,202305,665,15208.09999999999
750363240103,1,03/08/1976,46,4,1,19,1,6,337.16,,82,82,201405,202306,543,66564.17000000001
750372020103,1,09/04/1967,56,5,2,24,0,,,,,,201801,202208,49,15010.06
750510800103,1,02/02/1963,60,5,1,19,1,,1175.69,,94.06,94.059998,201405,202306,746,59118.88999999998
750763080103,1,21/11/1971,51,4,1,17,1,,,,,,201404,202306,475,50335.26000000001
751384830125,1,07/06/1962,61,5,2,24,1,6,807.15,,82,82,201407,202306,749,40376.90999999999
752048320176,1,15/03/1997,26,2,,14,0,,,,,,202005,202212,37,8530.290000000001
752076660144,1,04/09/1986,36,3,1,15,1,,,,,,201712,202306,101,66939.60000000001
752235090116,1,23/12/1966,56,5,,24,0,6,1218,60.9,97.44,158.34,201701,201702,7,268.84
752389340145,1,29/12/1988,34,2,1,13,0,6,2098.3,104.92,167.86,272.78,201612,201701,7,545.5600000000001
752425110141,1,13/12/1980,42,3,1,4,1,6,192.65,,82,82,201402,202306,235,75961.63
753325960144,1,23/09/1987,35,3,1,2,0,6,1305.18,65.26000000000001,104.41,169.67,201805,202207,30,3373.03
754030130176,1,31/08/1995,27,2,1,2,1,,,,,,201611,202306,152,31292.76
754265960148,1,14/03/1995,28,2,1,2,0,6,3805.98,190.3,304.48,494.78,201905,202007,11,2186.07
754319250132,1,10/01/1977,46,4,2,2,1,6,2166.53,,173.32,173.32001,201405,202306,390,89682.08000000003
754528300125,1,22/01/1965,58,5,2,2,1,6,1112.82,,89.03,89.029999,201405,202306,699,106363.18
754674970174,1,05/10/1995,27,2,,14,0,6,4346.33,217.32,347.71,565.03003,201804,201804,3,565.03
754793790144,1,16/05/1987,36,3,1,14,0,,,,,,201811,201812,2,135.22
754892070143,1,17/09/1980,42,3,1,17,1,,,,,,201404,202306,29,515.11
755154360140,1,21/06/1980,43,3,1,14,0,,,,,,201404,201909,362,11298.39
755343580141,1,30/10/1982,40,3,1,2,0,,,,,,201512,201612,5,513.5
755761930141,1,03/11/1982,40,3,2,14,1,,1856.09,,148.49,148.49001,201402,202306,482,31130.85000000002
755830730125,1,01/03/1967,56,5,2,19,1,2,1229.7,,98.38,98.379997,201405,202306,602,119479.02
755935550116,1,20/08/1965,57,5,2,13,1,6,993.3099999999999,,82,82,201402,202306,410,79180.44
756166400143,1,22/07/1983,39,3,2,14,0,6,808.38,46.5,74.40000000000001,120.9,201403,201806,144,2716.11
756282120140,1,18/11/1979,43,3,2,17,0,,,,,,201404,202204,262,32122.14000000001
756898070143,1,15/05/1985,38,3,2,13,0,,,,,,201504,202210,193,45044.81
757030870125,1,26/12/1959,63,5,2,14,1,7,122.34,,82,82,201407,202306,688,27974.42000000001
757534870145,1,04/01/1989,34,2,,14,0,,,,,,202011,202101,7,1613.53
758706300125,1,16/01/1965,58,5,2,14,1,4,4030.5,,322.44,322.44,201405,202306,526,106551.68
758773320141,1,20/06/1974,49,4,1,,1,,,,,,201402,202306,238,53365.65000000002
758878170125,1,17/12/1964,58,5,2,24,0,,16619.83,,1329.59,1329.59,201711,202303,515,41730.75999999999
758918010141,1,13/04/1981,42,3,1,2,0,6,380.07,51.25,82,133.25,201911,202207,19,8745.73
759036830140,1,18/01/1980,43,3,1,14,1,6,368.54,,82,82,201406,202306,269,34042.02
759174740115,1,29/07/1962,60,5,2,10,1,6,2793.38,,223.47,223.47,201405,202306,664,62993.97000000002
759244870116,1,10/07/1968,54,4,1,13,0,6,2000,100,160,260,201705,201706,6,598
759310460116,1,06/02/1969,54,4,1,2,1,,,,,,201405,202306,269,15892.27
759471780108,1,18/12/1955,67,6,2,14,1,2,295.82,,82,82,201504,202306,725,115495.23
759582620116,1,05/05/1964,59,5,2,2,0,,,,,,201404,202305,405,45010.55
759640160117,1,26/06/1973,50,4,2,13,0,,,,,,201405,201606,5,180.42
759915330116,1,07/04/1966,57,5,2,13,0,6,4215.12,210.76,337.21,547.96997,201811,202212,454,4734.09
759940230116,1,05/10/1948,74,6,2,13,0,6,2355.64,117.78,188.45,306.23001,201405,201407,6,306.23
759977650116,1,05/09/1962,60,5,1,13,1,6,356.45,,82,82,201405,202306,184,47750.37999999999
759987200116,1,29/11/1965,57,5,1,13,0,,,,,,201607,201707,20,2666.8
760172230115,1,28/08/1961,61,5,2,14,1,5,726.74,,82,82,201402,202306,733,73374.67999999999
760372260108,1,09/03/1959,64,5,2,14,0,,,,,,201402,201504,321,
760572120115,1,09/06/1959,64,5,1,14,0,6,153.45,,82,82,201407,202302,430,17137.58
760684920140,1,24/09/1980,42,3,1,19,1,6,349.53,,82,82,201404,202306,287,36212.99
760921190125,1,14/08/1966,56,5,2,24,1,6,727.88,,82,82,201403,202306,465,31433.8
761036970115,1,07/09/1958,64,5,1,14,1,,,,,,201405,202306,389,31496.13000000001
761154280180,1,25/12/1978,44,3,2,14,1,6,3412.52,,273,273,201407,202306,492,77278.32999999999
761219930146,1,22/04/1990,33,2,1,14,0,,,,,,202011,202105,9,2573.95
761617890143,1,30/04/1986,37,3,1,14,0,6,215.93,,82,82,202005,202212,24,8271.84
762111120180,1,16/10/1979,43,3,1,2,1,6,486.04,,82,82,201406,202306,338,88825.66000000002
762127730104,1,12/09/1961,61,5,2,17,0,,,,,,201404,201910,366,5864.349999999999
762242840104,1,22/07/1964,58,5,1,17,1,6,1081.6,,86.53,86.529999,201402,202306,377,45412.46
762249750180,1,21/05/1979,44,3,1,2,1,6,774.87,,82,82,201402,202306,325,103253.89
762250340180,1,08/02/1981,42,3,1,2,1,6,6102.31,,488.18,488.17999,201405,202306,276,16897.25999999999
762367200104,1,08/02/1953,70,6,1,17,0,,,,,,201402,201904,828,3539.51
762418960104,1,20/09/1956,66,6,1,17,1,,,,,,201404,202306,636,51179.14000000001
762552400117,1,02/05/1977,46,4,2,13,0,,,,,,201407,201606,2,1062.85
762594790117,1,24/07/1977,45,4,2,13,0,6,556.11,,82,82,202205,202207,15,629.58
762597190104,1,17/08/1958,64,5,,17,0,,,,,,201402,201403,726,
762622600116,1,16/10/1969,53,4,2,14,1,,,,,,201406,202306,324,16738.29
762935280115,1,22/10/1963,59,5,2,14,1,,,,,,201404,202306,516,24819.75
762986960129,1,14/03/1974,49,4,2,4,0,,,,,,201405,201603,24,6818.93
763007820143,1,02/01/1984,39,3,1,12,0,6,5104.44,255.22,408.36,663.58002,202005,202106,17,2622.54
763683160104,1,11/08/1967,55,5,1,17,0,,,,,,201404,201504,412,3455.42
763738380116,1,19/03/1971,52,4,1,13,0,6,71.87,37.5,60,97.5,201405,201508,126,2150.41
763746990116,1,31/07/1968,54,4,1,13,0,6,6177.56,308.88,494.2,803.08002,201611,201612,8,1600.84
763800450117,1,01/03/1964,59,5,2,13,0,,167868.16,8393.41,13429.45,21822.859,201405,201603,30,34713.13
763843520115,1,01/11/1965,57,5,1,14,0,,,,,,201504,202101,91,120.9
763858380115,1,24/12/1964,58,5,1,4,1,6,981.09,,82,82,201407,202306,379,61887.11
763919300115,1,22/03/1963,60,5,2,14,1,6,685.75,,82,82,201404,202306,680,42132.62999999999
763942400115,1,03/03/1965,58,5,2,14,1,,,,,,201404,202306,423,73658.00000000001
764003930115,1,24/07/1960,62,5,2,14,1,2,1285.68,,102.85,102.85,201405,202306,660,130894.71
764052440105,1,31/01/1978,45,4,1,19,1,6,2036.19,,162.9,162.89999,201402,202306,308,52445.88
764055230115,1,08/04/1967,56,5,1,14,1,,,,,,201405,202306,197,27211.46999999999
764061980115,1,23/05/1968,55,5,1,14,0,6,641.51,,82,82,201403,202302,360,22411.65
764064920115,1,12/07/1968,54,4,1,14,1,,,,,,201404,202306,197,13667.31
764072240115,1,24/07/1969,53,4,2,14,1,,,,,,201404,202306,226,47637.65000000001
764113340115,1,04/12/1968,54,4,2,14,0,,,,,,201405,202009,578,60889.29000000001
764118310115,1,22/11/1973,49,4,1,14,1,6,93.66,,82,82,201405,202306,336,33241.92
764118940115,1,05/03/1972,51,4,2,14,1,,,,,,201405,202306,573,38362.32
764129520115,1,12/03/1975,48,4,1,14,0,,,,,,201711,202008,184,8826.6
764130260115,1,05/04/1975,48,4,1,14,1,3,1436.47,,114.92,114.92,201607,202306,446,39275.24000000001
764133680115,1,19/08/1973,49,4,2,14,0,6,293.69,42.5,68,110.5,201707,201707,127,110.5
764489830180,1,04/05/1978,45,4,1,14,0,6,1832.21,91.61,146.58,238.19,201611,201806,101,4219.110000000001
764521750104,1,23/09/1970,52,4,1,17,0,,,,,,201405,201904,226,4781.360000000001
764546320105,1,09/02/1977,46,4,1,19,0,,,,,,202005,202007,0,120.9
764546770104,1,27/08/1969,53,4,1,17,1,,,,,,201404,202306,227,37078.96000000001
764621070104,1,29/06/1971,52,4,1,17,1,1,699.05,,82,82,201404,202306,568,106278.42
764622940126,1,27/05/1972,51,4,1,2,1,6,1547.97,,123.84,123.84,201405,202306,488,92198.39
764624720104,1,01/01/1970,53,4,2,17,1,,,,,,201402,202306,532,3008.84
764735300104,1,04/02/1972,51,4,1,17,1,,,,,,201407,202306,200,38160.81
764773130104,1,31/01/1973,50,4,2,17,1,,,,,,201404,202306,654,11491.03
765079710144,1,23/11/1985,37,3,1,17,1,,,,,,201406,202306,125,36855.2
765284070104,1,24/09/1976,46,4,,17,0,,,,,,201402,201701,237,4170.200000000001
765294870104,1,10/11/1963,59,5,1,10,1,,,,,,201402,202306,755,56481.28000000001
765300510104,1,04/01/1977,46,4,2,17,0,1,3919.87,,313.59,313.59,201403,202103,291,24368.44
765305810104,1,21/03/1978,45,4,2,17,0,,,,,,201504,201509,145,5274.86
765336450104,1,12/08/1972,50,4,2,17,0,,,,,,201402,201404,61,
765414780145,1,06/04/1989,34,2,1,2,1,,,,,,201504,202306,46,6821.190000000001
766018600103,1,25/08/1968,54,4,1,19,0,,,,,,201405,202305,583,24343.06
766221220180,1,03/07/1978,44,3,1,19,0,,,,,,201611,201612,74,137
766348580102,1,05/08/1965,57,5,1,19,1,,652.17,,82,82,201405,202306,686,87848.39000000001
766411660108,1,23/03/1967,56,5,2,2,0,,,,,,201402,201902,499,17609.22
766712860103,1,20/02/1974,49,4,1,19,0,,,,,,201407,201904,558,37089.57
766786830123,1,04/07/1961,61,5,2,8,1,,3734.2,,298.74,298.73999,201402,202306,535,111081.94
767144980172,1,12/10/1994,28,2,1,2,0,,,,,,201705,202010,18,2486.33
767146970141,1,13/06/1980,43,3,1,2,1,,109.83,,82,82,201402,202306,307,56201.83000000002
767595510115,1,28/01/1966,57,5,2,15,1,6,393.97,,82,82,201403,202306,497,53104.98999999999
768096880144,1,23/08/1981,41,3,1,12,1,,,,,,201404,202306,169,35249.63
768141510143,1,17/04/1982,41,3,1,2,0,,,,,,201701,201703,1,186.35
768449810140,1,10/04/1980,43,3,1,2,0,,,,,,202006,202202,16,4157.870000000001
769361370147,1,07/02/1988,35,3,1,19,0,6,948.5599999999999,47.43,75.88,123.31,201707,201707,1,123.31
769700320103,1,06/11/1977,45,4,1,19,0,4,7221.31,,577.7,577.70001,201406,202301,69,18864.43
769737750106,1,12/07/1964,58,5,1,14,0,,,,,,201504,202011,376,9895.290000000001
769902310103,1,01/02/1976,47,4,2,19,1,,,,,,201407,202306,419,33635.31999999999
770104070143,1,28/05/1986,37,3,,19,0,,,,,,201601,201602,1,97.5
770132770115,1,19/12/1959,63,5,2,2,0,6,1838.62,91.93000000000001,147.09,239.02,201405,201707,251,4515.56
770155230143,1,03/03/1984,39,3,1,14,0,,,,,,201806,202212,33,13838.2
770471330115,1,02/08/1964,58,5,1,14,1,,,,,,201404,202306,499,41252.1
770649970115,1,12/11/1963,59,5,2,14,1,,,,,,201405,202306,344,16475.88
770767620115,1,23/06/1959,64,5,2,,1,1,1239.91,,99.19,99.190002,201403,202306,898,103622.78
770871490115,1,12/04/1969,54,4,1,14,1,,,,,,201405,202306,322,7572.730000000001
770928690102,1,15/05/1967,56,5,2,19,1,,593.08,,82,82,201404,202306,574,78588.21000000001
770932340115,1,07/04/1970,53,4,1,14,0,6,2086.76,104.34,166.94,271.28,202006,202011,315,3306.86
770963370142,1,12/09/1984,38,3,1,2,1,6,594.5599999999999,,82,82,201407,202306,243,67440.37000000002
770975000125,1,20/01/1969,54,4,2,24,0,,,,,,201402,201404,190,
770978930125,1,13/01/1963,60,5,1,24,0,,,,,,201404,201704,526,1406.11
770979030115,1,26/04/1966,57,5,1,14,1,5,104.52,,82,82,201402,202306,583,53613.13
771023910125,1,26/10/1970,52,4,1,24,0,6,4965.29,248.26,397.22,645.47998,202105,202106,42,1158.54
771066690115,1,13/01/1956,67,6,1,14,0,6,1491.05,74.55,119.28,193.83,201503,201503,314,193.83
771135510141,1,22/01/1983,40,3,1,14,1,,326.09,,82,82,201405,202306,397,30714.17000000001
771194060115,1,16/05/1964,59,5,2,14,1,,691.93,,82,82,201404,202306,385,30936.77
771206280175,1,08/08/1994,28,2,,19,0,6,254.49,,82,82,202201,202211,42,1869.81
771229130115,1,19/10/1956,66,6,2,14,1,,,,,,201406,202306,704,47002.40000000001
771327510115,1,23/05/1966,57,5,1,14,0,,,,,,201404,201801,251,11710.2
771350920115,1,13/12/1966,56,5,2,14,1,6,5199.67,,415.97,415.97,201402,202306,920,108020.8700000001
771394460102,1,03/09/1967,55,5,2,14,1,,,,,,201404,202306,442,58880.42000000001
771434540115,1,10/10/1970,52,4,2,19,1,5,190.44,,82,82,201403,202306,749,39759.33
771435710141,1,23/04/1982,41,3,1,2,0,6,2773.19,138.66,221.86,360.51999,201701,201801,25,871.5700000000001
772014720143,1,21/06/1980,43,3,1,19,1,,,,,,201408,202306,147,10126.77
772121060115,1,22/03/1974,49,4,1,14,1,6,1789.1,,143.13,143.13,201405,202306,657,77577.37000000001
772564350147,1,28/04/1993,30,2,1,19,0,6,77.48,37.5,60,97.5,201405,201407,6,613.4300000000001
772817630143,1,21/05/1986,37,3,1,19,0,6,3887.82,194.39,311.03,505.42001,201406,201507,22,2582.1
772850350115,1,23/07/1972,50,4,1,14,0,,,,,,201404,201602,297,1620.34
772862310116,1,28/03/1972,51,4,1,2,0,,,,,,201709,201907,5,1231.53
772869590116,1,04/02/1975,48,4,,13,0,6,4092,204.6,327.36,531.96002,201704,201812,24,1843.92
773182520141,1,07/04/1983,40,3,1,2,0,6,887.38,46.5,74.40000000000001,120.9,202006,202101,6,2008.99
773210690132,1,30/09/1972,50,4,1,2,0,6,6347.9,317.4,507.83,825.22998,202105,202106,39,946.13
773239520132,1,08/03/1972,51,4,1,2,1,5,1368.15,,109.45,109.45,201405,202306,661,118629.19
773290100132,1,14/11/1968,54,4,1,2,1,,,,,,201612,202306,288,31864.14000000001
773305340132,1,24/10/1972,50,4,1,2,1,6,356.9,,82,82,201405,202306,379,49163.47000000002
773348650132,1,22/11/1972,50,4,1,2,0,,,,,,201405,202104,503,13162.63
773414450132,1,26/11/1972,50,4,1,2,1,6,2811.16,,224.89,224.89,201405,202306,700,103875.34
773421720132,1,12/01/1972,51,4,2,2,1,,,,,,201406,202306,297,34421.70999999999
773468490132,1,05/08/1971,51,4,1,17,0,,,,,,201402,202302,293,37638.51000000001
773786230125,1,20/08/1963,59,5,2,24,1,5,611.28,,82,82,201406,202306,602,60285.41999999998
773876670132,1,19/04/1973,50,4,1,2,0,,,,,,201612,202201,162,3880.070000000001
773884070102,1,23/08/1965,57,5,2,19,1,,,,,,201407,202306,770,63129.65999999999
773894540102,1,30/06/1963,60,5,2,19,0,,,,,,201402,202303,386,24639.27
773928650142,1,25/11/1984,38,3,1,19,0,6,7109.18,,568.73,568.72998,201504,202212,65,12100.01
773962280115,1,27/07/1976,46,4,1,14,1,,,,,,201402,202306,148,20605.37
774071240132,1,06/01/1962,61,5,2,2,0,,,,,,201402,201802,272,15145.34
774111470116,1,22/12/1973,49,4,,13,0,,,,,,201601,201904,28,2626.45
774242900102,1,21/09/1965,57,5,2,19,1,,,,,,201405,202306,499,69075.68000000001
774335890102,1,25/12/1966,56,5,2,19,0,6,3819.92,191,305.59,496.59,201406,201506,16,2642.48
774344210102,1,17/05/1966,57,5,2,19,1,6,556.96,,82,82,201407,202306,547,92314.06
774359950102,1,31/12/1966,56,5,2,19,0,6,3108.94,155.45,248.72,404.16998,201504,202206,261,7555.2
774609650125,1,21/06/1972,51,4,1,24,1,1,824.05,,82,82,201402,202306,588,67013.06000000001
774765920110,1,06/12/1975,47,4,1,14,1,4,3597.79,,287.82,287.82001,201406,202306,495,80343.07000000002
775144900141,1,25/01/1983,40,3,1,19,0,6,7109.18,,568.73,568.72998,201504,202212,65,12100.01
775203040140,1,12/06/1980,43,3,1,26,0,6,18291.85,914.59,1463.35,2377.9399,201711,201801,10,3158.49
775258140125,1,18/03/1973,50,4,2,24,0,,,,,,201406,202108,582,182029.41
775395300143,1,03/07/1983,39,3,1,2,0,,,,,,201906,202203,67,3982.55
775444480115,1,08/02/1972,51,4,2,14,0,,,,,,201404,201610,431,2418.85
775484620115,1,24/02/1966,57,5,2,10,1,2,1187.8,,95.02,95.019997,201405,202306,611,157773.31
775599350110,1,15/11/1963,59,5,2,14,1,6,14392.31,,1151.38,1151.38,201406,202306,632,82130.59000000001
775891400102,1,09/12/1966,56,5,,19,0,,,,,,201505,201702,23,3237
776121760140,1,23/02/1980,43,3,1,14,0,,,,,,202112,202302,9,262.33
776127980115,1,16/03/1977,46,4,2,14,0,6,153.45,,82,82,201605,202302,320,14783
776197200115,1,21/06/1978,45,4,1,14,1,,,,,,201404,202306,317,27529.43
776205520132,1,15/07/1964,58,5,2,2,1,6,239.48,,82,82,201405,202306,473,29481.26
776404970132,1,21/01/1963,60,5,1,2,0,,,,,,201803,201804,350,110.5
776446670125,1,20/09/1973,49,4,1,24,0,,,,,,201403,201606,162,207.94
776640880125,1,13/08/1974,48,4,1,3,0,,,,,,201407,202212,244,10018.17
776831500125,1,14/01/1975,48,4,1,24,0,,,,,,202211,202302,185,604.91
776978480140,1,14/07/1978,44,3,1,14,0,,,,,,202006,202105,23,1851.02
776994260106,1,06/09/1968,54,4,2,2,1,2,9604.43,,768.35,768.34998,201406,202306,617,170113.05
777041910145,1,05/12/1986,36,3,1,14,1,,,,,,201404,202306,115,25133.5
777363480125,1,30/11/1974,48,4,2,2,1,1,8045.54,,643.64,643.64001,201402,202306,656,328658.0399999999
777435730141,1,13/02/1983,40,3,1,14,1,,,,,,201402,202306,228,29241.63
777453370132,1,16/02/1964,59,5,1,2,1,6,129.27,,82,82,201403,202306,720,39335.46000000001
777641650140,1,05/03/1978,45,4,1,17,1,,,,,,201404,202306,338,29807.88
777832450132,1,15/01/1962,61,5,1,2,0,1,4739.61,,379.17,379.17001,201611,202301,532,881.6600000000001
778267330132,1,23/08/1959,63,5,1,2,1,6,320.58,,82,82,201407,202306,639,36037.22000000001
778498790132,1,04/05/1966,57,5,1,2,0,,,,,,201402,201701,283,797.66
778875530143,1,30/07/1986,36,3,,2,1,,,,,,202301,202306,1,181.81
779024740146,1,04/09/1990,32,2,1,2,0,,,,,,201402,201703,29,816.18
779048390171,1,22/12/1992,30,2,1,14,1,,,,,,201711,202306,75,17189.73
779176110142,1,23/12/1984,38,3,1,1,0,,,,,,201510,202204,19,6908.44
779590600145,1,24/06/1989,34,2,,13,0,6,1500,75,120,195,201612,201804,7,911.79
779705350146,1,04/01/1983,40,3,1,2,0,6,5371.41,268.57,429.71,698.28003,201701,201812,49,7886.709999999999
779786200132,1,10/04/1965,58,5,1,2,1,,,,,,201404,202306,589,27128.87
779965480132,1,15/12/1958,64,5,1,2,1,6,2445.65,,195.65,195.64999,201402,202306,690,67370.31000000001
779982570132,1,11/06/1958,65,6,4,2,1,4,3635.16,,290.81,290.81,201402,202306,542,117002.52
779990050100,1,19/06/1975,48,4,1,17,0,2,7852.64,,628.21,628.21002,201403,202305,607,89520.79000000004
780054900121,1,17/08/1959,63,5,2,10,0,,,,,,201404,202111,555,26411.2
780225880140,1,19/08/1980,42,3,2,22,1,6,750.22,,82,82,201406,202306,347,71603.49000000002
780255930132,1,06/04/1963,60,5,1,12,1,6,1522.18,,121.77,121.77,201405,202306,528,77922.96000000002
780526700132,1,04/03/1964,59,5,1,2,1,6,33.01,,82,82,201404,202306,636,85931.51000000001
780601590104,1,03/05/1958,65,6,1,17,1,,,,,,201402,202306,548,26547.97
780608180132,1,03/09/1957,65,6,2,2,0,6,1165.56,58.28,93.23999999999999,151.52,201701,201701,308,151.52
780642050132,1,15/05/1961,62,5,1,2,0,6,5893.58,294.68,471.49,766.16998,201506,202105,50,1182.61
780904670102,1,05/11/1969,53,4,2,19,0,6,890.93,46.5,74.40000000000001,120.9,201402,202202,847,15511.47999999999
780922190102,1,08/07/1972,50,4,1,19,0,1,11509.7,,920.78,920.78003,201406,202212,77,17321.58
781452830121,1,30/07/1969,53,4,1,10,1,6,5022.9,,401.83,401.82999,201406,202306,516,103137.45
781630180102,1,27/03/1970,53,4,1,14,1,6,993.5599999999999,,82,82,201405,202306,466,76925.64999999999
781648080132,1,11/08/1963,59,5,1,2,1,6,33.01,,82,82,201404,202306,543,76844.16999999998
781653690172,1,23/10/1992,30,2,1,14,0,6,964.17,51.25,82,133.25,202205,202208,12,3860.28
781872000144,1,13/05/1986,37,3,1,2,1,6,980.68,,82,82,201402,202306,147,44384.79000000001
781904600121,1,04/01/1971,52,4,1,14,1,2,755.73,,82,82,201402,202306,472,72397.46000000002
782003410147,1,09/10/1985,37,3,,2,0,6,7528.76,376.44,602.3,978.73999,202006,202006,3,978.74
782084710132,1,23/08/1965,57,5,1,2,0,,,,,,201511,202001,476,3864.06
782094440121,1,16/04/1959,64,5,2,10,1,1,1305.46,,104.44,104.44,201504,202306,944,239388.77
782175630176,1,12/03/1998,25,2,1,19,0,6,2302.15,,184.17,184.17,201607,202207,50,4765.300000000001
782311360121,1,22/04/1964,59,5,2,10,1,6,685.22,,82,82,201403,202306,690,45491.75
782519440130,1,06/05/1964,59,5,2,4,0,,,,,,201403,201412,474,
782717170130,1,16/07/1959,63,5,1,22,1,3,2392.85,,191.43,191.42999,201403,202306,662,88575.05999999998
782846010132,1,02/03/1958,65,6,2,2,0,,,,,,201405,202211,296,9460.419999999998
782915710130,1,20/12/1953,69,6,,14,0,6,7878.26,393.91,630.26,1024.17,201405,201812,358,6624.039999999999
783047310141,1,20/10/1982,40,3,1,19,0,,,,,,201407,201408,66,193.31
783145400170,1,27/03/1991,32,2,1,14,1,6,1200.16,,96.01000000000001,96.010002,201707,202306,88,42210.61000000001
783226190132,1,29/04/1963,60,5,1,2,0,,,,,,201404,202206,388,12903.33
783358510140,1,21/08/1978,44,3,,12,0,,549.15,42.5,68,110.5,201707,201708,2,221
783673130121,1,08/12/1957,65,6,2,10,1,5,7697,,615.76,615.76001,201407,202306,727,100447.19
783709710130,1,19/08/1974,48,4,1,4,0,,,,,,201403,201412,77,
783835330132,1,22/03/1966,57,5,,2,0,6,593.75,46.5,74.40000000000001,120.9,201805,201807,8,935.0699999999999
783941880142,1,21/01/1985,38,3,2,19,0,,,,,,201402,202303,208,37943.23
784041860121,1,02/09/1964,58,5,1,10,0,,,,,,201404,202305,363,38056.87
784120940132,1,31/03/1958,65,6,2,2,0,,,,,,201404,201907,608,22620.72
784235490140,1,15/04/1981,42,3,2,24,1,6,419.22,,82,82,201402,202306,365,62838.10000000001
784325750132,1,26/10/1966,56,5,2,2,1,,109.83,,82,82,201402,202306,712,72537.15000000001
784378990125,1,14/08/1968,54,4,1,22,1,,,,,,201404,202306,478,43331.40000000001
784529960140,1,18/09/1979,43,3,,19,0,6,3020.64,151.03,241.65,392.67999,201406,201507,21,2846.64
784546470115,1,29/09/1970,52,4,1,14,0,,,,,,201405,202304,244,10564.28
784633940115,1,31/01/1970,53,4,2,14,1,6,752.65,,82,82,201405,202306,370,92283.37000000002
784710700115,1,06/10/1972,50,4,2,14,1,6,1570.36,,125.63,125.63,201402,202306,510,61018.52000000002
785052450103,1,06/05/1966,57,5,1,19,0,,,,,,201402,202303,289,26213.21999999999
785088750132,1,25/11/1963,59,5,2,2,1,6,881.59,,82,82,201406,202306,640,67532.45000000001
785095930132,1,03/08/1960,62,5,1,2,1,,345.96,,82,82,201402,202306,397,32633.53
785161530102,1,28/07/1973,49,4,2,19,0,,,,,,201402,202303,333,25882.97
785173810132,1,31/01/1965,58,5,,2,1,6,77.92,,82,82,201402,202306,328,34932.74000000001
785193470132,1,20/08/1962,60,5,2,2,1,,330,,82,82,201405,202306,661,95456.32000000005
785198420125,1,22/05/1977,46,4,1,19,0,,,,,,201404,201906,354,3400.820000000001
785240680115,1,14/12/1967,55,5,1,19,1,6,212.48,,82,82,201403,202306,553,39533.91
785241370121,1,16/06/1966,57,5,2,10,1,2,3566.45,,285.32,285.32001,201403,202306,744,104754.15
785254660132,1,20/05/1967,56,5,1,2,0,3,4952.1,,396.17,396.17001,201405,202301,654,60146.11
785259020121,1,19/05/1963,60,5,2,10,1,,,,,,201407,202306,567,64282.51999999999
785261970121,1,07/12/1962,60,5,1,10,0,,,,,,201404,202305,431,44239.07
785270170115,1,22/09/1972,50,4,1,14,1,,,,,,201405,202306,314,30299.05
785315780121,1,08/05/1962,61,5,2,10,1,,,,,,201404,202306,636,51866.70999999999
785336100115,1,24/08/1974,48,4,1,14,0,,,,,,202005,202107,80,8284.42
785343940115,1,30/03/1972,51,4,1,2,1,,,,,,201404,202306,314,24576.84
785363040121,1,27/05/1957,66,6,2,10,1,6,419.77,,82,82,201407,202306,504,69882.68999999999
785366820146,1,14/02/1991,32,2,1,14,0,,,,,,202104,202107,6,1069.04
785372530103,1,07/04/1972,51,4,2,19,0,6,13975.31,,1118.02,1118.02,201406,202212,57,13490.49
785374880121,1,23/07/1960,62,5,,10,1,6,364.25,,82,82,201407,202306,807,81752.40999999999
785382900115,1,31/10/1970,52,4,2,14,0,6,7944.3,397.22,635.54,1032.76,201611,202206,49,2916.05
785415080121,1,02/10/1971,51,4,2,10,1,6,1304.2,,104.34,104.34,201406,202306,605,92282.67
785425720121,1,20/03/1973,50,4,1,10,0,,,,,,201404,202305,380,39517.92000000001
785748680125,1,30/07/1975,47,4,1,24,1,6,762.5700000000001,,82,82,201405,202306,347,73916.44999999998
785933610118,1,11/06/1973,50,4,1,12,0,3,7944.6,397.23,635.5700000000001,1032.8,201402,202111,335,63488.96000000002
785944750132,1,14/01/1964,59,5,1,2,1,1,149.22,,82,82,201402,202306,663,155461.3
786004830121,1,20/05/1970,53,4,2,10,1,4,3920.29,,313.62,313.62,201407,202306,782,117841.57
786098580115,1,02/04/1976,47,4,2,14,0,,,,,,201405,202107,367,22933.87
786211440102,1,27/02/1975,48,4,1,19,0,,,,,,201704,201712,116,405.1
786216330102,1,19/01/1976,47,4,1,19,0,,,,,,201402,202303,432,33647.83
786245690132,1,20/07/1966,56,5,1,2,1,,,,,,201404,202306,338,20348.68
786257210115,1,16/12/1976,46,4,1,14,1,,,,,,201404,202306,442,28631.13
786308230121,1,09/08/1970,52,4,2,10,1,6,120.62,,82,82,201402,202306,494,62389.35
786309020132,1,02/08/1955,67,6,2,2,0,1,1509.96,75.5,120.8,196.3,201504,201504,27,196.3
786362600115,1,07/04/1975,48,4,1,14,1,,,,,,201404,202306,435,27176.75
786460000145,1,22/06/1989,34,2,1,2,0,,,,,,201901,202204,47,11256.07
786651500121,1,02/09/1962,60,5,2,10,0,,,,,,201405,201607,449,18825.84
786682350115,1,12/10/1965,57,5,2,14,0,,,,,,201404,202205,249,22301.43
786684260103,1,24/06/1960,63,5,2,19,1,6,1122.62,,89.81,89.809998,201407,202306,554,52404.59000000001
786697920115,1,16/07/1978,44,3,1,2,0,5,2553.24,127.66,204.26,331.92001,201407,201511,206,4722.01
786755130110,1,17/02/1975,48,4,2,4,1,,3887.96,,311.04,311.04001,201403,202306,232,71104.12999999999
786787010102,1,17/01/1976,47,4,1,19,0,6,5754.85,,460.39,460.39001,201611,202212,40,6652.97
786812070121,1,31/01/1961,62,5,2,10,1,3,5204.86,,416.39,416.39001,201402,202306,711,166485.02
787105930121,1,23/11/1969,53,4,1,2,0,,,,,,201405,202110,160,4610.06
787126970121,1,27/12/1972,50,4,1,17,0,,2861.75,143.09,228.94,372.03,201801,202107,514,15536.71
787346720143,1,08/11/1986,36,3,1,2,1,6,314.2,,82,82,201705,202306,110,23093.92
787463870121,1,18/07/1975,47,4,1,10,1,4,2706.3,,216.5,216.5,201408,202306,342,84793.36000000002
787727480121,1,13/02/1969,54,4,2,10,1,,,,,,201402,202306,541,59467.40000000001
787735020121,1,21/11/1966,56,5,2,10,1,6,297.82,,82,82,201406,202306,643,87551.66
787933120103,1,17/04/1970,53,4,2,19,0,3,14877,743.85,1190.16,1934.01,201406,202007,51,16113.37
788198430173,1,13/11/1993,29,2,2,2,0,,,,,,201906,202302,41,9232.720000000001
788362720140,1,11/10/1980,42,3,1,19,0,5,850,42.5,68,110.5,201406,201612,41,1850.55
788507810117,1,23/12/1961,61,5,1,12,0,,,,,,201406,201911,281,14502.97
788725630144,1,27/12/1986,36,3,1,2,0,,,,,,201504,202211,13,1286.86
788738700132,1,25/06/1967,56,5,1,2,0,6,5172.11,258.61,413.77,672.38,202007,202007,335,672.38
788799070132,1,20/10/1971,51,4,2,2,1,6,3835.3,,306.82,306.82001,201804,202306,605,51976.40000000001
788869020103,1,03/12/1968,54,4,2,24,1,1,357.2,,82,82,201407,202306,643,91679.57000000002
789246360146,1,23/03/1991,32,2,1,19,0,6,1133.15,56.66,90.65000000000001,147.31,201404,201404,4,147.31
789898040132,1,23/03/1963,60,5,2,2,1,6,405.42,,82,82,201405,202306,442,72015.28000000001
790051850144,1,10/03/1984,39,3,1,2,0,6,244.12,46.5,74.40000000000001,120.9,201405,201901,32,2591.19
790087140132,1,04/11/1966,56,5,2,2,1,6,208.5,,82,82,201402,202306,501,77672.73000000001
790139820132,1,29/01/1967,56,5,1,12,0,,,,,,201407,201506,331,2049.74
790267260132,1,24/07/1969,53,4,,2,0,,2524.57,126.23,201.97,328.20001,201908,202104,117,17585.81
790327860132,1,20/03/1970,53,4,2,2,1,6,929.28,,82,82,201406,202306,434,58415.05000000001
790457620145,1,16/07/1989,33,2,1,19,0,,,,,,201606,202201,18,1609.15
790572720132,1,30/10/1966,56,5,1,2,1,6,21.91,,82,82,201404,202306,253,39315.49000000001
790631900132,1,11/09/1966,56,5,2,2,1,6,540.98,,82,82,201405,202306,534,75167.06
790826060132,1,29/10/1967,55,5,2,2,1,2,3244.28,,259.54,259.54001,201402,202306,804,144317.46
790838720132,1,15/07/1967,55,5,1,2,1,2,2893.57,,231.49,231.49001,201405,202306,631,141304.63
790942380144,1,09/02/1988,35,3,,2,1,,,,,,201811,202306,28,7770.169999999999
791034270132,1,28/09/1967,55,5,,14,0,6,1157.15,57.86,92.56999999999999,150.43001,201504,201505,3,247.93
791305350132,1,11/10/1968,54,4,2,2,1,,2328.39,,186.27,186.27,201402,202306,382,67606.64999999999
791336300132,1,28/11/1967,55,5,2,2,1,6,1213.45,,97.08,97.080002,201406,202306,475,80981.53999999999
791480110132,1,23/11/1968,54,4,2,2,0,6,6864.98,343.25,549.2,892.45001,201405,202206,493,18667.32
791517490132,1,09/03/1969,54,4,1,2,1,,,,,,201405,202306,507,13397.77
791677110142,1,11/06/1983,40,3,1,2,0,,,,,,201607,201607,8,
791881100132,1,20/01/1969,54,4,1,2,0,5,700.76,,82,82,201406,202301,164,10984.06
792053340140,1,01/01/1975,48,4,1,2,1,6,1526.26,,122.1,122.1,201407,202306,403,82405.75
792118240132,1,07/12/1969,53,4,1,2,0,6,684.25,,82,82,201405,202302,274,15992.8
792247090132,1,11/03/1969,54,4,1,2,1,6,1729.75,,138.38,138.38,201405,202306,389,76269.50000000001
792334150132,1,24/03/1970,53,4,1,2,1,6,1278.84,,102.31,102.31,201407,202306,407,95118.33000000002
792350520132,1,03/04/1970,53,4,1,2,0,,,,,,201405,201408,157,535.4100000000001
792823440132,1,19/01/1971,52,4,1,2,1,6,339.47,,82,82,201405,202306,344,65766.42000000001
792860690132,1,26/10/1968,54,4,2,2,1,,,,,,201405,202306,235,22440.98
792895170132,1,05/12/1967,55,5,1,2,1,,,,,,201402,202306,309,26312.37
792908500132,1,07/03/1971,52,4,2,2,1,6,813.97,,82,82,201405,202306,528,89306.54000000004
792941910140,1,25/11/1979,43,3,1,2,0,6,2545.79,127.29,203.66,330.95001,201504,202207,29,2550.56
792954100132,1,08/02/1971,52,4,2,2,1,,,,,,201404,202306,670,167076.04
792972180143,1,01/11/1980,42,3,1,19,0,,,,,,201809,201903,6,241.8
792998570132,1,05/10/1970,52,4,2,2,0,,1796.46,89.81999999999999,143.72,233.53999,201402,201403,318,473.58
793151800132,1,14/06/1971,52,4,1,2,0,,,,,,201405,202106,29,1040.75
793234310132,1,12/09/1971,51,4,2,2,1,6,890.48,,82,82,201406,202306,441,63576.38
793306130132,1,04/09/1971,51,4,1,2,1,,,,,,201407,202306,204,46407.05
793337050132,1,28/08/1971,51,4,1,2,1,6,684.02,,82,82,201406,202306,525,35513.89000000001
793363190132,1,30/10/1971,51,4,2,2,1,6,586.86,,82,82,201402,202306,325,70333.08000000002
793457670132,1,20/05/1967,56,5,2,2,1,,,,,,201905,202306,260,5326.5
793615180132,1,21/06/1964,59,5,1,2,1,6,596.15,,82,82,201405,202306,880,88764.37000000004
793645950132,1,01/09/1957,65,6,,2,0,,,,,,201511,201611,4,201.66
793685910132,1,15/08/1964,58,5,1,2,1,,,,,,201405,202306,553,56214.84000000001
793690040132,1,02/05/1960,63,5,2,2,1,,,,,,201402,202306,670,59480.11000000001
793757730132,1,22/10/1971,51,4,2,2,1,,,,,,201405,202306,460,17741.68
793786180132,1,26/06/1964,59,5,1,2,1,,109.83,,82,82,201402,202306,690,60685.07000000001
793840520132,1,01/10/1971,51,4,2,2,0,,,,,,201405,202207,276,14203.13
793841370132,1,10/03/1972,51,4,1,2,1,1,333.71,,82,82,201403,202306,519,56749.63999999999
793857150132,1,14/03/1966,57,5,2,2,1,6,2614.14,,209.13,209.13,201405,202306,389,99504.07999999999
793858790132,1,02/08/1966,56,5,1,2,1,,313.02,,82,82,201403,202306,127,162517.61
793992780132,1,18/11/1971,51,4,1,2,1,6,2321.69,,185.74,185.74001,201406,202306,304,72338.41
794030390132,1,21/08/1973,49,4,1,2,0,,,,,,201405,202207,156,17237.4
794115470132,1,30/10/1972,50,4,2,2,1,6,1570.36,,125.63,125.63,201402,202306,455,65721.10000000002
794119670132,1,20/06/1973,50,4,,2,0,6,1179.39,58.97,94.34999999999999,153.32001,201612,202104,165,4490.29
794282590142,1,08/11/1984,38,3,1,2,1,,3500,,280,280,201803,202306,101,33496.37000000001
794316160141,1,07/02/1980,43,3,1,12,1,,,,,,201402,202306,218,18464.92
794370690142,1,15/02/1985,38,3,,19,0,,,,,,201701,201709,3,221
794373960132,1,30/01/1963,60,5,2,2,0,2,2317.53,115.88,185.4,301.28,201811,201907,477,3483.68
794406620132,1,14/03/1973,50,4,1,10,0,6,7922.9,396.15,633.83,1029.98,201609,202101,267,9119.18
794477520142,1,04/03/1985,38,3,1,2,0,6,433.01,46.5,74.40000000000001,120.9,201905,202007,13,1301.7
794595040132,1,01/11/1974,48,4,1,2,0,,,,,,201606,201706,48,829.79
794846010144,1,07/11/1976,46,4,1,2,1,6,4622.69,,369.82,369.82001,201406,202306,278,77122.73999999999
794853120132,1,16/04/1973,50,4,1,2,0,,,,,,201506,201506,0,
794869420132,1,08/08/1975,47,4,2,2,1,6,1050.72,,84.06,84.059998,201402,202306,431,69204.38999999998
794873000132,1,19/08/1970,52,4,1,2,1,5,357.26,,82,82,201402,202306,326,60542.17000000001
794911930142,1,07/11/1983,39,3,1,14,0,,,,,,201504,201506,148,692.5799999999999
795085180144,1,19/01/1987,36,3,1,14,0,6,3946.3,197.32,315.7,513.02002,201804,201812,35,2538.11
795112730132,1,27/10/1967,55,5,2,2,1,2,1996.73,,159.74,159.74001,201405,202306,965,122709.7800000001
795183820140,1,25/07/1981,41,3,1,14,0,,,,,,201704,201708,0,
795352630132,1,12/09/1975,47,4,1,2,1,6,288.06,,82,82,201405,202306,350,69309.32000000004
795355440132,1,17/02/1975,48,4,1,2,1,6,613.66,,82,82,201405,202306,409,83915.44
795451740132,1,03/05/1966,57,5,2,2,1,1,433.37,,82,82,201405,202306,682,81942.12999999999
795585160132,1,01/05/1965,58,5,2,2,1,,,,,,201407,202306,515,56321.79000000001
795624860132,1,25/06/1976,47,4,2,2,1,,,,,,201405,202306,378,1472.09
795637640132,1,14/11/1967,55,5,2,2,1,6,1773.97,,141.92,141.92,201402,202306,476,71572.66
795725140146,1,25/04/1991,32,2,1,2,0,6,2228.94,111.45,178.32,289.76999,201507,202007,8,4943.97
795840820132,1,12/12/1971,51,4,,2,0,,,,,,201606,201706,18,1678.62
795843030142,1,13/04/1985,38,3,1,2,1,,3758.36,,300.67,300.67001,201405,202306,200,57110.05999999998
795883160132,1,24/01/1969,54,4,1,2,1,,,,,,201402,202306,321,33824.44
795898090132,1,18/08/1966,56,5,1,2,1,4,3106.37,,248.51,248.50999,201404,202306,331,78586.52999999998
796118770132,1,24/05/1969,54,4,1,2,1,,,,,,201405,202306,572,76829.30000000002
796200860132,1,09/02/1975,48,4,1,2,1,6,1558.78,,124.7,124.7,201405,202306,469,83557.96000000001
796265470132,1,28/11/1974,48,4,1,2,0,6,5673.99,283.7,453.92,737.62,201404,201611,243,1597.77
796297440100,1,19/12/1961,61,5,2,21,0,,,,,,201405,201810,315,27921.35
796462600132,1,19/09/1974,48,4,1,2,1,,280.07,,82,82,201404,202306,208,43432.94
796594160132,1,25/10/1969,53,4,1,2,1,,,,,,201402,202306,522,68629.22000000002
796624650132,1,08/06/1971,52,4,1,2,0,6,434.59,46.5,74.40000000000001,120.9,201812,201907,117,2824.93
796787540132,1,02/04/1974,49,4,2,2,1,,,,,,201405,202306,492,62186.21999999999
797066630132,1,11/06/1975,48,4,1,2,1,6,42.22,,82,82,201611,202306,287,19470.18
797166200132,1,06/04/1974,49,4,2,2,1,,,,,,201402,202306,295,16322.22
797191370132,1,13/06/1972,51,4,2,2,1,2,684.02,,82,82,201406,202306,350,53624.78
797213790132,1,31/07/1962,60,5,1,2,1,6,625.34,,82,82,201406,202306,455,67624.37
797219120143,1,22/03/1981,42,3,2,14,1,,,,,,201507,202306,48,7662.09
797477050117,1,31/10/1959,63,5,2,17,1,,1416.68,,113.33,113.33,201402,202306,868,22383.32999999999
797483730132,1,24/08/1976,46,4,2,2,1,,,,,,201404,202306,452,25453.25
797488230132,1,03/03/1971,52,4,4,2,1,6,5817.91,,465.43,465.42999,201402,202306,686,129062.14
797639190132,1,18/10/1976,46,4,1,2,1,,,,,,201404,202306,282,30229.35
797736900132,1,22/12/1974,48,4,1,2,1,,362.44,,82,82,201405,202306,493,80306.61000000003
797746570115,1,25/02/1959,64,5,1,14,1,6,129.27,,82,82,201403,202306,1081,37036.29000000001
797942870132,1,07/07/1968,54,4,1,2,0,6,1356.72,67.84,108.54,176.37999,201504,201511,141,8038.030000000001
797947210142,1,16/01/1985,38,3,1,19,0,6,3819.92,191,305.59,496.59,201406,201506,16,2642.48
798015690115,1,16/02/1961,62,5,1,14,0,6,1015.82,51.25,82,133.25,201707,202207,43,12362.81
798333150115,1,26/02/1960,63,5,2,14,1,6,4242.11,,339.37,339.37,201405,202306,594,107133.36
798443650132,1,28/08/1978,44,3,1,2,1,,821.97,,82,82,201405,202306,437,82427.2
798528090132,1,22/09/1975,47,4,1,2,0,6,1797.07,89.84999999999999,143.77,233.62,201501,201506,76,2361.71
798551860132,1,18/07/1977,45,4,2,2,0,,,,,,201404,201804,403,11590.96
798685460132,1,07/04/1978,45,4,2,2,1,,1299.96,,104,104,201404,202306,367,27277.24
798716070132,1,29/07/1975,47,4,1,2,0,,,,,,201505,201603,17,1462.36
798732230140,1,21/07/1981,41,3,1,14,0,6,2828.2,141.41,226.26,367.67001,201403,201607,157,5427.809999999999
798847220115,1,03/01/1962,61,5,2,14,1,1,425.04,,82,82,201402,202306,703,79918.44
798916300132,1,20/05/1958,65,6,2,2,0,1,10238.32,,819.0700000000001,819.07001,201405,202301,174,31225.47999999999
798918700132,1,27/07/1972,50,4,1,2,0,6,5893.58,294.68,471.49,766.16998,202011,202105,47,3000.65
798934140132,1,24/08/1977,45,4,1,2,1,6,217.15,,82,82,201405,202306,345,41842.82000000001
799348480143,1,23/08/1985,37,3,1,2,1,6,722.8,,82,82,201403,202306,179,36235.75
799365460142,1,06/07/1984,38,3,,19,0,6,811.11,42.5,68,110.5,201505,201706,17,716.25
799737970109,1,21/10/1960,62,5,1,14,1,3,4363.02,,349.04,349.04001,201402,202306,722,151759.9699999999
800213270146,1,24/06/1989,34,2,1,2,0,,,,,,201801,202106,3,231.4
800578910107,1,25/01/1962,61,5,1,4,0,,,,,,201404,201711,96,4156.28
800851090116,1,17/08/1967,55,5,2,14,1,6,3411.43,,272.91,272.91,201405,202306,634,94898.66
800892910142,1,27/07/1983,39,3,1,19,0,,,,,,201407,201907,174,8273.889999999999
800980130116,1,11/05/1970,53,4,1,14,0,6,2868.16,143.41,229.45,372.86002,201504,202201,182,30323.21
800982260116,1,19/11/1968,54,4,1,14,1,,1071.01,,85.68000000000001,85.68,201405,202306,694,79869.84000000003
801558380170,1,28/04/1995,28,2,,12,0,,,,,,201911,202001,8,1225.25
801774200141,1,24/08/1981,41,3,1,2,1,,,,,,201905,202306,34,6264.12
801794490116,1,01/08/1972,50,4,2,14,0,,,,,,201404,202305,150,61896.62
802458930145,1,28/03/1988,35,3,1,14,1,6,412.04,,82,82,202007,202306,64,17176.34
802463270118,1,24/10/1960,62,5,2,12,1,6,846.47,,82,82,201405,202306,570,45741.18000000001
802768280140,1,12/07/1976,46,4,1,22,0,,,,,,201512,201803,7,1447.15
803424430142,1,02/10/1983,39,3,2,19,1,5,1125.76,,90.06,90.059998,201611,202306,263,51540.42000000001
803946070147,1,31/05/1991,32,2,1,2,0,,,,,,201404,201803,93,12268.66
803993920171,1,18/11/1995,27,2,1,19,0,,2044.91,102.25,163.59,265.84,201812,202103,19,8921.780000000001
804185280141,1,02/08/1980,42,3,1,17,0,,,,,,201511,201701,29,3620.610000000001
804218350142,1,15/10/1983,39,3,1,14,0,,,,,,202011,202301,19,4565.43
805047240171,1,02/12/1995,27,2,1,2,0,,,,,,201404,202101,10,1293.11
805267670141,1,08/09/1980,42,3,1,2,1,5,753.26,,82,82,201505,202306,338,80462.94999999998
805369540142,1,09/03/1983,40,3,1,2,1,4,4303.87,,344.31,344.31,201912,202306,61,41003.11000000001
805827370141,1,02/08/1981,41,3,1,14,1,3,2962.58,,237.01,237.00999,201404,202306,454,93721.57000000001
805845980147,1,24/07/1991,31,2,1,2,0,,,,,,201609,201610,3,231.53
807084770141,1,15/07/1980,42,3,1,2,1,6,341.23,,82,82,201405,202306,298,56545.96999999999
807389080142,1,03/04/1980,43,3,1,2,1,,,,,,201402,202306,124,18443.78
807946060140,1,02/02/1977,46,4,1,2,0,6,3205.47,,256.44,256.44,202111,202207,8,1525.97
80915084360713,1,09/03/1982,41,3,,24,0,,,,,,201511,201601,0,716.64
809941190141,1,02/11/1981,41,3,1,14,1,4,996.54,,82,82,201404,202306,248,53708.38000000002
810215830132,1,29/09/1958,64,5,1,2,1,6,285.14,,82,82,201402,202306,737,71319.86
810425070141,1,26/09/1979,43,3,1,14,0,6,1230.37,61.52,98.43000000000001,159.95,201705,202007,144,3791.26
810680210141,1,15/06/1981,42,3,1,2,0,6,593.75,46.5,74.40000000000001,120.9,201805,201807,7,939.4400000000001
81074272500709,1,27/05/1951,72,6,,14,0,6,5716.8,285.84,457.34,743.17999,201504,201509,3,5468.58
811015550170,1,10/09/1991,31,2,,2,0,,,,,,201511,201704,15,2368.66
811073210148,1,28/05/1993,30,2,1,2,0,6,3374.48,168.72,269.96,438.67999,201801,202007,5,773.9
811155770132,1,22/02/1972,51,4,1,2,1,,,,,,201407,202306,480,29717.16
811584790132,1,01/05/1961,62,5,2,2,1,6,966.03,,82,82,201404,202306,471,50284.34
811819550132,1,03/05/1959,64,5,1,2,1,5,4465.15,,357.21,357.20999,201404,202306,725,85136.27000000002
811949420173,1,03/09/1995,27,2,,2,0,,,,,,201805,201810,7,576.88
812287540132,1,09/12/1966,56,5,1,24,1,,,,,,201404,202306,797,83121.53999999999
812374880132,1,31/10/1966,56,5,2,2,1,6,916.6,,82,82,201404,202306,599,49048.15
812376500132,1,12/06/1967,56,5,1,14,1,6,750.22,,82,82,201406,202306,696,78535.87000000001
812402330132,1,14/08/1968,54,4,2,2,1,6,1673,,133.84,133.84,201402,202306,391,50872.00000000001
812505070144,1,18/07/1986,36,3,1,2,0,6,5122.53,256.13,409.8,665.92999,202007,202007,3,665.9300000000001
812520940132,1,06/07/1971,51,4,2,2,1,6,635.36,,82,82,201404,202306,439,36224.98
812581640132,1,11/08/1969,53,4,1,2,1,6,703.22,,82,82,201406,202306,458,74110.09000000001
8125892180400,1,02/06/1976,47,4,,14,0,,,,,,201511,201602,4,3211.45
812597660108,1,16/07/1967,55,5,2,2,1,2,4456.63,,356.53,356.53,201405,202306,784,208750.91
812939860118,1,08/03/1974,49,4,1,12,1,6,192.32,,82,82,201402,202306,490,71996.25
812973410140,1,08/08/1974,48,4,1,2,1,6,217.15,,82,82,201405,202306,469,40913.50999999999
813384550175,1,12/09/2001,21,1,,2,0,,,,,,202007,202112,1,241.8
813484720132,1,07/03/1973,50,4,2,2,0,6,3539.12,176.96,283.13,460.09,201404,202111,247,25584.02
813731880118,1,10/09/1972,50,4,1,12,1,,,,,,201406,202306,253,44331.91000000001
813934370132,1,23/02/1977,46,4,1,6,0,,,,,,201606,201708,12,874.4100000000001
814594160140,1,25/11/1974,48,4,1,2,1,6,229.82,,82,82,201405,202306,282,58898.55
814850070143,1,02/02/1980,43,3,1,2,0,6,802.35,,82,82,202111,202212,9,1538.61
815493820143,1,17/09/1985,37,3,2,19,1,6,444.9,,82,82,201504,202306,196,33530.35000000001
815795920147,1,29/12/1991,31,2,,13,0,6,4215.12,210.76,337.21,547.96997,202211,202212,5,744.92
816074080145,1,18/07/1988,34,2,1,14,0,,,,,,202005,202112,6,1965.7
816555020170,1,12/08/1993,29,2,1,2,1,,,,,,202212,202306,12,912.28
816912970110,1,06/04/1972,51,4,1,2,0,,,,,,201911,202106,8,1291.88
817543570144,1,31/01/1987,36,3,1,14,0,6,5359.49,267.97,428.76,696.72998,202005,202107,25,7350.719999999999
817942940144,1,26/04/1975,48,4,4,24,0,,307.52,46.5,74.40000000000001,120.9,201904,202010,26,13900.92
818070540140,1,13/03/1979,44,3,1,17,0,,,,,,201402,201810,327,6538.24
818077310180,1,29/07/1979,43,3,1,2,1,6,1160.55,,92.84,92.839996,201402,202306,342,73309.40000000002
818606230140,1,22/02/1970,53,4,1,24,0,6,1269.25,,101.54,101.54,201405,202301,296,21281.59
819404990140,1,29/03/1979,44,3,1,14,0,,,,,,201801,202302,27,6658.49
820041490180,1,20/11/1978,44,3,1,2,0,,,,,,201704,201709,2,312.63
820323880145,1,12/10/1973,49,4,1,2,0,,,,,,202006,202112,2,540.8
820667680141,1,25/02/1980,43,3,2,14,0,,,,,,201503,202105,397,20105.14
820722920171,1,08/06/1996,27,2,1,14,0,,,,,,201703,202111,28,8770.75
821009980180,1,11/04/1976,47,4,1,2,0,,,,,,201405,202007,189,851.13
821319970119,1,05/04/1965,58,5,2,2,0,6,450.56,46.5,74.40000000000001,120.9,201804,201905,89,2189.12
821460090144,1,18/04/1987,36,3,1,17,0,6,990.66,49.53,79.25,128.78,201404,201810,253,34115.65
821569500170,1,26/05/1994,29,2,1,2,0,,,,,,201404,202302,79,14085.92
821605130118,1,24/06/1978,45,4,1,12,1,,,,,,201402,202306,202,17569.03
821639180143,1,01/09/1985,37,3,1,14,1,,,,,,202103,202306,60,13499.86
823376190106,1,19/12/1947,75,6,2,14,0,6,6042.41,302.12,483.39,785.51001,201406,201512,280,16414.24
823550150144,1,14/04/1987,36,3,2,14,0,6,4116.96,,329.36,329.35999,201601,202301,173,27692.91
823614750144,1,13/04/1987,36,3,1,19,0,6,261.71,42.5,68,110.5,201504,201609,45,1076.58
823881710176,1,06/11/1994,28,2,1,23,0,6,151.01,46.5,74.40000000000001,120.9,202107,202107,1,120.9
824069880142,1,14/02/1984,39,3,1,2,0,,,,,,201405,202212,102,21257.97
824072210122,1,10/01/1961,62,5,2,10,1,6,950.1900000000001,,82,82,201405,202306,615,72108.00999999999
824310340143,1,20/06/1983,40,3,1,2,1,,,,,,202011,202306,13,2809.09
824341220176,1,06/10/1997,25,2,1,13,1,,,,,,202304,202306,0,
824579910100,1,01/03/1974,49,4,1,23,0,3,334.65,37.5,60,97.5,201603,201603,4,97.5
824686950100,1,04/11/1975,47,4,2,,1,6,1223.5,,97.88,97.879997,201406,202306,473,69743.53999999999
824688120100,1,04/12/1974,48,4,1,23,1,6,518.5599999999999,,82,82,201405,202306,582,79580.71999999999
825014050142,1,14/02/1984,39,3,1,2,1,6,1881.15,,150.49,150.49001,201405,202306,296,86465.53000000003
825145980180,1,05/01/1979,44,3,1,2,0,6,2473.54,123.68,197.88,321.56,201801,201802,4,432.06
825198420180,1,30/09/1977,45,4,1,2,0,,,,,,201503,201506,45,5340.58
825458720106,1,24/11/1966,56,5,1,2,0,,,,,,201507,201803,199,499.49
825963350133,1,05/09/1972,50,4,1,2,1,6,5881.5,,470.52,470.51999,201406,202306,625,110021.58
825966280133,1,03/12/1972,50,4,1,2,1,6,197.48,,82,82,201406,202306,389,52197.89
826184100142,1,26/09/1981,41,3,1,2,0,,,,,,201403,201512,46,3215.41
826210080133,1,27/11/1957,65,6,2,2,1,2,1625.97,,130.08,130.08,201402,202306,747,99605.05000000002
826364440133,1,06/05/1971,52,4,2,2,0,6,2614.82,,209.19,209.19,201403,202301,362,21443.72
826369600133,1,18/04/1970,53,4,2,2,1,2,398.8,,82,82,201402,202306,623,118924.88
826435120133,1,03/04/1962,61,5,1,2,1,,,,,,201403,202306,530,6625.830000000002
826484980133,1,06/03/1966,57,5,2,2,1,6,1712.47,,137,137,201402,202306,555,75235.98000000001
826541320141,1,19/03/1981,42,3,1,10,1,2,1528.99,,122.32,122.32,201402,202306,337,73166.69000000002
827059710141,1,30/05/1971,52,4,2,14,1,,,,,,201808,202306,98,10244.59
827618960180,1,13/01/1980,43,3,1,14,0,6,1145.59,57.28,91.65000000000001,148.92999,201507,201507,2,148.93
827826870180,1,20/10/1976,46,4,1,2,0,5,11234.24,561.71,898.74,1460.4501,201811,202206,62,16611.26
827859950147,1,02/11/1982,40,3,1,2,0,6,1144.21,57.21,91.54000000000001,148.75,201707,202112,7,1804.76
827863020122,1,14/06/1963,60,5,2,10,1,4,4629.21,,370.34,370.34,201406,202306,557,97888.17000000001
828000540146,1,02/01/1990,33,2,1,14,0,6,1216,60.8,97.28,158.08,201404,201607,11,459.1
828085960147,1,26/08/1991,31,2,1,24,1,,,,,,201405,202306,169,50798.87
828209660180,1,03/07/1979,43,3,1,17,1,5,70.34,,82,82,201404,202306,213,23213.7
828420840122,1,27/08/1958,64,5,2,17,1,1,2124.57,,169.97,169.97,201404,202306,1113,247709.42
828432420122,1,24/11/1961,61,5,1,10,1,6,364.47,,82,82,201405,202306,418,51789.19000000002
828526830122,1,12/12/1963,59,5,1,10,1,6,880.78,,82,82,201405,202306,467,46272.24000000001
828571010180,1,05/11/1973,49,4,1,14,1,,,,,,201704,202306,87,17542.82999999999
828598920122,1,07/02/1965,58,5,1,10,0,,,,,,201404,202305,386,47797.3
828687720122,1,13/05/1963,60,5,2,10,1,,,,,,201405,202306,517,42325.79000000002
829101490143,1,17/11/1985,37,3,1,19,0,6,5466.8,273.34,437.34,710.67999,201402,202104,136,17827.79
829188710141,1,14/09/1981,41,3,1,2,0,6,1831.47,91.56999999999999,146.52,238.09,201704,201706,7,548.59
829311060142,1,24/03/1984,39,3,1,14,1,,98.84999999999999,,82,82,201703,202306,108,38540.35000000001
829347160180,1,29/04/1972,51,4,1,14,1,,,,,,201404,202306,277,40776.92
829507010174,1,12/05/1994,29,2,1,14,0,,,,,,201406,202211,80,12516.83
829598580140,1,04/08/1978,44,3,1,2,0,,,,,,201601,201705,56,208
829716320172,1,07/09/1994,28,2,,13,1,5,466.85,,82,82,201704,202306,150,44484.14999999999
829816890115,1,17/04/1973,50,4,2,14,1,6,5806.45,,464.52,464.51999,201406,202306,662,113308.31
829817260115,1,05/12/1967,55,5,1,14,1,5,1980.52,,158.44,158.44,201402,202306,377,63385.07000000002
829954270101,1,11/10/1948,74,6,,17,0,,,,,,201402,201705,482,1918.8
830069140109,1,11/05/1967,56,5,1,17,1,,,,,,201404,202306,467,41237.16
830123530142,1,18/06/1977,46,4,1,19,1,6,119.1,,82,82,201705,202306,173,13994.26
830229670101,1,11/03/1967,56,5,2,17,1,6,5535.27,,442.82,442.82001,201406,202306,619,101989.44
830588310122,1,15/07/1973,49,4,1,19,0,,,,,,201603,201605,5,97.5
830915520144,1,18/03/1986,37,3,1,12,1,,,,,,201801,202306,137,39079.28
830920010146,1,04/05/1990,33,2,1,2,0,6,6926.88,346.34,554.15,900.48999,201403,201510,9,13232.12
830956080144,1,27/04/1987,36,3,,19,0,6,3020.64,151.03,241.65,392.67999,201504,201507,16,1429.63
831167940145,1,26/09/1988,34,2,,13,0,6,457.83,37.5,60,97.5,201507,201507,1,97.5
831345260172,1,13/08/1992,30,2,1,10,0,,,,,,202208,202211,0,
831477270171,1,10/04/1994,29,2,1,2,1,,,,,,201801,202306,96,21594.74
831680740180,1,20/04/1976,47,4,1,14,0,,175.73,46.5,74.40000000000001,120.9,202107,202107,9,120.9
831875460143,1,04/07/1972,50,4,1,14,1,6,457.03,,82,82,201402,202306,230,67342.80000000002
832069150142,1,12/04/1983,40,3,1,14,0,,,,,,201404,201404,137,
832446200141,1,21/05/1982,41,3,1,19,0,,4378.54,,350.28,350.28,202004,202305,21,15219.99
832971620140,1,04/09/1979,43,3,1,2,0,6,444.51,37.5,60,97.5,201402,201407,115,963.8900000000001
833128580148,1,30/07/1994,28,2,1,19,1,,,,,,202101,202306,64,13919.16
834271340145,1,24/06/1988,35,3,2,2,0,,,,,,202011,202101,4,455.5500000000001
834413710133,1,24/11/1975,47,4,2,2,0,6,5557.03,,444.56,444.56,201906,202301,7,915.24
835028220172,1,19/03/1991,32,2,2,10,0,6,5849.19,,467.94,467.94,202203,202204,3,467.94
835033660148,1,30/10/1993,29,2,1,14,0,,,,,,201707,202101,33,4622.33
835326840143,1,30/01/1985,38,3,1,19,0,4,8428.879999999999,421.44,674.3099999999999,1095.75,201704,202103,35,11555.35
836455670144,1,24/06/1987,36,3,1,13,0,3,135.75,46.5,74.40000000000001,120.9,201404,201908,204,14699.28
836506650115,1,25/05/1967,56,5,2,14,1,6,42.22,,82,82,201403,202306,590,44130.29
836514600140,1,01/07/1979,43,3,2,2,0,6,4183.27,,334.66,334.66,202205,202206,1,334.66
836689920145,1,15/11/1986,36,3,1,2,0,6,3689.06,,295.12,295.12,201612,202302,10,5442.23
836937730140,1,09/11/1979,43,3,1,2,1,6,1693.77,,135.5,135.5,201403,202306,342,73314.36000000002
837337200144,1,07/09/1984,38,3,1,14,0,6,4965.29,248.26,397.22,645.47998,202105,202106,8,1158.54
837614730141,1,21/05/1982,41,3,1,14,1,6,1125.76,,90.06,90.059998,201406,202306,108,15095.54
837776230143,1,03/11/1985,37,3,1,2,0,6,3108.82,155.44,248.71,404.14999,202011,202207,14,2140.610000000001
837923820175,1,08/12/1996,26,2,,13,0,6,1000,50,80,130,201801,201905,8,260
837932220144,1,10/03/1981,42,3,1,2,0,,,,,,201504,202207,5,1250.08
840226630141,1,26/02/1979,44,3,1,14,0,,,,,,201405,202205,123,3639.360000000001
840579170143,1,28/03/1962,61,5,2,24,1,6,697.0599999999999,,82,82,201405,202306,373,85343.93000000002
840722180110,1,29/03/1971,52,4,1,13,1,,362.44,,82,82,201405,202306,240,78838.18000000001
840937780142,1,18/02/1981,42,3,,19,0,,,,,,201904,202001,19,1225.89
841249710144,1,22/06/1987,36,3,1,19,1,,,,,,201605,202306,98,26394.66999999999
841661370125,1,21/11/1961,61,5,1,24,1,,,,,,201402,202306,629,56306.17000000001
841703960143,1,15/12/1985,37,3,1,14,1,,,,,,201804,202306,144,24641.57
841801620130,1,27/01/1971,52,4,1,17,1,,,,,,201402,202306,469,16228.11
842173770121,1,14/03/1956,67,6,,17,0,,,,,,201404,202304,452,21234.74
842372660146,1,04/06/1990,33,2,1,2,0,,,,,,201606,201706,0,110.5
842538470130,1,04/12/1962,60,5,3,4,1,,30050,,2404,2404,201404,202306,124,46191.96000000001
842651310145,1,26/11/1988,34,2,1,14,0,,,,,,201405,202302,35,16578.35
842744170119,1,25/07/1970,52,4,1,2,0,,,,,,201405,201809,145,15765.04
842753540119,1,06/10/1971,51,4,1,2,1,6,2570.46,,205.64,205.64,201405,202306,548,101324.25
842882620142,1,18/04/1981,42,3,1,2,0,,,,,,201611,201707,113,2325.44
843218500125,1,26/10/1958,64,5,2,24,1,7,816.98,,82,82,201407,202306,1031,41662.24
843862120117,1,15/07/1976,46,4,1,13,0,6,4092,204.6,327.36,531.96002,201811,201812,5,1063.92
843870880117,1,23/12/1976,46,4,2,13,0,,,,,,201801,201801,0,
844067770180,1,04/02/1979,44,3,1,2,0,,,,,,201704,201712,32,913.6700000000001
844291560142,1,16/05/1980,43,3,2,19,0,,,,,,201607,201702,0,
844676640173,1,10/01/1999,24,1,,2,0,,,,,,202101,202208,31,2777.25
844714100170,1,17/08/1990,32,2,,14,1,,,,,,202301,202306,5,850.24
844793210115,1,24/10/1975,47,4,1,14,1,6,807.15,,82,82,202005,202306,85,17102.82
844794340115,1,27/03/1976,47,4,2,14,0,6,10234.55,511.73,818.76,1330.49,202006,202107,284,12068.08
844799860115,1,01/04/1966,57,5,2,14,1,6,1061.95,,84.95999999999999,84.959999,201406,202306,578,75941.46000000002
844920140141,1,11/05/1980,43,3,1,2,0,6,2467.01,123.35,197.36,320.70999,201404,202207,52,10211.15
844976170146,1,05/04/1990,33,2,1,2,0,6,1489.72,,119.18,119.18,202106,202302,11,4125.95
845116510110,1,23/10/1971,51,4,2,2,0,6,1222.57,61.13,97.81,158.94,201811,201906,110,757.21
845241100140,1,28/10/1977,45,4,1,2,1,6,3004.35,,240.35,240.35001,201402,202306,298,113111.61
845300410140,1,26/10/1978,44,3,1,2,1,6,190.44,,82,82,201404,202306,381,31739.51
845610230144,1,22/05/1987,36,3,,19,0,,,,,,201802,202211,78,4888.220000000001
845859340141,1,14/03/1982,41,3,1,2,0,,,,,,201505,201509,3,506.14
846201570103,1,12/11/1963,59,5,1,19,1,,1354.17,,108.33,108.33,201410,202306,984,44116.20000000003
846308320103,1,10/07/1962,60,5,2,19,0,,,,,,201402,202304,1041,13307.25999999999
846322930103,1,13/01/1962,61,5,2,19,1,6,2394.82,,191.59,191.59,202306,202306,136,191.59
846337080103,1,20/03/1957,66,6,2,19,1,6,273.97,,82,82,201402,202306,852,29991.58
846651400103,1,01/02/1963,60,5,2,19,1,6,7976.02,,638.08,638.08002,201406,202306,896,62012.49
846812970103,1,23/09/1966,56,5,2,19,1,6,157.1,,82,82,201704,202306,187,10111.27
846828330103,1,15/08/1962,60,5,2,19,0,3,2285.36,114.27,182.83,297.10001,201904,201906,667,465.5
847009610103,1,24/11/1954,68,6,1,19,1,,,,,,201406,202306,116,6054.030000000001
847053030103,1,11/08/1958,64,5,1,12,1,,,,,,201402,202306,489,18718.74
847055660180,1,29/07/1977,45,4,,19,0,6,5113,255.65,409.04,664.69,201406,201406,2,664.6900000000001
847164300103,1,27/04/1964,59,5,1,19,1,2,4985.1,,398.81,398.81,201405,202306,1018,175220.18
847263870140,1,06/01/1980,43,3,,2,0,,2035.99,101.8,162.88,264.67999,201504,201504,2,264.68
847358390103,1,18/06/1973,50,4,1,19,1,6,199.3,,82,82,201606,202306,520,36011.24999999999
847359340103,1,08/06/1973,50,4,1,19,1,2,635.36,,82,82,201404,202306,620,51463.05
848576810109,1,26/07/1969,53,4,1,14,1,,,,,,201404,202306,472,52068.14
849021240172,1,16/03/1992,31,2,1,17,0,,,,,,201403,201606,1,97.5
849071550103,1,05/03/1968,55,5,1,19,1,1,4139.87,,331.19,331.19,201604,202306,517,36357.1
849119060103,1,14/11/1966,56,5,1,,1,6,1949.72,,155.98,155.98,201406,202306,881,93912.92999999999
849122120103,1,22/09/1967,55,5,2,19,1,6,1141.41,,91.31,91.309998,201402,202306,1069,102811.4
849123110103,1,03/11/1967,55,5,2,19,1,3,2037.29,,162.98,162.98,201402,202306,790,50838.45
849169580103,1,24/08/1969,53,4,1,19,1,,,,,,201405,202306,514,72503.01000000001
849179090103,1,01/04/1969,54,4,2,19,1,2,926.79,,82,82,201406,202306,815,125444.95
849181660103,1,01/10/1969,53,4,,19,0,1,1242.56,62.13,99.40000000000001,161.53,201404,201601,237,3184.06
849374070147,1,23/03/1991,32,2,2,19,0,6,4876.84,,390.15,390.14999,202005,202302,15,4991.79
849842520103,1,02/05/1974,49,4,1,19,1,6,768.22,,82,82,201402,202306,923,33943.08
849892160103,1,11/05/1975,48,4,,19,1,1,4552.34,,364.19,364.19,201402,202306,891,76296.25999999999
849940530148,1,24/09/1988,34,2,1,14,0,,8742,,699.36,699.35999,201410,202303,68,22063.93
850004630145,1,13/06/1987,36,3,1,19,0,,,,,,201504,201812,110,11033.61
850026530103,1,15/04/1975,48,4,1,13,1,6,748.46,,82,82,201405,202306,609,91053.60000000001
850055040103,1,21/10/1974,48,4,2,19,0,6,705.73,37.5,60,97.5,201506,201506,111,97.5
850081820103,1,01/09/1975,47,4,2,19,1,6,697.0599999999999,,82,82,201405,202306,669,98266.04999999999
850118300103,1,24/02/1972,51,4,2,19,0,6,611.8,,82,82,201402,202304,907,12741.00999999999
850135880103,1,24/01/1976,47,4,1,19,1,3,1735.15,,138.81,138.81,202112,202306,94,2835.690000000001
850148940103,1,12/04/1976,47,4,2,19,0,,,,,,201402,201903,383,7726.669999999998
850182800144,1,15/09/1987,35,3,1,19,0,6,5037.76,251.89,403.02,654.90997,201406,201507,22,2830.96
850200360145,1,08/12/1985,37,3,1,17,0,,,,,,201406,201507,36,248.69
850492640103,1,18/04/1974,49,4,1,19,0,,,,,,201404,202211,191,3852.76
850513730103,1,10/10/1962,60,5,1,19,1,3,3871.65,,309.73,309.73001,201504,202306,774,87493.34999999998
850587420103,1,05/12/1976,46,4,1,19,0,1,3979.7,198.99,318.38,517.37,201608,202207,42,2015.26
850591040103,1,16/03/1977,46,4,1,19,0,6,3613.07,180.65,289.05,469.69998,201402,201408,174,3692.25
850614610103,1,14/03/1976,47,4,1,2,1,1,3771.28,,301.7,301.70001,201402,202306,438,21298.36
850662200145,1,19/12/1988,34,2,1,14,0,,,,,,201812,201905,4,720.96
850682010103,1,22/05/1976,47,4,2,19,0,,,,,,201402,201710,158,14421.17
850728170103,1,21/05/1973,50,4,2,19,1,5,349.53,,82,82,201404,202306,638,41317.03000000001
850765710103,1,11/08/1977,45,4,1,19,1,6,1028.97,,82.31999999999999,82.32,201405,202306,496,96678.58000000003
850809760103,1,06/02/1974,49,4,1,12,0,,,,,,201501,201505,4,161.04
851174100121,1,04/11/1967,55,5,1,2,0,,,,,,201402,201512,131,3483.1
851857120180,1,04/08/1978,44,3,1,13,0,6,1500,75,120,195,201804,201804,2,195
853263760141,1,25/10/1982,40,3,1,2,0,,189.74,37.5,60,97.5,201510,201510,12,97.5
854620260117,1,09/03/1964,59,5,1,2,0,,,,,,201511,202106,101,898.02
854843030172,1,23/06/1993,30,2,1,2,0,6,2131.44,,170.52,170.52,202204,202301,19,2597.69
855687860143,1,20/06/1981,42,3,1,24,0,6,7535.37,376.77,602.83,979.59998,202005,202006,60,979.6
856191990140,1,15/07/1973,49,4,1,2,0,6,41.79,37.5,60,97.5,201405,201406,2,195
856316890142,1,22/08/1984,38,3,2,10,1,6,579.67,,82,82,201407,202306,326,92932.85000000001
856426900103,1,17/01/1958,65,6,1,19,1,,,,,,201404,202306,533,47710.32000000001
856462970172,1,11/05/1997,26,2,1,2,0,,,,,,201711,202102,12,6218.93
856516900145,1,05/03/1987,36,3,1,19,0,,,,,,201402,202303,176,35633.73999999999
856587660125,1,14/02/1966,57,5,1,24,1,6,239.48,,82,82,201405,202306,379,26826.42
856757240146,1,25/09/1989,33,2,,14,0,,,,,,202206,202211,5,897.27
856944040141,1,18/11/1981,41,3,1,19,0,1,8890.690000000001,444.53,711.26,1155.79,201406,201507,21,4040.54
857520410133,1,23/04/1964,59,5,2,2,1,,,,,,201405,202306,364,15648.19
857670940140,1,04/01/1979,44,3,1,14,1,6,697.0599999999999,,82,82,201405,202306,345,81880.26999999999
857789470147,1,26/06/1992,31,2,1,19,0,6,96.13,37.5,60,97.5,201402,201406,19,627.75
857883730133,1,02/02/1972,51,4,1,2,1,,,,,,201405,202306,227,25238.57
857934320108,1,19/09/1963,59,5,2,14,1,,,,,,201402,202306,643,62729.11
857976670117,1,01/01/1965,58,5,2,13,0,6,794.5700000000001,42.5,68,110.5,201405,201701,104,2418.51
858260970143,1,06/06/1986,37,3,1,19,0,6,1299.24,64.95999999999999,103.94,168.89999,201406,201507,17,812.6099999999999
858701890141,1,24/11/1982,40,3,1,19,0,,,,,,201601,201604,4,438.28
858864400115,1,21/07/1963,59,5,4,14,0,,,,,,201404,201407,163,205.81
858914290141,1,05/10/1980,42,3,,2,0,,,,,,201611,201704,1,235.48
859132410140,1,13/05/1980,43,3,1,2,0,6,1043.32,52.17,83.47,135.64,201407,201706,111,1184.09
859139940116,1,27/05/1966,57,5,1,19,0,6,871.96,46.5,74.40000000000001,120.9,201402,202202,531,11585.22
859392340117,1,22/02/1962,61,5,1,13,0,6,1620,81,129.6,210.60001,201601,201912,385,5926.119999999999
859416920125,1,18/04/1961,62,5,2,24,0,,,,,,201404,202107,348,19005.39
859432420115,1,28/07/1957,65,6,1,14,1,,,,,,201404,202306,355,28985.73
859445000117,1,16/03/1965,58,5,1,13,0,,,,,,201402,202303,361,26394.45
859536360115,1,24/11/1962,60,5,1,14,1,6,904.42,,82,82,201407,202306,495,72071.04000000001
859581760117,1,21/08/1969,53,4,1,13,0,,174664.63,8733.23,13973.17,22706.4,201405,201603,271,36546.86
859607110115,1,22/01/1958,65,6,2,14,0,,,,,,201507,201510,216,97.5
859772370115,1,14/07/1965,57,5,2,2,0,,717.1900000000001,42.5,68,110.5,201601,201710,354,824.3999999999999
859872230116,1,21/05/1956,67,6,1,13,0,6,2355.64,117.78,188.45,306.23001,201405,201407,6,306.23
859927920116,1,17/04/1956,67,6,2,13,0,6,76.14,37.5,60,97.5,201405,201508,132,2004.37
860459610140,1,27/09/1980,42,3,1,19,1,6,444.9,,82,82,201403,202306,362,51610.87999999999
860545240140,1,01/08/1980,42,3,2,2,0,,,,,,201405,201912,200,6728.669999999999
860572610142,1,31/05/1981,42,3,2,14,0,,,,,,202006,202212,20,9822.159999999998
860594300115,1,04/04/1963,60,5,1,14,0,,,,,,201404,201405,67,
860632140115,1,19/08/1966,56,5,,,0,,,,,,,,19,
860817390117,1,21/08/1968,54,4,1,13,0,,,,,,201607,201707,20,11255.81
861331190180,1,23/09/1979,43,3,1,14,1,6,684.02,,82,82,201406,202306,248,51417.26999999999
861693410116,1,06/05/1966,57,5,1,2,0,6,672,37.5,60,97.5,201504,201601,137,1891.21
861703700109,1,01/02/1957,66,6,2,14,0,,1951.66,97.58,156.13,253.71001,201402,201904,616,2933.18
862278940125,1,05/12/1965,57,5,1,24,0,,,,,,201404,202305,388,35517.56
862279330125,1,02/04/1963,60,5,2,17,1,3,3762.54,,301,301,201406,202306,887,84327.84999999999
862381390104,1,25/10/1965,57,5,1,17,1,,,,,,201404,202306,632,58022.98000000001
862395100117,1,07/12/1976,46,4,2,2,0,6,2756.53,,220.52,220.52,201404,202301,168,11884.98
862529390107,1,30/10/1971,51,4,2,15,1,6,916.6,,82,82,201404,202306,267,50175.69000000002
862638680140,1,14/09/1980,42,3,1,19,0,,69.65000000000001,37.5,60,97.5,201402,201402,174,97.5
862780500104,1,20/05/1960,63,5,1,17,1,6,370.87,,82,82,201403,202306,622,38314.7
862792490107,1,15/08/1969,53,4,1,14,0,,,,,,201611,201708,208,1642.09
862994970104,1,18/02/1952,71,6,1,17,0,,,,,,201403,201606,321,
863601240104,1,10/02/1965,58,5,2,24,0,6,12076.05,603.8,966.08,1569.88,201402,202205,514,32749.44999999999
863727870141,1,20/03/1983,40,3,2,14,0,6,980.8099999999999,49.04,78.45999999999999,127.5,201403,202102,146,8696.01
863864860115,1,17/07/1963,59,5,1,14,0,,,,,,201403,201606,200,
863890850115,1,29/04/1965,58,5,2,10,1,6,1063.47,,85.08,85.080002,201404,202306,435,37862.29
863904180115,1,26/06/1958,65,6,2,14,0,,,,,,201807,202002,340,2031.43
864086540115,1,12/04/1970,53,4,2,14,1,,80,,82,82,201405,202306,299,64944.57000000004
864099300115,1,16/02/1969,54,4,2,14,1,,,,,,201402,202306,581,56443.04000000002
864164940147,1,06/12/1991,31,2,,2,0,,,,,,202105,202110,4,1031.93
864301550130,1,02/12/1976,46,4,1,14,1,,,,,,201407,202306,244,32945.96
864535510104,1,12/08/1970,52,4,2,17,1,6,2744.34,,219.55,219.55,201503,202306,586,36744.09
864701620104,1,03/02/1971,52,4,1,17,0,,1720.26,,137.62,137.62,201402,202302,376,10315.66
864732000104,1,24/11/1972,50,4,1,17,0,6,2110.4,,168.83,168.83,201403,202304,403,9919.93
865147510104,1,18/02/1965,58,5,2,14,1,3,3303.97,,264.32,264.32001,201407,202306,871,99952.46000000001
865189820147,1,20/12/1992,30,2,1,2,1,,,,,,202304,202306,4,164
865257640104,1,20/06/1968,55,5,1,17,0,,,,,,201403,201606,463,
865271790104,1,17/02/1967,56,5,2,17,1,,,,,,201404,202306,638,47923.04000000001
865315700104,1,08/06/1960,63,5,3,17,1,,,,,,201402,202306,382,61852.27
865507710143,1,29/03/1982,41,3,1,19,0,6,4472.24,223.61,357.78,581.39001,201406,201507,17,1430.53
865696000144,1,29/05/1987,36,3,1,14,1,6,412.04,,82,82,202006,202306,55,18571.42
866190090102,1,13/08/1966,56,5,2,19,0,,,,,,201403,201407,526,1895.51
866384840102,1,27/06/1970,53,4,2,19,0,6,654.67,42.5,68,110.5,201402,201612,486,4839.089999999999
866478540108,1,27/01/1966,57,5,1,14,1,6,703.22,,82,82,201406,202306,428,71975.60000000001
866660840125,1,02/01/1962,61,5,2,,0,,,,,,201811,201903,121,1448.49
866844150115,1,09/12/1965,57,5,1,14,1,,,,,,201404,202306,572,17282.66
867088260140,1,14/11/1979,43,3,2,24,0,6,5547.83,277.39,443.83,721.22003,201504,202007,256,28169.88
867174150142,1,05/03/1984,39,3,1,2,0,,,,,,201504,201807,63,2850.15
867176690142,1,08/11/1981,41,3,1,2,1,6,586.86,,82,82,202006,202306,92,13728.11
867775540116,1,03/04/1967,56,5,2,2,1,,2513.78,,201.1,201.10001,201405,202306,476,71663.90999999999
869449590172,1,29/12/1996,26,2,1,2,0,,,,,,202011,202102,5,624.87
869747470175,1,07/07/1996,26,2,1,2,0,6,5104.44,255.22,408.36,663.58002,202011,202106,14,1735.2
869943600103,1,15/10/1972,50,4,2,19,0,,,,,,201402,202303,397,28034.81
870179490115,1,11/11/1957,65,6,4,14,1,3,7412.72,,593.02,593.02002,201406,202306,887,196789.38
870273500115,1,02/03/1953,70,6,,14,0,,1341.47,67.06999999999999,107.32,174.39,201706,201707,532,837.91
870329870109,1,13/05/1967,56,5,1,14,1,6,463.57,,82,82,201405,202306,661,107383.51
870392770115,1,08/09/1957,65,6,2,14,0,,,,,,201402,202003,629,20959.66999999999
870585410147,1,14/12/1990,32,2,1,2,0,6,640.83,46.5,74.40000000000001,120.9,201807,201911,13,2606.97
870602540115,1,10/03/1960,63,5,1,2,0,6,2661.29,133.06,212.9,345.95999,201711,201801,12,345.96
870867450115,1,03/08/1969,53,4,1,14,1,,,,,,201402,202306,228,27316.62
870880000115,1,27/02/1969,54,4,2,14,1,6,635.36,,82,82,201612,202306,433,39707.99999999999
870977870142,1,02/11/1984,38,3,1,2,0,,3500,175,280,455,201404,202108,155,25313.76
871044700115,1,05/08/1963,59,5,1,14,1,5,2040.84,,163.27,163.27,201402,202306,758,90818.08000000002
871142290115,1,18/07/1960,62,5,2,18,1,3,4227.44,,338.2,338.20001,201405,202306,913,195111.77
871153540115,1,21/09/1964,58,5,2,14,1,,,,,,201406,202306,396,34875.83
871176970115,1,27/03/1962,61,5,1,14,0,,,,,,201404,201904,167,6154.48
871194250115,1,28/09/1966,56,5,1,14,1,,,,,,201404,202306,211,33234.4
871197050141,1,14/02/1983,40,3,,19,0,,8657.719999999999,432.89,692.62,1125.51,202010,202103,10,7132.23
871374810115,1,09/10/1967,55,5,,14,0,6,7734.07,386.7,618.73,1005.43,201404,201607,214,3432.52
871424570115,1,21/06/1970,53,4,1,14,1,6,425.66,,82,82,201404,202306,470,51932.13000000001
871613420142,1,16/03/1982,41,3,1,13,1,,,,,,201403,202306,258,50666.95
871805760143,1,02/12/1983,39,3,1,2,1,1,314.26,,82,82,201805,202306,103,18847.11
871949270141,1,17/05/1983,40,3,1,2,0,,,,,,201405,202009,216,52583.82999999999
872006710115,1,19/06/1969,54,4,2,14,0,6,2875.78,,230.06,230.06,201404,201507,330,2117.36
872273710142,1,10/10/1984,38,3,1,19,0,6,7259.46,362.97,580.76,943.72998,201406,201506,17,2964.59
872423350115,1,14/07/1969,53,4,2,14,1,,,,,,201404,202306,276,35284.74000000001
872496550141,1,07/01/1983,40,3,,10,0,6,926.0599999999999,46.5,74.40000000000001,120.9,201806,201807,180,399.6900000000001
872915500115,1,30/05/1972,51,4,1,14,0,,,,,,201707,201711,3,203.97
873102900141,1,25/02/1983,40,3,1,2,0,,1868.2,93.41,149.46,242.87001,201707,202111,101,16956.68
873224680107,1,05/02/1965,58,5,2,14,1,6,1434.72,,114.78,114.78,201406,202306,767,61633.60999999999
873240160132,1,22/09/1972,50,4,2,,1,6,4549.99,,364,364,201402,202306,648,105729.72
873289520132,1,18/07/1970,52,4,2,2,1,,3971.76,,317.74,317.73999,201407,202306,499,114300.14
873299970132,1,10/09/1972,50,4,2,2,1,,,,,,201511,202306,247,21448.40000000001
873300390132,1,17/10/1972,50,4,1,2,0,6,4014.62,,321.17,321.17001,202012,202204,83,3729.07
873323460132,1,23/01/1971,52,4,1,2,1,6,57.24,,82,82,201504,202306,284,12776.4
873358270132,1,19/07/1971,51,4,1,2,1,,1025,,82,82,201404,202306,239,39391.95
873373920132,1,28/09/1972,50,4,2,2,1,6,481.02,,82,82,201606,202306,297,28002.64
873405420132,1,12/08/1972,50,4,1,2,1,,,,,,201512,202306,324,29191.56
873412850132,1,04/12/1972,50,4,1,2,1,6,350.5,,82,82,201403,202306,398,31225.07
873416230132,1,01/11/1972,50,4,2,2,1,6,1061.42,,84.91,84.910004,201403,202306,609,101548.41
873428100148,1,22/01/1992,31,2,,2,0,6,879.26,43.96,70.34,114.3,201801,201801,3,114.3
873461120132,1,08/11/1971,51,4,2,2,0,4,22624.15,,1809.93,1809.9301,201807,202302,373,55762.73
873509510142,1,16/09/1984,38,3,1,2,1,6,277.72,,82,82,201512,202306,136,44325.92000000001
873592650132,1,07/09/1973,49,4,1,2,0,,,,,,201405,202204,327,10797.85
873725070125,1,19/08/1958,64,5,,24,0,,,,,,201404,201510,219,3470.61
873785760125,1,11/04/1966,57,5,2,24,0,,,,,,201402,202003,442,18925.19
873815300125,1,23/03/1967,56,5,2,24,0,,,,,,201606,202109,467,14148.13
873823860132,1,06/11/1976,46,4,1,2,0,6,13832.32,691.62,1106.59,1798.21,201404,202007,212,29653.52
873852280115,1,14/05/1975,48,4,,14,0,,,,,,201404,201407,78,476.94
873853480102,1,12/10/1965,57,5,2,19,1,6,129.27,,82,82,201402,202306,514,24398.55
873887210102,1,08/07/1955,67,6,2,19,0,,1955.6,,156.45,156.45,201405,202211,1053,139452.7899999999
873900420115,1,12/05/1976,47,4,1,14,0,6,6301.94,,504.16,504.16,201404,202203,170,11937.34
873935140132,1,22/06/1956,67,6,2,2,1,,,,,,201402,202306,95,40817.60999999999
874022920102,1,16/01/1965,58,5,2,19,1,6,107.44,,82,82,201408,202306,921,86203.88
874062620132,1,25/09/1975,47,4,1,2,1,,,,,,201406,202306,306,15193.52
874069510102,1,03/09/1962,60,5,2,24,0,,,,,,201407,202302,473,15471.75
874169320102,1,05/09/1962,60,5,,19,0,6,4396.27,219.81,351.7,571.51001,201612,201612,5,571.51
874278190102,1,19/09/1963,59,5,1,19,1,,,,,,201405,202306,619,67344.37
874302700125,1,01/04/1970,53,4,1,2,0,,,,,,201404,201904,501,9131.07
874475460145,1,18/09/1987,35,3,1,2,0,6,1033.03,51.65,82.64,134.29001,201511,201707,4,231.79
874499040125,1,12/10/1971,51,4,2,24,0,,,,,,201705,201805,315,3889.51
874738890109,1,20/10/1970,52,4,2,2,1,6,685.22,,82,82,201512,202306,227,34093.23
874813660125,1,20/07/1972,50,4,1,24,1,,,,,,201402,202306,391,32959.17
874938560104,1,23/12/1977,45,4,2,17,0,,202.39,37.5,60,97.5,201402,201404,238,292.5
875489690115,1,14/06/1973,50,4,1,14,1,,,,,,201404,202306,435,46879.03
875648950102,1,22/02/1965,58,5,2,19,0,3,8210.76,410.54,656.86,1067.4,201406,201507,22,3405.05
875869220115,1,07/03/1978,45,4,2,14,0,,2162.97,108.15,173.04,281.19,201404,202009,197,13403.19
875871390115,1,03/02/1976,47,4,2,14,1,,885.6900000000001,,82,82,201405,202306,356,48230.35000000001
875940750102,1,20/04/1969,54,4,1,19,0,6,13975.31,,1118.02,1118.02,201406,202212,63,14905.69
875945120102,1,11/11/1970,52,4,1,19,0,6,5754.85,,460.39,460.39001,201406,202212,66,8940.530000000001
876099710132,1,22/04/1965,58,5,2,2,0,6,1329.11,66.45999999999999,106.33,172.78999,201802,201804,296,792.27
876133020115,1,12/03/1970,53,4,1,14,1,,,,,,201404,202306,202,38162.67999999999
876176450115,1,28/04/1978,45,4,,14,0,,,,,,201504,201511,10,1069.61
876441840132,1,04/07/1966,56,5,2,2,1,,1581.54,,126.52,126.52,201402,202306,297,16731.72000000002
876463110132,1,06/05/1953,70,6,1,2,0,6,116.84,46.5,74.40000000000001,120.9,201406,201912,131,12728.1
876667260141,1,30/01/1983,40,3,,2,0,6,259.4,42.5,68,110.5,201707,201707,1,110.5
876808940102,1,17/11/1966,56,5,1,19,0,,,,,,201707,201709,137,328.04
877061760132,1,19/01/1965,58,5,1,2,1,,,,,,202006,202306,663,3664.85
877273670132,1,04/07/1955,67,6,2,2,0,,9046,452.3,723.68,1175.98,201403,202010,464,25198.7
877422260160,1,22/09/1989,33,2,1,14,1,6,444.9,,82,82,201704,202306,89,31331
877494010132,1,29/09/1957,65,6,2,2,1,,109.46,,82,82,201405,202306,604,117087.9
877571030132,1,06/02/1959,64,5,2,2,1,1,1508.64,,120.69,120.69,201407,202306,854,312187.25
877571170132,1,04/08/1956,66,6,1,2,1,6,609.11,,82,82,201402,202306,1016,79542.11000000002
878090600132,1,27/01/1962,61,5,2,,1,6,457.03,,82,82,201402,202306,594,50215.49000000002
878173420125,1,25/07/1973,49,4,2,24,0,6,4303.29,,344.26,344.26001,201811,202302,405,32594.41
878249680108,1,14/01/1962,61,5,4,2,0,6,14316.53,715.83,1145.32,1861.15,201405,201505,122,18806.98
878273410144,1,29/07/1987,35,3,,13,0,6,4203.06,210.15,336.24,546.39001,201406,201706,43,5826.110000000001
878987160121,1,18/09/1960,62,5,2,10,1,6,722.8,,82,82,201701,202306,302,8251.200000000001
879303450125,1,03/07/1975,47,4,1,2,0,6,494.56,42.5,68,110.5,201404,201705,198,12619.23
879461500102,1,23/08/1969,53,4,2,19,1,,,,,,201402,202306,712,14415.3
879571540144,1,08/08/1987,35,3,1,14,0,6,1795.06,89.75,143.6,233.35001,201902,201905,2,233.35
879582650132,1,15/05/1956,67,6,2,2,1,6,4252.14,,340.17,340.17001,201402,202306,679,72339.43000000001
879623390132,1,10/02/1965,58,5,2,2,1,6,2833.8,,226.7,226.7,201405,202306,975,130412.71
879636750132,1,06/02/1952,71,6,1,2,0,,,,,,201405,201503,384,1837.79
879680390121,1,26/01/1962,61,5,2,10,1,6,819.8,,82,82,201405,202306,565,77169.57000000001
879899710100,1,01/08/1974,48,4,,,0,6,10324.47,516.22,825.96,1342.1799,201402,202111,294,36946.24000000001
879996270100,1,11/08/1967,55,5,4,17,0,,,,,,201404,201504,46,3086.27
880061610116,1,10/05/1978,45,4,,13,0,6,4771.23,238.56,381.7,620.26001,201405,201407,7,717.76
880100780145,1,30/06/1989,34,2,,24,0,6,7821.99,391.1,625.76,1016.86,202204,202206,10,2274.76
880296440132,1,13/08/1966,56,5,2,2,0,,,,,,201407,201802,259,19570.73
880435730143,1,27/05/1981,42,3,1,19,0,6,647.85,42.5,68,110.5,201708,201710,49,221
880540600125,1,29/08/1967,55,5,2,24,1,6,635.36,,82,82,201404,202306,716,67579.62000000001
880540610132,1,18/09/1955,67,6,1,2,0,,4063.69,,325.1,325.10001,201402,202305,866,117650.09
880921620102,1,14/03/1971,52,4,,19,0,,,,,,201505,201702,20,1703
881153690132,1,29/10/1964,58,5,2,2,1,6,4000.92,,320.07,320.07001,201405,202306,586,68006.85000000001
881423480132,1,22/10/1963,59,5,2,2,1,3,3644.55,,291.56,291.56,201407,202306,432,90952.01999999993
882057920130,1,09/11/1958,64,5,2,4,1,,652.17,,82,82,201403,202306,1106,116781.5
882102730132,1,26/10/1963,59,5,1,2,1,,,,,,201405,202306,472,31225.86
882298460130,1,10/03/1959,64,5,1,4,1,6,1733.07,,138.65,138.64999,201405,202306,583,94383.08000000002
882356680106,1,06/10/1952,70,6,2,14,0,6,47753.18,2387.66,3820.25,6207.9102,201504,202012,570,93005.52000000002
882375810130,1,19/03/1961,62,5,4,17,1,,326.09,,82,82,201608,202306,413,24572.33
882432010121,1,06/05/1970,53,4,1,10,0,6,11409.45,570.47,912.76,1483.23,201408,202104,556,43029.35
882471080140,1,09/02/1979,44,3,1,17,1,6,349.53,,82,82,201404,202306,236,45575.76
882563830132,1,16/05/1956,67,6,2,2,1,1,155.85,,82,82,201402,202306,820,97773.98000000001
882615680141,1,14/09/1978,44,3,1,2,0,,,,,,201504,201903,29,2186.66
882672290132,1,01/10/1964,58,5,2,2,1,,1125.75,,90.06,90.059998,201405,202306,185,22919.13999999999
882679590145,1,09/04/1989,34,2,,2,0,3,888.3,46.5,74.40000000000001,120.9,201707,201807,19,1995.46
882698980125,1,04/03/1964,59,5,2,24,0,,,,,,201404,202211,413,27508.55999999999
882932040100,1,26/03/1975,48,4,1,2,1,,,,,,201511,202306,65,6843.4
882956780125,1,16/03/1974,49,4,1,19,0,,,,,,201402,202303,454,23101.97
882957700176,1,13/10/1994,28,2,1,12,1,,,,,,202205,202306,14,1660.97
883036700141,1,27/03/1983,40,3,1,2,0,6,935.59,46.78,74.84999999999999,121.63,201403,201403,41,121.63
883052880121,1,17/08/1957,65,6,2,10,1,6,748.46,,82,82,201405,202306,712,74089.37000000001
883075580125,1,01/03/1977,46,4,2,24,0,,,,,,201505,202212,290,21832.14
883578080143,1,06/07/1986,36,3,,19,0,,,,,,201506,201611,16,1137.5
883604970102,1,27/09/1973,49,4,1,19,1,,,,,,201408,202306,235,16215.53
883662690130,1,27/09/1972,50,4,1,17,1,,,,,,201404,202306,385,38109.93000000001
884011190132,1,11/08/1965,57,5,1,,1,,1920.14,,153.61,153.61,201405,202306,561,99420.83000000002
884081600170,1,06/11/1990,32,2,1,14,0,,2196.59,109.83,175.73,285.56,202006,202011,4,3735.43
884198270132,1,25/09/1965,57,5,1,2,1,,,,,,201404,202306,333,31440.25
884281520117,1,08/10/1965,57,5,2,12,1,6,1014.04,,82,82,201407,202306,530,56153.09
884306250115,1,09/10/1970,52,4,1,14,0,6,643.93,37.5,60,97.5,201405,201407,41,680.99
884470000102,1,20/12/1971,51,4,,19,0,1,6514.42,325.72,521.15,846.87,201406,201506,16,3423.55
884558930115,1,07/04/1974,49,4,2,14,1,6,1585.43,,126.83,126.83,201404,202306,339,69805.11000000004
884572780115,1,24/03/1974,49,4,2,14,1,,,,,,202205,202306,300,4953.799999999999
884576750142,1,12/06/1983,40,3,1,2,0,,,,,,201505,201507,13,159.14
884577870140,1,27/11/1980,42,3,1,2,0,,,,,,201711,201803,80,221
884642910132,1,01/10/1965,57,5,1,2,1,,,,,,201405,202306,200,15767.67
884807460132,1,27/07/1962,60,5,1,2,0,3,1572.12,78.61,125.77,204.38,201511,201601,211,399.38
885016630132,1,27/05/1959,64,5,1,2,1,,,,,,201402,202306,564,56198.33
885068510142,1,19/02/1985,38,3,1,2,1,6,21.91,,82,82,202306,202306,1,82
885116990118,1,07/08/1962,60,5,1,19,1,6,1949.72,,155.98,155.98,201406,202306,485,89947.82000000001
885166290102,1,10/11/1973,49,4,1,19,0,6,7278.94,363.95,582.3200000000001,946.27002,201504,201612,278,3295.01
885252550115,1,07/02/1969,54,4,2,14,1,6,1773.97,,141.92,141.92,201402,202306,517,89337.03
885267460115,1,28/12/1971,51,4,1,14,1,,,,,,201404,202306,510,40362.38
885267710141,1,12/11/1982,40,3,1,2,0,,8070.4,403.52,645.63,1049.15,201707,202103,138,6678.809999999999
885348620115,1,27/04/1975,48,4,1,14,1,6,1245.16,,99.61,99.610001,201405,202306,590,67825.21000000001
885650810121,1,06/02/1967,56,5,2,10,1,6,419.77,,82,82,201407,202306,486,75851.32000000001
885725320132,1,28/11/1956,66,6,1,12,1,,,,,,201402,202306,749,37162.78999999999
885736600102,1,07/11/1975,47,4,1,19,0,,,,,,201506,201702,25,1560
885736890102,1,23/08/1968,54,4,,19,0,6,5037.76,251.89,403.02,654.90997,201406,201507,22,2830.96
885762140132,1,03/09/1956,66,6,2,2,1,,1922.02,,153.76,153.75999,201405,202306,945,159883.37
885788090132,1,26/11/1959,63,5,1,2,1,,,,,,201404,202306,747,31248.09
885917410121,1,02/05/1968,55,5,2,10,1,6,419.77,,82,82,201407,202306,634,83541.70000000001
885946680132,1,25/09/1966,56,5,1,2,1,6,1255.95,,100.48,100.48,201405,202306,331,101714.84
886106270115,1,06/09/1975,47,4,1,14,0,,,,,,201403,201708,267,13506.94
886281340115,1,27/10/1958,64,5,1,14,1,6,540.43,,82,82,201402,202306,451,64755.76000000001
886505720102,1,08/06/1974,49,4,1,19,1,6,627.39,,82,82,201402,202306,620,68815.56
886508840121,1,25/03/1971,52,4,2,10,1,6,297.82,,82,82,201406,202306,433,89112.90000000001
886654400132,1,14/11/1957,65,6,1,2,0,5,2685.71,134.29,214.86,349.14999,201606,201701,256,1946.16
886655670143,1,09/01/1981,42,3,2,19,1,6,2361.64,,188.93,188.92999,201402,202306,608,30928.99
886732260132,1,14/08/1957,65,6,2,2,1,6,765.29,,82,82,201406,202306,506,41394.89000000001
886931720103,1,03/11/1968,54,4,1,24,1,6,594.95,,82,82,201402,202306,605,73451.93000000001
886970650132,1,19/10/1965,57,5,1,2,0,6,2545.79,127.29,203.66,330.95001,201404,202207,95,4281.45
886999890132,1,04/05/1967,56,5,1,2,1,6,3593.69,,287.5,287.5,201405,202306,629,73700.96000000001
887109570176,1,04/07/2001,21,1,,2,0,6,906.7,51.25,82,133.25,202206,202207,3,266.5
887259940132,1,09/09/1972,50,4,2,2,1,,,,,,201405,202306,267,23364.99
887285780121,1,12/12/1971,51,4,1,10,0,,,,,,201405,202305,299,45220.89000000001
887310120132,1,06/03/1970,53,4,1,2,0,,,,,,201405,202001,104,16380.14
887430150121,1,08/02/1975,48,4,2,10,1,6,57.24,,82,82,201707,202306,71,15239.82
887455990121,1,03/09/1970,52,4,1,10,0,,,,,,201404,202305,308,46094.2
887543240121,1,30/11/1971,51,4,2,10,0,6,6877.52,343.88,550.2,894.08002,201407,201511,186,9118.75
887554550132,1,27/05/1972,51,4,2,2,1,5,927.84,,82,82,201406,202306,580,53870.64
887567690132,1,15/09/1969,53,4,2,2,1,6,188.51,,82,82,201402,202306,514,73546.73000000003
887939770103,1,31/05/1971,52,4,1,19,0,5,850,42.5,68,110.5,201504,201612,24,859.3
888273140102,1,17/06/1974,49,4,2,19,0,6,5887.82,294.39,471.03,765.42004,201406,201507,22,2842.1
888420130132,1,31/05/1958,65,6,1,2,1,6,1673,,133.84,133.84,201402,202306,455,44435.20000000001
888523850117,1,09/03/1962,61,5,2,2,1,,,,,,201404,202306,501,53396.56999999999
888564630132,1,16/08/1969,53,4,2,,1,,208.68,,82,82,201404,202306,405,80273.10000000001
888608190132,1,14/10/1964,58,5,1,2,0,,,,,,201406,201911,359,42076.87000000001
888914000143,1,11/10/1984,38,3,1,19,0,,,,,,201506,201702,25,1560
889072960132,1,25/04/1959,64,5,1,2,0,6,415.09,46.5,74.40000000000001,120.9,201706,201804,132,231.4
889133300140,1,27/12/1980,42,3,1,14,0,6,3831.1,191.56,306.49,498.04999,201404,201911,157,9514.629999999999
889216660102,1,13/10/1976,46,4,1,2,0,,71.29000000000001,42.5,68,110.5,201707,201803,71,965.5699999999999
889432050108,1,09/01/1963,60,5,1,2,0,,,,,,201504,201803,129,110.5
889934610132,1,26/08/1964,58,5,1,2,1,6,1787.9,,143.03,143.03,201402,202306,255,69253.25000000001
889950950103,1,28/07/1977,45,4,1,19,0,6,13975.31,,1118.02,1118.02,201406,202212,57,14387.59
890026470132,1,13/04/1958,65,6,2,2,1,6,3384.02,,270.72,270.72,201402,202306,1064,62807.77000000002
890232830132,1,23/09/1968,54,4,1,2,1,6,4427.87,,354.23,354.23001,201402,202306,706,77606.33000000002
890286240142,1,23/03/1985,38,3,,10,0,,,,,,201405,201701,6,195
890501080143,1,21/11/1979,43,3,1,14,0,,,,,,201904,202205,54,7732.91
890609920132,1,29/08/1962,60,5,,2,0,,1506.42,75.31999999999999,120.51,195.83,201405,201512,372,727.1700000000001
891111530132,1,15/03/1968,55,5,2,2,1,6,3156.01,,252.48,252.48,201407,202306,577,84215.68000000001
891191210132,1,15/05/1968,55,5,2,2,1,6,530.4400000000001,,82,82,201404,202306,547,54272.50000000001
891309910132,1,19/12/1967,55,5,1,2,1,6,5642.18,,451.37,451.37,201402,202306,544,97418.73000000003
891415970132,1,10/11/1967,55,5,2,2,0,6,188.69,46.5,74.40000000000001,120.9,201402,202204,537,34432.42000000001
891502010132,1,31/01/1969,54,4,2,2,1,6,692.7,,82,82,201405,202306,346,47128.05
891517730132,1,24/04/1967,56,5,1,2,1,,,,,,201405,202306,267,3988.16
891549830132,1,24/10/1968,54,4,1,2,0,,,,,,201404,201902,570,16717.83
891582010132,1,17/11/1967,55,5,1,2,0,2,3826.1,,306.09,306.09,201503,202302,355,11038.08
891653750132,1,24/10/1968,54,4,2,2,1,,296.63,,82,82,201405,202306,767,80317.78
892069160132,1,09/07/1967,55,5,2,2,1,,,,,,201405,202306,191,16079.81
892069700132,1,08/12/1969,53,4,1,2,0,,,,,,201705,202107,60,1026.24
892091850132,1,29/12/1969,53,4,1,2,1,6,562.26,,82,82,201405,202306,432,63460.46000000001
892104890132,1,15/12/1969,53,4,1,2,1,6,3933.17,,314.65,314.64999,201402,202306,497,58214.84
892144830132,1,19/03/1967,56,5,1,2,0,,,,,,202010,202112,180,395.98
892151540132,1,20/11/1967,55,5,1,2,1,,326.09,,82,82,201403,202306,327,27070.79
892247280132,1,15/11/1969,53,4,1,2,1,2,116.9,,82,82,201402,202306,519,58014.50000000001
892411700132,1,07/08/1967,55,5,1,2,1,6,1191.43,,95.31,95.309998,201402,202306,463,57706.36000000001
892658820132,1,31/10/1970,52,4,1,2,1,6,239.48,,82,82,201405,202306,543,34787.64
892840090170,1,27/09/1996,26,2,,19,0,6,5259.46,262.97,420.76,683.72998,201504,201506,10,1957.66
893093270140,1,26/04/1981,42,3,1,14,0,6,5342.4,267.12,427.39,694.51001,201404,202106,145,9190.459999999999
893267350132,1,23/11/1969,53,4,1,,1,6,355.29,,82,82,201402,202306,546,52406.66000000002
893347950132,1,13/01/1972,51,4,1,2,1,,,,,,201404,202306,330,9154.259999999998
893434630132,1,03/09/1960,62,5,3,2,1,6,2575.43,,206.03,206.03,201405,202306,976,77917.84
893498200117,1,29/09/1962,60,5,1,12,1,6,804.05,,82,82,201405,202306,654,96790.81
893588640132,1,15/09/1959,63,5,1,2,0,,3016.3,150.82,241.3,392.12,201911,202006,232,513.02
893672840132,1,19/08/1962,60,5,2,2,1,6,4252.14,,340.17,340.17001,201402,202306,640,69180.80000000002
893696400132,1,02/04/1971,52,4,1,2,0,,,,,,201812,201912,69,5678.889999999999
893705730132,1,03/09/1965,57,5,1,2,1,6,591.76,,82,82,201504,202306,399,37049.49999999999
893746190132,1,24/09/1968,54,4,2,2,1,,,,,,201405,202306,331,23962.77
893756720132,1,04/05/1969,54,4,1,2,1,1,2334.51,,186.76,186.75999,201406,202306,797,242254.34
893763970132,1,01/10/1962,60,5,2,2,1,,,,,,201404,202306,450,64700.64000000001
893846360132,1,30/08/1971,51,4,2,2,1,6,1434.72,,114.78,114.78,201406,202306,509,63865.55999999999
893855660132,1,17/09/1971,51,4,2,2,1,,164.75,,82,82,201606,202306,487,51422.52999999999
893974640132,1,01/07/1972,50,4,1,2,1,,,,,,201405,202306,272,46091.64000000001
894150210132,1,30/05/1969,54,4,2,2,1,6,627.39,,82,82,201403,202306,524,64179.39
894264190132,1,03/12/1973,49,4,2,2,1,3,1790.99,,143.28,143.28,201405,202306,660,57026.66000000001
894277550132,1,17/02/1974,49,4,1,2,0,,,,,,201404,201704,294,10139.83
894360080141,1,12/07/1979,43,3,1,14,1,3,2858.41,,228.67,228.67,201402,202306,528,78198.50999999997
894707690132,1,15/07/1974,48,4,2,2,1,4,5187.54,,415,415,201503,202306,277,82832.94999999998
894839170132,1,08/01/1973,50,4,1,2,1,,,,,,201403,202306,372,7216.63
894870510132,1,19/01/1976,47,4,2,2,1,6,6361.57,,508.93,508.92999,201406,202306,270,84141.35000000001
895212420132,1,01/10/1976,46,4,1,2,0,,658.98,,82,82,201402,202303,381,70924.26000000001
895235410144,1,16/03/1988,35,3,1,19,0,6,2643.58,132.18,211.49,343.66998,201504,201506,2,343.67
895365510132,1,01/11/1973,49,4,,2,0,,,,,,201511,201904,215,1981.38
895368600132,1,18/12/1959,63,5,2,2,1,1,2367.47,,189.4,189.39999,201406,202306,849,125438.51
895458750132,1,31/07/1969,53,4,2,2,1,6,70.34,,82,82,201506,202306,268,24057.18999999999
895499340132,1,12/03/1958,65,6,2,2,1,6,684.02,,82,82,201406,202306,147,48678.34999999999
895676010132,1,25/05/1972,51,4,2,2,1,4,3597.03,,287.76,287.76001,201406,202306,749,94462.89000000001
895713180144,1,18/02/1978,45,4,,14,0,6,3102.48,,248.2,248.2,201811,202301,55,8219.399999999998
895715670132,1,07/11/1976,46,4,1,2,0,,,,,,201405,201509,299,1260.85
895726900146,1,01/02/1992,31,2,1,2,0,,,,,,202011,202101,5,756.89
895842750132,1,01/06/1974,49,4,2,2,0,,3265.71,163.29,261.26,424.54999,201405,201811,264,32699.82999999999
896062710132,1,01/05/1973,50,4,2,2,0,,52148.71,2607.44,4171.9,6779.3398,201402,202006,747,89436.90000000002
896096990132,1,08/04/1973,50,4,2,2,0,,,,,,201405,201903,53,2358.18
896211940132,1,19/01/1975,48,4,1,2,1,,,,,,201405,202306,382,72529.93000000001
896503570132,1,05/03/1975,48,4,1,2,0,6,521.6900000000001,46.5,74.40000000000001,120.9,201904,201907,127,1799.32
896660100132,1,11/08/1975,47,4,1,2,0,,,,,,201511,201611,110,97.5
896775750142,1,14/05/1985,38,3,1,19,0,,,,,,201406,202211,32,11645.28
896814560132,1,11/05/1975,48,4,1,2,1,5,1953.23,,156.26,156.25999,201404,202306,654,77899.44
897009540132,1,29/12/1975,47,4,2,2,1,,,,,,201405,202306,476,93180.52
897009990132,1,07/02/1976,47,4,1,2,1,6,2856.1,,228.49,228.49001,201405,202306,611,116754.9
897105850132,1,24/03/1976,47,4,1,2,1,,,,,,201504,202306,93,13373.87
897144460132,1,09/10/1974,48,4,1,2,0,,,,,,201612,202207,139,14924.01
897233880132,1,18/08/1975,47,4,2,2,1,4,2125.02,,170,170,201405,202306,406,49862.73
897386930132,1,01/08/1976,46,4,1,2,0,,,,,,201402,201705,393,22028.47
897433630132,1,21/08/1976,46,4,1,2,0,,,,,,201402,202204,152,8998.16
897435220132,1,28/02/1976,47,4,1,2,1,6,5993.49,,479.48,479.48001,201402,202306,454,164442.9399999999
897619070140,1,29/03/1980,43,3,1,14,1,6,1676.46,,134.12,134.12,201402,202306,293,80072.37000000002
897752390132,1,18/03/1967,56,5,4,2,1,1,3569.11,,285.53,285.53,201402,202306,673,212248.04
897782690132,1,04/04/1973,50,4,1,2,1,4,3566.13,,285.29,285.29001,201503,202306,319,87951.51999999997
898101560132,1,20/09/1977,45,4,1,14,1,6,1104.31,,88.34,88.339996,201405,202306,542,151695.82
898384240132,1,16/02/1976,47,4,2,2,0,6,931.25,,82,82,201606,202301,259,12992.49
898790960132,1,19/04/1971,52,4,1,2,1,,,,,,201404,202306,347,40728.25000000001
898912250132,1,10/02/1971,52,4,1,2,1,,2513.06,,201.04,201.03999,201403,202306,340,55536.27
898950200132,1,06/08/1977,45,4,2,2,1,,2537.06,,202.96,202.96001,201405,202306,560,84959.62000000005
899080470106,1,11/06/1960,63,5,1,14,0,6,1448.14,72.41,115.85,188.26001,201811,201811,2,188.26
899255190147,1,31/10/1993,29,2,1,19,1,,326.09,,82,82,201705,202306,82,22285.59
899845180144,1,08/12/1987,35,3,1,14,0,,,,,,202011,202101,8,1195.61
900343510143,1,20/06/1985,38,3,1,2,1,6,202.23,,82,82,201405,202306,147,13228.27
900690800116,1,22/02/1968,55,5,1,14,1,6,1239.59,,99.17,99.169998,201405,202306,647,88197.25000000003
900757330145,1,14/04/1988,35,3,1,19,1,,326.09,,82,82,201504,202306,108,28035.55999999999
900938730116,1,08/04/1970,53,4,1,14,1,6,2267.24,,181.38,181.38,201406,202306,553,101165.78
900986330116,1,20/09/1970,52,4,2,14,0,,3197.8,159.89,255.82,415.70999,201405,201811,495,56000.48
901171040145,1,24/03/1988,35,3,1,19,0,3,3887.82,194.39,311.03,505.42001,201406,201507,22,2582.1
901905450141,1,29/06/1981,42,3,1,14,0,6,327.58,,82,82,201406,202301,50,15071.21
902096620116,1,21/07/1977,45,4,2,14,1,6,627.39,,82,82,201612,202306,162,27641.72000000001
902194870144,1,20/01/1985,38,3,1,19,0,6,4814.21,,385.14,385.14001,201406,202301,69,16164.1
902358910116,1,12/03/1978,45,4,2,14,0,6,732.04,,82,82,201404,202302,528,40377.53
903092090142,1,21/07/1983,39,3,1,23,1,5,212.48,,82,82,201905,202306,67,18181.5
903167660118,1,04/11/1965,57,5,1,12,0,,,,,,201406,201509,369,9932.08
904042740108,1,21/02/1959,64,5,2,14,1,,2200,,176,176,201404,202306,589,99256.81999999998
90422703430713,1,12/12/1965,57,5,,14,0,,,,,,201505,201506,0,
904335160146,1,26/11/1989,33,2,1,19,0,6,1267.17,63.36,101.37,164.73,201402,201901,308,12812.51
905137110148,1,31/12/1992,30,2,,14,0,6,235.96,37.5,60,97.5,201502,201502,2,97.5
905357340145,1,23/09/1987,35,3,1,14,0,6,29405.38,1470.27,2352.43,3822.7,201402,202105,249,63427.21
905425490147,1,20/11/1986,36,3,1,14,0,,,,,,202005,202007,3,1141.76
905528380142,1,14/11/1982,40,3,2,2,1,6,20.55,,82,82,202212,202306,117,2172.86
905603650147,1,30/07/1991,31,2,1,13,0,6,2014.55,100.73,161.16,261.89001,201607,201612,10,809.86
907264270118,1,28/04/1968,55,5,1,2,1,,,,,,201402,202306,551,99280.09000000001
907695250147,1,07/07/1991,31,2,1,23,0,,,,,,201704,201705,3,315.12
908063310140,1,06/07/1977,45,4,1,19,1,6,2981.1,,238.49,238.49001,201405,202306,516,85729.68000000001
909715250147,1,27/06/1992,31,2,1,2,1,,,,,,201901,202306,45,16208.54
910031070132,1,25/06/1959,64,5,2,2,1,6,1480.96,,118.48,118.48,201405,202306,485,87595.51999999999
910064890173,1,17/08/1997,25,2,,14,0,,,,,,202005,202010,5,1543.16
910153480132,1,24/04/1964,59,5,2,2,0,6,3393.6,,271.49,271.48999,202301,202302,264,537.8199999999999
910181940141,1,03/11/1981,41,3,1,14,1,6,879.03,,82,82,201403,202306,348,48419.87
910229670140,1,03/04/1976,47,4,1,14,1,6,804.05,,82,82,201405,202306,465,108187.33
910404550132,1,09/01/1958,65,6,1,2,1,6,3998.21,,319.86,319.85999,201407,202306,488,68160.18000000001
910507360141,1,17/10/1981,41,3,,17,0,,,,,,201405,201705,23,1198.18
910805700132,1,29/05/1964,59,5,,18,0,,,,,,201404,201509,664,2801.11
910962890132,1,02/02/1968,55,5,2,2,1,6,77.92,,82,82,201402,202306,526,39782.59
911050730142,1,14/09/1983,39,3,1,2,0,,,,,,201606,201901,1,539.21
911706250132,1,20/02/1957,66,6,2,2,1,,,,,,201402,202306,807,50675.76
911754630132,1,07/09/1957,65,6,1,2,0,,,,,,201402,201610,453,97.5
912201330142,1,28/10/1983,39,3,1,19,0,5,1133.15,56.66,90.65000000000001,147.31,201404,201404,45,147.31
912266850132,1,23/09/1957,65,6,1,2,0,,,,,,201511,201706,123,724.7
912495890132,1,17/11/1970,52,4,1,24,0,,,,,,201407,202302,61,18813.1
912554470132,1,04/01/1972,51,4,1,2,0,,,,,,201405,202001,193,1578.08
912598810108,1,23/06/1966,57,5,2,14,1,6,249.13,,82,82,201408,202306,734,94297.30000000002
913040070132,1,22/05/1973,50,4,,14,0,,,,,,201404,202305,312,34090.12
913189870141,1,19/10/1981,41,3,1,26,1,6,21.91,,82,82,201901,202306,112,20789.21
913266020132,1,01/11/1973,49,4,1,2,1,6,1633.03,,130.64,130.64,201405,202306,570,89508.94000000002
913684190118,1,07/01/1974,49,4,2,12,1,2,190.38,,82,82,201605,202306,231,13828.63
913684430146,1,19/06/1987,36,3,1,10,0,6,801.6900000000001,46.5,74.40000000000001,120.9,202007,202008,9,241.8
913691200132,1,25/02/1975,48,4,2,2,1,6,703.22,,82,82,201406,202306,309,67032.61000000003
913959550140,1,28/05/1977,46,4,1,12,0,6,3902.52,195.13,312.2,507.33002,201612,201701,45,980.25
914380430118,1,05/08/1974,48,4,1,2,1,6,2891.99,,231.36,231.36,201405,202306,414,64932.36000000002
914547440148,1,10/07/1988,34,2,1,2,0,,,,,,201506,202207,67,8267.150000000001
914652320140,1,15/11/1969,53,4,1,2,1,6,347.2,,82,82,201405,202306,380,78637.60000000003
914928890141,1,12/09/1980,42,3,2,14,1,,,,,,201403,202306,357,42244.86
915708610141,1,22/11/1981,41,3,1,19,0,,,,,,201901,202202,176,6054.21
916039330118,1,27/02/1976,47,4,1,12,1,,,,,,201402,202306,237,18718.79
916144500140,1,15/01/1979,44,3,2,2,1,,,,,,201504,202306,66,4096.93
916599990118,1,27/11/1975,47,4,1,12,1,6,192.32,,82,82,201402,202306,467,51825.3
917150890143,1,15/09/1985,37,3,2,2,0,6,12455.5,622.78,996.4400000000001,1619.22,201404,202111,141,47190.42
917206860146,1,13/01/1990,33,2,1,14,0,,,,,,201606,202212,93,11640.13
918205870142,1,27/08/1983,39,3,1,14,1,,,,,,201405,202306,159,31987.77
918214470180,1,15/01/1977,46,4,1,2,0,,,,,,201612,202106,33,483.94
918305670141,1,18/11/1980,42,3,1,2,0,6,1457.07,72.84999999999999,116.57,189.42,201407,202207,45,6056.76
918558990143,1,02/10/1985,37,3,1,2,0,,,,,,201403,201704,68,6661.58
918603770119,1,08/10/1962,60,5,,12,1,,,,,,201402,202306,432,18805.23
918635300147,1,06/06/1990,33,2,1,2,0,6,526.58,42.5,68,110.5,201611,201612,2,110.5
918735410145,1,26/07/1988,34,2,1,14,0,,570.8200000000001,42.5,68,110.5,201511,201606,5,938.0899999999999
918846570143,1,30/09/1985,37,3,1,19,1,6,2981.1,,238.49,238.49001,201405,202306,422,93953.35000000001
919100670143,1,16/03/1984,39,3,1,14,0,,,,,,201406,201601,9,1334.31
919612820118,1,06/06/1956,67,6,2,2,1,,4744.63,,379.57,379.57001,201402,202306,797,182241.01
919744030142,1,24/08/1981,41,3,1,24,0,,,,,,201503,201802,38,397.25
919809180141,1,22/12/1981,41,3,1,14,0,6,175.97,,82,82,201402,202302,166,22824.22
920344180107,1,04/11/1962,60,5,2,2,1,,109.46,,82,82,201405,202306,607,97836.74999999997
920411320171,1,30/04/1991,32,2,1,2,0,6,305.77,37.5,60,97.5,201407,201408,3,291.85
920546960140,1,23/06/1979,44,3,1,2,0,6,1112,,88.95999999999999,88.959999,202006,202302,12,4773.75
920554860180,1,13/08/1974,48,4,1,2,0,,,,,,202105,202106,1,120.9
920661680180,1,05/11/1977,45,4,1,2,0,6,170.13,42.5,68,110.5,201404,201803,43,2669.61
920669470141,1,25/10/1981,41,3,1,14,1,,,,,,201403,202306,321,67472.17
920697820142,1,05/01/1984,39,3,1,14,0,6,872.87,43.64,69.83,113.47,201404,201511,5,210.97
920816020118,1,17/08/1975,47,4,1,2,1,6,579.67,,82,82,201407,202306,287,82426.40000000001
920900500142,1,04/04/1982,41,3,1,19,0,,,,,,201611,201612,3,137
920974640119,1,09/02/1962,61,5,1,12,0,,,,,,201405,201807,129,1638.55
921032480147,1,31/10/1981,41,3,1,2,0,6,2994.93,,239.59,239.59,201504,202301,159,9760.09
921137540143,1,07/04/1985,38,3,1,19,0,6,7060.82,353.04,564.87,917.91003,201406,201507,22,3352.360000000001
921196940142,1,18/01/1984,39,3,,14,0,6,1838.62,91.93000000000001,147.09,239.02,201405,201707,94,4515.95
921309000144,1,09/07/1976,46,4,1,13,0,6,2236,111.8,178.88,290.67999,201607,201607,4,290.68
922189780141,1,14/05/1980,43,3,2,17,0,,,,,,201406,201712,127,2305.47
922925650119,1,07/06/1962,61,5,1,13,0,6,2782.68,,222.61,222.61,201607,202212,74,7651.58
923011470100,1,04/03/1967,56,5,1,2,1,,,,,,201606,202306,58,8522.009999999998
923253950147,1,20/04/1991,32,2,1,19,0,,,,,,201402,202101,129,5751.390000000001
923368600100,1,28/09/1965,57,5,1,14,0,6,12764.57,638.23,1021.17,1659.4,201504,201604,25,6201.200000000001
923434950142,1,09/12/1983,39,3,,10,0,6,5716.08,285.8,457.29,743.08997,202105,202203,5,1314.75
923633080143,1,04/10/1985,37,3,1,14,1,3,1517.87,,121.43,121.43,201507,202306,187,20190.08
923726980142,1,22/12/1983,39,3,1,19,0,,,,,,201407,201602,115,
923852180146,1,28/03/1990,33,2,1,2,1,6,2877.85,,230.23,230.23,201910,202306,28,16536.39
923975910147,1,23/07/1991,31,2,1,12,1,6,3990.4,,319.23,319.23001,201811,202306,74,44594.86
924901690180,1,08/11/1970,52,4,1,2,0,6,5398.22,269.91,431.86,701.77002,201404,202107,241,11534.03
924945010180,1,06/09/1977,45,4,1,2,0,,,,,,201404,202111,190,17786.56
925214330140,1,27/11/1977,45,4,2,14,0,,,,,,201403,202302,226,27702.73
925278800140,1,03/08/1979,43,3,2,19,1,6,1072.15,,85.77,85.769997,201905,202306,302,29198.79
925365810145,1,27/07/1988,34,2,1,19,1,,326.09,,82,82,201402,202306,223,28120.84999999999
925537630119,1,12/04/1975,48,4,2,14,1,,1253.25,,100.26,100.26,201612,202306,195,29283.65999999999
925874170119,1,04/11/1976,46,4,1,12,0,,,,,,201508,201806,8,818.87
926025420122,1,16/10/1964,58,5,2,10,1,6,1223.5,,97.88,97.879997,201406,202306,642,65935.02
926040400142,1,23/01/1984,39,3,2,10,1,6,98.67,,82,82,201402,202306,293,78730.02000000002
926046540133,1,13/11/1971,51,4,1,2,0,,,,,,202005,202008,193,3110.95
926112390133,1,12/03/1971,52,4,1,2,0,,,,,,201403,201610,287,3134
926141000133,1,25/05/1972,51,4,1,2,1,6,51.58,,82,82,201402,202306,328,53451.58
926155720140,1,10/05/1979,44,3,1,19,0,6,5754.85,,460.39,460.39001,201406,202212,57,8121.970000000001
926315020133,1,29/04/1970,53,4,2,2,1,6,433.38,,82,82,201402,202306,578,68959.65000000001
926329440141,1,15/11/1981,41,3,,2,0,6,357.21,37.5,60,97.5,201404,201506,54,3137.76
926376340133,1,10/02/1972,51,4,2,2,0,,,,,,202012,202112,16,6012.46
926410680133,1,24/07/1971,51,4,2,2,1,,,,,,201404,202306,513,57343.47000000002
926523640140,1,13/01/1978,45,4,1,2,0,6,3589.9,179.5,287.19,466.69,201403,201607,83,5776.039999999999
926881070180,1,28/03/1968,55,5,1,13,1,6,313.08,,82,82,201405,202306,252,46192.69
926926620148,1,18/05/1989,34,2,1,19,0,6,1657.97,82.90000000000001,132.64,215.54001,201405,201405,2,215.54
927747470148,1,18/05/1994,29,2,1,10,0,,,,,,201705,201807,5,685.64
928340680122,1,11/11/1973,49,4,1,10,0,,,,,,201404,201911,245,17883.39
928364940143,1,16/06/1983,40,3,1,14,1,,,,,,201404,202306,66,11640.43
928371070180,1,23/03/1979,44,3,1,14,0,,,,,,201404,202305,255,41473.35999999999
928622010142,1,26/02/1984,39,3,,10,0,,,,,,201601,201608,6,107.69
928643340140,1,08/09/1979,43,3,2,2,1,3,2659.25,,212.74,212.74001,201504,202306,277,83480.39000000001
928704580145,1,10/06/1988,35,3,,19,0,,,,,,201711,202006,84,5876.360000000001
928860050146,1,09/07/1984,38,3,1,14,0,6,43.93,46.5,74.40000000000001,120.9,202104,202104,1,120.9
928866460122,1,30/12/1969,53,4,1,10,1,,,,,,201805,202306,420,14199.46
929120300147,1,20/04/1987,36,3,1,2,0,,,,,,201907,202105,2,521.0599999999999
929275250180,1,20/12/1976,46,4,,21,0,,,,,,201904,201907,8,530.4
929506290122,1,08/04/1971,52,4,2,10,0,,,,,,202006,202107,15,4731.219999999999
929837980115,1,14/03/1976,47,4,1,14,0,,,,,,201801,201909,1,231.4
929840100144,1,10/01/1979,44,3,1,2,0,,,,,,201405,202009,96,6367.24
929942870101,1,12/01/1974,49,4,1,17,0,,,,,,201405,201804,269,23390.42
930478550140,1,12/09/1979,43,3,1,2,1,6,1005.85,,82,82,202011,202306,43,21725.54
930816400143,1,16/11/1985,37,3,2,14,0,,,,,,201404,201411,74,352.09
931572440141,1,19/05/1980,43,3,2,2,0,,,,,,201405,202305,228,61061.49000000001
931734700180,1,07/10/1970,52,4,1,2,0,6,1354.17,67.70999999999999,108.33,176.03999,201405,201907,46,1622.27
931920490143,1,11/10/1985,37,3,1,14,0,,,,,,201405,202201,266,24097.27
932146620103,1,28/09/1955,67,6,2,19,1,,4066.98,,325.36,325.35999,201406,202306,443,36634.01999999998
932213860107,1,03/09/1964,58,5,2,24,1,,,,,,201404,202306,928,69445.27
932321430100,1,22/08/1970,52,4,2,19,1,,,,,,201402,202306,572,19975.41999999999
932445350142,1,25/02/1984,39,3,1,2,0,,,,,,201611,201903,56,3643.490000000001
932465180100,1,07/02/1957,66,6,2,23,1,6,8099.97,,648,648,201405,202306,774,145970.2999999999
932661250143,1,08/10/1979,43,3,1,2,0,,,,,,201512,201705,3,418.91
932782390143,1,25/11/1985,37,3,2,2,1,,,,,,202301,202306,5,809.4100000000001
932917310141,1,10/05/1982,41,3,1,2,1,6,2542.77,,203.42,203.42,201402,202306,251,77646.87
932923900119,1,04/08/1974,48,4,2,12,1,6,890.48,,82,82,201406,202306,414,60558.40999999999
933285070142,1,14/04/1981,42,3,1,2,1,6,708.35,,82,82,201504,202306,201,29460.15
933308990141,1,09/08/1981,41,3,,2,0,,,,,,201711,201805,7,656.4399999999999
933667570142,1,17/05/1983,40,3,1,24,1,,,,,,201507,202306,104,14876.67
933834870142,1,09/02/1984,39,3,1,2,0,6,759.85,46.5,74.40000000000001,120.9,202011,202107,20,4063.51
933863440180,1,06/09/1979,43,3,1,2,1,6,1966.98,,157.36,157.36,201405,202306,454,107693.47
935208280140,1,20/03/1979,44,3,2,2,1,6,217.15,,82,82,201405,202306,273,40388.82
935623990103,1,17/04/1965,58,5,2,19,1,6,98.67,,82,82,201402,202306,292,61383.10000000001
935770200147,1,28/04/1992,31,2,1,13,0,6,1000,50,80,130,201801,201801,4,130
936160800173,1,07/07/1999,23,1,,2,0,,,,,,202112,202201,1,124.72
936215080103,1,24/05/1969,54,4,1,19,1,5,395.04,,82,82,201403,202306,676,44677.53
936240550175,1,16/11/1997,25,2,,17,0,,,,,,201908,202012,1,241.8
936441490146,1,25/05/1990,33,2,1,2,0,6,676.59,46.5,74.40000000000001,120.9,201507,201906,52,4557.78
936883360103,1,16/10/1971,51,4,1,19,0,,,,,,201405,202304,469,14715.98
936916890103,1,31/10/1971,51,4,1,19,0,6,794.5700000000001,42.5,68,110.5,201405,201701,145,3054.25
936958040180,1,20/07/1973,49,4,1,14,0,6,257.91,46.5,74.40000000000001,120.9,202112,202203,50,697.5599999999999
937199050144,1,21/10/1985,37,3,1,14,0,6,138.8,46.5,74.40000000000001,120.9,201511,202112,94,18105.24
937235360144,1,08/07/1987,35,3,1,19,0,6,1028.9,51.45,82.31,133.75999,201501,201603,7,1127.24
937506120143,1,25/12/1981,41,3,1,2,0,,,,,,202201,202203,3,403.36
937613360175,1,05/07/1994,28,2,1,19,1,,,,,,201811,202306,56,12417.72
937805840147,1,23/09/1991,31,2,,19,0,6,4203.06,210.15,336.24,546.39001,201504,201706,32,3952.75
937999390115,1,16/12/1963,59,5,1,14,1,,,,,,201405,202306,501,30227.51000000002
939110810172,1,24/12/1994,28,2,1,19,0,6,814.9,,82,82,202204,202206,13,457.64
941068120148,1,13/09/1994,28,2,1,19,0,,,,,,201601,201602,1,97.5
941465060125,1,07/01/1955,68,6,2,4,1,,791.0700000000001,,82,82,201405,202306,705,69852.41000000003
942305470119,1,27/03/1965,58,5,2,2,1,6,3723.1,,297.85,297.85001,201405,202306,753,119908.04
942311550141,1,23/08/1982,40,3,1,14,0,,,,,,201405,201811,295,19983.47
942424410119,1,24/03/1971,52,4,2,2,1,6,931.3099999999999,,82,82,201406,202306,283,60848.87000000001
942965050119,1,18/01/1977,46,4,1,2,1,,,,,,201405,202306,191,36509.73
943025030142,1,05/09/1980,42,3,1,24,0,,,,,,201707,202111,10,3900.3
943184210145,1,11/10/1988,34,2,1,2,0,,186.71,51.25,82,133.25,202005,202209,30,8237.02
943578880145,1,09/11/1988,34,2,,10,0,6,7428.48,371.42,594.28,965.70001,202006,202006,2,965.7
943685380109,1,13/02/1966,57,5,1,14,0,,,,,,201404,202204,191,22550.76
943791820180,1,15/08/1975,47,4,1,2,0,6,6802.38,,544.1900000000001,544.19,201402,202212,132,11318.47
943859160125,1,10/08/1965,57,5,2,14,0,5,3853.41,192.67,308.27,500.94,202005,202206,368,3021.48
944012730142,1,26/04/1978,45,4,1,14,0,6,866.72,43.34,69.34,112.68,201405,201412,49,431.37
944154740170,1,16/12/1990,32,2,1,2,0,,,,,,201403,201710,124,15344.7
944419810144,1,26/06/1987,36,3,1,2,0,,,,,,202106,202107,4,124.85
944467730146,1,04/06/1990,33,2,1,13,0,6,1000,50,80,130,201704,201705,6,260
944726550115,1,28/08/1976,46,4,1,14,1,,,,,,201512,202306,220,7407.699999999999
944797620115,1,19/06/1965,58,5,2,18,1,,3841.82,,307.35,307.35001,201405,202306,710,158594.55
945341660117,1,25/09/1977,45,4,1,13,1,,,,,,201607,202306,246,48268.81999999999
945727720125,1,09/10/1963,59,5,2,24,0,6,7878.26,393.91,630.26,1024.17,201405,201812,432,11342.89
946045520103,1,18/01/1965,58,5,2,19,0,6,323.99,46.5,74.40000000000001,120.9,201701,202202,363,1127.15
946053110103,1,03/07/1963,59,5,1,19,0,6,611.8,,82,82,201402,202304,1186,13526.22999999999
946201050103,1,10/04/1961,62,5,2,18,0,6,746.49,42.5,68,110.5,201706,201707,551,280
946417960103,1,07/01/1963,60,5,2,19,0,6,178.59,,82,82,201404,202211,426,2936.33
946475440103,1,14/07/1965,57,5,1,19,1,6,139.29,,82,82,201402,202306,465,54865.90000000002
946527390103,1,23/09/1956,66,6,2,12,1,6,386.41,,82,82,201402,202306,966,52723.82
946593370103,1,14/11/1965,57,5,2,19,0,,,,,,201402,202305,974,15880.24999999999
946676360147,1,10/12/1992,30,2,,19,0,,,,,,202101,202107,21,2537.62
946825730103,1,26/11/1961,61,5,2,19,1,6,3295.94,,263.68,263.67999,201402,202306,1139,62016.48
946854610103,1,26/08/1962,60,5,2,24,0,,,,,,201404,201408,298,519.1900000000001
946868970103,1,24/11/1958,64,5,2,19,0,,,,,,201801,202302,477,16238.92
947083670103,1,20/09/1958,64,5,1,19,0,,,,,,201707,202004,714,16828.29
947151360103,1,24/02/1965,58,5,1,19,0,5,1305.75,65.29000000000001,104.46,169.75,201508,202204,336,364.75
947249520109,1,11/04/1968,55,5,2,24,0,,,,,,201404,201610,404,10300.83
947474010103,1,14/06/1968,55,5,2,19,0,,180,37.5,60,97.5,201405,201602,722,2071.47
948392070103,1,20/02/1971,52,4,2,19,1,6,688.4,,82,82,201405,202306,637,78467.40000000001
948665160180,1,26/04/1979,44,3,,19,0,,,,,,201911,202303,33,10853.76
948793810141,1,14/07/1982,40,3,2,2,1,6,444.9,,82,82,201612,202306,126,37850.38
949087490103,1,16/09/1965,57,5,2,11,1,,,,,,201402,202306,568,56572.93
949186520103,1,09/06/1969,54,4,1,19,0,6,574.68,,82,82,201402,202211,701,15473.73
949206440103,1,29/03/1967,56,5,1,15,1,3,5568.6,,445.49,445.48999,201405,202306,699,175973.26
949214250103,1,13/06/1966,57,5,2,19,1,6,431.91,,82,82,201407,202306,854,33807.79000000001
949251700103,1,24/11/1964,58,5,2,19,1,6,627.39,,82,82,201402,202306,724,67848.95000000001
949279200103,1,30/09/1967,55,5,1,19,1,6,431.91,,82,82,201407,202306,322,23007.8
949316250103,1,16/02/1970,53,4,1,19,0,,,,,,201701,201803,190,246.41
949405800103,1,15/02/1972,51,4,1,19,1,6,3012.27,,240.98,240.98,201701,202306,1074,85352.73
949419620103,1,27/01/1969,54,4,2,19,1,4,6550.2,,524.02,524.02002,201606,202306,827,93188.41000000002
949448670103,1,04/04/1969,54,4,,19,0,6,336.19,42.5,68,110.5,201601,201605,25,918.55
949456930175,1,28/12/1994,28,2,1,2,1,,848.48,,82,82,201905,202306,35,6094.5
949473910103,1,09/03/1969,54,4,1,23,1,6,1396.11,,111.69,111.69,201402,202306,345,66848.11
949538780143,1,03/03/1986,37,3,,24,0,6,3038.77,,243.1,243.10001,202205,202302,23,8204.460000000001
949923000103,1,18/11/1974,48,4,1,19,0,,,,,,201504,202109,491,23317.94
949923960103,1,11/10/1974,48,4,1,19,0,6,2183.19,109.16,174.66,283.82001,201402,201403,304,640.16
949943480103,1,25/06/1973,50,4,1,19,1,,,,,,201404,202306,687,40135.21000000001
950009260103,1,17/11/1972,50,4,1,19,1,2,6323.31,,505.86,505.85999,201402,202306,628,124058.69
950319140103,1,14/10/1976,46,4,1,19,1,6,349.53,,82,82,201404,202306,530,39437.86000000001
950336370103,1,22/11/1976,46,4,1,24,0,,3294.88,164.74,263.59,428.33002,202006,202101,2,3290.55
950444600103,1,30/07/1976,46,4,1,19,0,6,195.39,37.5,60,97.5,201410,201505,172,935.52
950454030103,1,30/10/1976,46,4,2,19,0,6,2512.12,125.61,200.97,326.57999,201904,202202,174,22727.85999999999
950573740103,1,06/05/1974,49,4,2,19,0,6,4950.16,247.51,396.01,643.52002,201402,201712,720,33685.83
950585590103,1,15/06/1973,50,4,2,12,1,2,448.81,,82,82,201405,202306,630,97039.60000000003
950606980103,1,03/09/1970,52,4,1,19,0,6,2518.22,125.91,201.46,327.37,201706,202206,201,9574.5
950752970148,1,14/10/1993,29,2,,19,0,,,,,,201605,201612,8,403.79
950765930103,1,08/02/1976,47,4,1,19,1,,,,,,201402,202306,574,21272.24
951238060100,1,17/10/1974,48,4,1,17,1,,,,,,201404,202306,189,59961.42999999999
951425830116,1,08/10/1962,60,5,4,2,1,,,,,,201402,202306,265,1944.35
952446230173,1,09/07/1995,27,2,,14,0,6,1310.31,65.52,104.82,170.34,202012,202101,6,535.54
953807020108,1,26/07/1965,57,5,2,14,0,6,4942.5,,395.4,395.39999,202102,202104,7,2385.96
954071920106,1,03/08/1970,52,4,1,2,1,6,2445.65,,195.65,195.64999,201402,202306,296,77486.41000000002
954121630129,1,16/12/1967,55,5,1,4,1,6,4146.53,,331.72,331.72,201402,202306,298,80236.17000000003
954212340132,1,29/10/1969,53,4,1,2,1,6,685.75,,82,82,201602,202306,382,28219.71999999999
954360230141,1,05/11/1982,40,3,1,19,1,,326.09,,82,82,201403,202306,209,28700.03000000001
954628520117,1,13/11/1962,60,5,2,13,1,2,152.31,,82,82,201505,202306,227,57537.65
954938340144,1,16/07/1987,35,3,,2,0,,,,,,201406,201506,8,559.49
955126900108,1,29/03/1964,59,5,,14,0,,,,,,201706,201711,2,110.5
955260910141,1,22/02/1981,42,3,1,2,0,,,,,,202105,202107,3,1063.43
955625760140,1,06/08/1978,44,3,1,19,0,2,1075,53.75,86,139.75,201406,201507,23,1228.5
955760940141,1,20/11/1982,40,3,1,14,1,,,,,,201705,202306,181,14047.54
955879230117,1,15/04/1965,58,5,,13,0,6,2800,140,224,364,201607,201912,39,4149.559999999999
956267920148,1,20/10/1993,29,2,,14,0,,,,,,201905,202107,39,7168.059999999999
956513840142,1,18/04/1980,43,3,1,14,0,,,,,,201606,202005,29,1536.11
956547500144,1,01/05/1987,36,3,1,14,0,,,,,,202105,202107,3,361.58
956641360142,1,22/08/1984,38,3,1,14,0,,,,,,201404,202301,393,50567.76000000001
956810420125,1,02/07/1967,55,5,,14,0,6,4920.88,246.04,393.67,639.71002,201402,201403,486,1140
957271290144,1,11/12/1983,39,3,1,19,0,6,561.79,37.5,60,97.5,201506,201506,1,97.5
957347600125,1,22/03/1970,53,4,1,24,1,,,,,,201612,202306,228,9126.939999999999
957475680143,1,24/10/1985,37,3,,13,0,6,3226.5,161.33,258.12,419.45001,201611,201612,7,529.95
958016820147,1,11/02/1993,30,2,1,2,0,,,,,,201601,202001,61,13503.17
958356220115,1,26/03/1946,77,6,2,14,0,,,,,,201404,201406,364,
958432920146,1,17/09/1990,32,2,1,14,0,,,,,,202111,202207,5,3230.6
958827190116,1,06/01/1963,60,5,,13,0,1,8391.24,419.56,671.3,1090.86,201705,202212,51,3534.47
959333070117,1,22/03/1961,62,5,2,13,0,,,,,,201402,202303,362,28342.38
959380040180,1,16/09/1971,51,4,1,14,0,6,2180.04,109,174.4,283.39999,201405,201505,5,699.2
959532510117,1,29/03/1967,56,5,1,13,1,6,850.64,,82,82,201405,202306,596,82560.67000000001
959565050180,1,14/08/1976,46,4,2,14,1,,,,,,201705,202306,147,7121.299999999999
959733140115,1,15/10/1962,60,5,2,14,1,6,49.74,,82,82,201402,202306,394,45369.66
959847590116,1,27/12/1963,59,5,1,13,0,,,,,,201905,202001,3,405.36
959878800116,1,25/09/1960,62,5,1,13,0,6,1000,50,80,130,201405,201801,26,1291.01
959892730140,1,28/01/1978,45,4,2,14,0,,14305.13,,1144.41,1144.41,201404,202303,259,24709.45
959972840125,1,02/01/1962,61,5,2,24,1,6,143.41,,82,82,201403,202306,593,44768.24999999999
959992610107,1,02/08/1946,76,6,2,14,0,,,,,,201403,202007,418,69737.49000000001
960011120115,1,16/05/1964,59,5,2,14,1,3,1418.57,,113.49,113.49,201404,202306,648,65979.37999999999
960382690115,1,06/07/1963,59,5,1,14,1,,,,,,201404,202306,584,27528.34
960550140170,1,11/01/1999,24,1,1,2,0,6,543.42,46.5,74.40000000000001,120.9,201912,202105,16,3153.45
960643690108,1,29/09/1963,59,5,1,2,1,5,809.51,,82,82,201402,202306,739,62401.76000000003
960684740144,1,23/10/1987,35,3,1,2,0,,,,,,201901,202007,3,1224.46
960692720174,1,27/02/1996,27,2,1,14,0,6,2392.63,119.63,191.41,311.04001,202006,202207,21,11060.28
960789660115,1,11/09/1958,64,5,2,14,0,,,,,,201404,201807,349,7447.759999999999
961147300115,1,20/06/1957,66,6,2,14,1,,,,,,201404,202306,561,34632.12
961390810107,1,23/08/1967,55,5,2,14,0,,,,,,201402,202201,428,51508.63000000002
961856130146,1,08/12/1988,34,2,1,13,0,6,5123.88,256.19,409.91,666.09998,202105,202106,6,1054.83
961873340108,1,27/06/1960,63,5,2,12,0,,,,,,201506,201910,428,3461.73
962196300117,1,01/04/1973,50,4,2,13,1,6,540.43,,82,82,201402,202306,336,66951.79000000001
962266770104,1,20/10/1950,72,6,,17,0,,,,,,201402,201404,591,
962414210109,1,19/09/1968,54,4,1,2,1,3,14389.25,,1151.14,1151.14,201402,202306,768,257022.8599999999
962831270125,1,13/10/1965,57,5,2,24,1,6,1804.1,,144.33,144.33,201405,202306,853,85579.69000000002
963136320104,1,06/09/1957,65,6,1,17,1,,,,,,201406,202306,849,98887.62000000001
963466020140,1,27/07/1978,44,3,2,14,0,6,860.89,,82,82,201404,202305,347,33692.83
963489930141,1,28/02/1983,40,3,2,2,0,,,,,,202011,202106,5,884.89
963547570108,1,01/12/1964,58,5,1,14,0,6,2058.41,102.92,164.67,267.59,201703,201705,337,1318.3
963586100104,1,30/04/1967,56,5,1,17,0,6,1215.13,,97.20999999999999,97.209999,201403,202304,199,6342.6
963610350115,1,13/12/1959,63,5,2,14,0,6,365.72,37.5,60,97.5,201405,201406,445,195
963656680104,1,03/04/1966,57,5,2,17,0,,,,,,201406,202304,689,24333.95
963678220104,1,14/04/1968,55,5,1,17,1,,,,,,201402,202306,881,61406.23000000001
963882740115,1,11/03/1965,58,5,1,14,0,6,4510,,360.8,360.79999,202205,202212,268,1307.9
963888730117,1,12/09/1976,46,4,2,13,1,6,591.5599999999999,,82,82,201505,202306,227,48689.00999999999
963889440115,1,02/07/1963,59,5,2,14,0,6,1117.96,,89.44,89.440002,201403,202301,287,19746.75
963997760115,1,11/09/1957,65,6,,14,1,5,93.66,,82,82,201604,202306,518,24735.65
964022920115,1,14/10/1965,57,5,2,14,1,,,,,,201404,202306,598,30218.95
964057020115,1,28/11/1967,55,5,2,14,0,,,,,,201403,202008,480,9654.060000000001
964063140115,1,07/03/1968,55,5,1,14,0,6,4718.42,,377.47,377.47,201404,202301,302,26676.95
964086320115,1,16/05/1970,53,4,1,14,1,,135.81,,82,82,201405,202306,363,51576.8
964098100115,1,08/08/1971,51,4,2,14,1,,,,,,201402,202306,353,30582.56
964109050115,1,03/02/1973,50,4,2,14,1,6,93.66,,82,82,201405,202306,460,31264.31
964113590115,1,30/07/1973,49,4,2,14,1,,,,,,201404,202306,720,65982.82000000001
964129780115,1,26/03/1975,48,4,1,14,1,,,,,,201405,202306,440,22985.33
964167190144,1,15/07/1980,42,3,1,2,0,,,,,,201811,202207,16,2550.87
964263890140,1,10/07/1980,42,3,2,14,0,,5691.64,284.58,455.33,739.90997,201609,202108,109,120433.93
964285980117,1,19/07/1974,48,4,2,19,1,6,457.16,,82,82,201405,202306,585,95057.44
964326180104,1,02/12/1951,71,6,1,17,0,,,,,,201402,201612,169,2313.04
964483870104,1,09/07/1968,54,4,1,6,0,,,,,,201403,201606,387,787.54
964536670104,1,30/09/1970,52,4,2,17,1,,,,,,201402,202306,737,59154.52
964628340104,1,02/03/1971,52,4,1,17,0,6,26970.76,1348.54,2157.66,3506.2,201504,202203,228,42032.14
964710500104,1,04/05/1972,51,4,,17,1,,,,,,201402,202306,170,2819.13
965017140104,1,19/02/1972,51,4,2,17,0,,,,,,201404,201504,474,2472.71
965028250104,1,05/08/1975,47,4,1,17,0,6,376.78,51.25,82,133.25,201404,202208,452,31703.71
965102140104,1,17/04/1970,53,4,1,4,0,6,1818.06,90.90000000000001,145.44,236.34,201404,201606,507,7301.59
965331860104,1,01/11/1976,46,4,1,17,1,6,635.36,,82,82,201404,202306,366,55344.50000000002
965468700143,1,15/05/1986,37,3,1,14,0,6,990.66,49.53,79.25,128.78,201404,201810,231,35857.95
965508050143,1,05/03/1986,37,3,1,19,0,6,1299.24,64.95999999999999,103.94,168.89999,201406,201507,17,812.6099999999999
965527190133,1,23/09/1962,60,5,1,2,0,5,2954.22,,236.34,236.34,201607,202301,226,13762.23
965741380146,1,12/09/1990,32,2,1,2,0,,,,,,201404,202209,95,18319.32
966143140180,1,19/07/1978,44,3,1,19,0,2,4638.55,231.93,371.08,603.01001,202207,202207,179,603.01
966256910108,1,15/11/1957,65,6,2,14,1,,,,,,201704,202306,264,58368.09999999999
966631230180,1,31/10/1978,44,3,1,2,0,6,48.76,37.5,60,97.5,201507,201508,5,195
967109800175,1,01/12/1997,25,2,,13,0,6,4195.62,209.78,335.65,545.42999,202205,202212,11,1283.25
967401400148,1,30/09/1995,27,2,,19,0,6,2818.54,140.93,225.48,366.41,202101,202101,2,366.41
967486940144,1,24/07/1983,39,3,1,14,1,,,,,,201806,202306,146,32635.71
967687380103,1,07/10/1970,52,4,1,19,1,6,2607.46,,208.6,208.60001,201405,202306,485,78519.34999999999
967920860147,1,30/03/1992,31,2,2,13,0,6,2998.19,,239.86,239.86,202211,202212,6,340.22
968594880144,1,17/07/1987,35,3,1,2,1,,,,,,202105,202306,15,2952.72
968778560176,1,03/10/1995,27,2,1,2,0,,,,,,202006,202106,1,241.8
969303150140,1,06/03/1978,45,4,2,14,1,,3874.69,,309.98,309.98001,202005,202306,42,37748.23
969344990103,1,26/03/1978,45,4,1,19,0,6,2518.22,125.91,201.46,327.37,202202,202206,16,931.26
969649490103,1,04/07/1976,46,4,1,19,1,2,155.8,,82,82,201403,202306,393,68006.65999999999
969656890103,1,21/05/1967,56,5,1,19,1,6,107.44,,82,82,201408,202306,560,83902.87000000001
969682650103,1,20/09/1974,48,4,1,19,0,6,7259.46,362.97,580.76,943.72998,201406,201506,17,2964.59
970078250142,1,19/09/1984,38,3,2,2,1,5,1058.78,,84.7,84.699997,201405,202306,112,36823.06
970414400115,1,15/10/1959,63,5,2,14,0,,,,,,201811,202004,393,1119.5
970486820115,1,05/05/1962,61,5,2,14,1,2,51.64,,82,82,201403,202306,852,49774.45
970983510140,1,21/02/1977,46,4,2,14,0,,,,,,201504,201606,318,3648.2
971365910115,1,19/01/1968,55,5,1,14,1,2,432.23,,82,82,201404,202306,657,91231.82000000002
971412450115,1,17/08/1969,53,4,2,14,1,6,1226.45,,98.12,98.120003,201402,202306,753,76407.86
971425090142,1,23/11/1984,38,3,1,14,0,6,4079.3,203.97,326.34,530.31,201705,202107,40,9047.610000000001
971823610148,1,24/06/1994,29,2,1,2,0,,,,,,202011,202110,10,1227.34
972016200125,1,10/03/1970,53,4,2,24,0,,1450.23,72.51000000000001,116.02,188.53,201512,201610,178,383.53
972275930115,1,11/05/1968,55,5,2,14,1,6,4451.11,,356.09,356.09,201405,202306,833,125234.66
972407980140,1,20/07/1980,42,3,1,2,1,6,297.82,,82,82,201406,202306,188,60259.99000000001
972437670115,1,15/03/1969,54,4,1,14,1,,,,,,201506,202306,424,13785.1
972510870115,1,21/04/1970,53,4,2,14,0,6,641.51,,82,82,201512,202302,355,16546.82
972787250107,1,01/02/1957,66,6,2,2,0,,,,,,201407,201910,399,23319.89
972848260147,1,01/01/1991,32,2,1,14,1,,,,,,202103,202306,19,5201.72
973215910132,1,05/05/1972,51,4,2,2,0,6,5048.28,,403.86,403.85999,201511,202302,335,20509.36
973252370132,1,02/09/1972,50,4,1,2,1,6,4501.55,,360.12,360.12,201406,202306,566,99224.38
973305260132,1,06/07/1971,51,4,1,,1,6,4883.26,,390.66,390.66,201505,202306,474,76970.44
973339450115,1,31/05/1972,51,4,1,14,1,,,,,,201404,202306,248,22649.61
973422700132,1,02/04/1973,50,4,1,2,0,,,,,,202006,202106,1,582.21
973432180132,1,16/01/1974,49,4,1,2,0,3,579.11,46.5,74.40000000000001,120.9,201704,202101,273,1619.87
973808990132,1,29/10/1965,57,5,2,2,1,,,,,,201502,202306,137,54225.97
973823510132,1,03/10/1976,46,4,1,2,1,6,425.15,,82,82,201405,202306,476,91187.07000000001
973859890102,1,18/04/1964,59,5,2,19,1,6,49.74,,82,82,201402,202306,293,45944.09000000001
973903960102,1,25/08/1965,57,5,1,19,0,,,,,,201405,202305,174,30934.28
973912220132,1,02/04/1960,63,5,2,17,0,,,,,,201404,201507,610,372.95
973949420102,1,06/09/1964,58,5,2,19,0,,477.33,42.5,68,110.5,201404,201706,339,466.67
973955920115,1,23/01/1976,47,4,1,2,0,,,,,,201404,201406,11,97.5
973986010102,1,06/03/1966,57,5,2,24,0,,,,,,201407,202012,475,14555.6
974120780102,1,20/11/1955,67,6,,19,0,6,3020.64,151.03,241.65,392.67999,201406,201507,21,2846.64
974165350125,1,01/08/1969,53,4,1,24,1,,,,,,201404,202306,404,10582.15
974223520142,1,18/06/1979,44,3,2,2,0,,,,,,201905,202001,30,405.36
974342170115,1,20/07/1972,50,4,2,14,1,4,9991.040000000001,,799.28,799.28003,201403,202306,721,111562.45
974363530102,1,03/10/1969,53,4,1,19,1,6,5859.77,,468.78,468.78,201406,202306,430,56873.35999999999
974470370125,1,01/09/1971,51,4,2,24,0,,4063.69,,325.1,325.10001,201402,202305,311,65039.75000000001
974769930142,1,23/01/1983,40,3,1,2,1,6,150.16,,82,82,202011,202306,105,7039.830000000001
974869590104,1,26/02/1974,49,4,1,17,0,,,,,,201402,201612,364,12581.38
974943470104,1,15/03/1975,48,4,2,17,1,6,215.4,,82,82,201402,202306,266,44176.37
975494050116,1,24/05/1975,48,4,1,13,0,6,2748.14,137.41,219.85,357.26001,201705,201801,10,932.14
975504530115,1,01/07/1973,49,4,1,14,1,,,,,,201405,202306,460,104459.87
975569630115,1,22/05/1974,49,4,2,14,1,6,5783.37,,462.67,462.67001,201405,202306,455,93722.44
975704170102,1,31/03/1965,58,5,1,19,0,6,7109.18,,568.73,568.72998,201504,202212,68,9407.060000000001
975757230115,1,06/01/1975,48,4,1,14,1,1,64.44,,82,82,201404,202306,520,40992.37
975797280102,1,17/01/1964,59,5,1,19,0,6,5552,277.6,444.16,721.76001,201812,201912,9,2751.45
975847760115,1,23/09/1950,72,6,2,14,0,,,,,,201404,201407,329,195
975868070115,1,11/04/1977,46,4,1,14,1,,,,,,201402,202306,336,29376.2
975870330115,1,24/03/1977,46,4,2,14,0,,,,,,201403,202107,249,4757.610000000001
975904580102,1,01/06/1965,58,5,1,19,0,1,12683.38,634.17,1014.67,1648.84,201406,201507,17,3649.42
975947600102,1,06/08/1970,52,4,1,19,0,6,4814.21,,385.14,385.14001,201406,202301,69,16164.1
975958640102,1,26/03/1966,57,5,2,19,0,6,3013.88,150.69,241.11,391.79999,201612,201801,17,2355.28
976091650132,1,17/08/1955,67,6,2,2,1,6,179.56,,82,82,201402,202306,895,38295.66
976127100115,1,26/11/1977,45,4,1,14,0,,,,,,201403,201704,419,3165.14
976165520144,1,30/08/1987,35,3,1,24,0,6,5037.76,251.89,403.02,654.90997,201406,201507,22,2830.96
976239980132,1,30/05/1966,57,5,2,2,0,,109.83,,82,82,201402,202210,543,81345.24000000002
976259270132,1,22/11/1958,64,5,2,2,1,6,540.43,,82,82,201402,202306,715,51852.11000000001
976318710125,1,09/07/1974,48,4,2,24,0,,,,,,202005,202107,248,3498.55
976328830144,1,22/12/1987,35,3,2,2,0,6,4575.6,228.78,366.05,594.83002,202105,202112,11,2565.19
976348620115,1,06/01/1978,45,4,1,2,1,6,722.8,,82,82,201901,202306,60,14963.6
976631820146,1,07/07/1990,32,2,,19,0,6,807.3099999999999,46.5,74.40000000000001,120.9,202011,202101,9,1874.6
976664710132,1,24/07/1964,58,5,2,2,1,6,666.55,,82,82,201407,202306,836,86636.39999999999
976724140176,1,09/09/1994,28,2,,19,0,,,,,,201605,202011,21,1465.38
977047040140,1,10/11/1980,42,3,1,2,1,6,3430.05,,274.4,274.39999,201405,202306,383,84953.83000000002
977139860132,1,12/05/1956,67,6,2,2,0,,,,,,201405,201903,61,18228.78
977731050131,1,07/05/1975,48,4,2,2,1,6,916.6,,82,82,201404,202306,280,49403.94000000002
977742870144,1,11/11/1987,35,3,1,14,0,,,,,,201408,202211,101,13119.7
978006050132,1,18/11/1962,60,5,2,2,1,,,,,,201402,202306,589,63701.41
978121710140,1,22/07/1979,43,3,1,2,1,6,180.47,,82,82,201405,202306,318,75415.44000000002
978162840132,1,13/03/1958,65,6,2,2,1,6,1476.85,,118.15,118.15,201405,202306,763,106277.87
978197020121,1,21/04/1958,65,6,2,10,0,,,,,,201404,202305,704,66367.45
978285340121,1,10/06/1965,58,5,,10,0,,,,,,201404,201510,441,3665.61
978334910132,1,21/11/1957,65,6,1,2,1,6,467.09,,82,82,201407,202306,479,65204.9
978358980132,1,05/08/1966,56,5,2,2,1,,,,,,201405,202306,778,63158.03000000003
978379220121,1,22/02/1955,68,6,2,10,0,,,,,,201407,202304,722,69440.81
978436810132,1,08/10/1960,62,5,1,2,1,,,,,,201402,202306,687,98904.39999999999
978476240176,1,30/07/1994,28,2,1,2,0,,,,,,202103,202104,3,184.6
978491760146,1,24/07/1991,31,2,1,19,0,6,550.0700000000001,51.25,82,133.25,201409,202206,78,5281.869999999999
978742280142,1,21/09/1983,39,3,1,2,1,6,444.9,,82,82,201403,202306,282,45015.87
978931420132,1,06/10/1965,57,5,1,2,1,6,3828.07,,306.25,306.25,201402,202306,838,128430.89
979219510132,1,07/02/1958,65,6,,14,0,,1450.23,72.51000000000001,116.02,188.53,201609,201610,11,359.02
979297670132,1,09/10/1965,57,5,2,2,0,,,,,,201403,201712,507,1327.84
979357870140,1,27/11/1980,42,3,2,15,1,4,8731.629999999999,,698.53,698.53003,201405,202306,447,131992.54
979498680132,1,12/12/1964,58,5,1,2,1,6,197.48,,82,82,201406,202306,285,50277.26999999999
979723630121,1,04/05/1966,57,5,1,10,1,3,5544.94,,443.6,443.60001,201912,202306,693,67262.17999999999
979764930110,1,15/12/1976,46,4,2,14,0,,5024.88,251.24,401.99,653.22998,201402,201508,198,12916.74
980270940102,1,29/08/1969,53,4,,19,0,,79.52,42.5,68,110.5,201605,201607,2,1262.14
980343610132,1,01/04/1965,58,5,2,2,0,2,23305.78,1165.29,1864.46,3029.75,201405,202105,352,6874.090000000001
980360790121,1,25/10/1966,56,5,1,12,0,6,358.8,46.5,74.40000000000001,120.9,201805,201805,121,120.9
980553930132,1,06/01/1959,64,5,2,2,1,6,394.97,,82,82,201402,202306,849,74371.92000000001
980731130140,1,05/12/1978,44,3,1,2,0,,,,,,201608,201610,4,228.1
980930380144,1,09/09/1987,35,3,1,2,1,,,,,,201801,202306,112,36444.34
980936600102,1,07/07/1971,51,4,1,19,0,6,7060.82,353.04,564.87,917.91003,201406,201507,22,3448.410000000001
980939680132,1,04/09/1963,59,5,1,2,1,6,1160.55,,92.84,92.839996,201402,202306,943,66677.36000000002
981339440132,1,07/03/1963,60,5,1,2,1,3,4266.63,,341.33,341.32999,201402,202306,809,127503.4899999999
981644620132,1,07/02/1955,68,6,2,2,1,,,,,,201402,202306,509,36892.63
981650190132,1,07/09/1965,57,5,1,2,0,,,,,,201405,201802,339,6292.399999999999
981728520121,1,11/07/1964,58,5,2,10,1,6,1125.75,,90.06,90.059998,201612,202306,426,35206.60000000001
981967970102,1,20/09/1969,53,4,1,19,0,,,,,,201404,202204,149,17255.16
982019250132,1,22/05/1947,76,6,2,2,0,,,,,,201407,201506,424,2966.59
982086960132,1,28/02/1966,57,5,1,2,1,1,626.84,,82,82,201402,202306,649,215443.6999999999
982153610132,1,28/05/1965,58,5,1,2,1,6,1338.11,,107.05,107.05,201407,202306,367,56997.00000000001
982372250102,1,11/05/1970,53,4,1,19,1,,,,,,201405,202306,586,85374.65000000002
982426530121,1,18/08/1968,54,4,1,10,0,,,,,,201404,202305,575,37073.27
982451760121,1,03/07/1972,50,4,2,10,1,6,33.01,,82,82,201404,202306,432,86575.09
982486420121,1,16/02/1973,50,4,1,10,1,,,,,,202211,202306,4,334.59
982766510125,1,27/07/1976,46,4,1,24,0,,,,,,201503,201507,13,483.12
982802110132,1,07/01/1963,60,5,1,2,1,,,,,,201405,202306,264,17856.73
982882670125,1,15/02/1957,66,6,,24,0,,,,,,201507,201601,292,352.8
982937290132,1,19/04/1966,57,5,2,2,1,6,5374.31,,429.94,429.94,201406,202306,541,72444.47
982938320132,1,09/06/1953,70,6,1,2,0,6,899.5,44.98,71.95999999999999,116.94,201405,201405,58,116.94
983071070132,1,18/10/1966,56,5,1,2,1,6,228.51,,82,82,201701,202306,448,20249.21
983608600102,1,04/10/1973,49,4,1,19,0,,,,,,201402,202304,684,12860.68999999999
983708170102,1,05/01/1974,49,4,1,19,0,1,14218.36,,1137.47,1137.47,201504,202212,64,23143.53
983822330102,1,21/09/1972,50,4,2,19,0,,,,,,201502,201505,81,1084.83
984376600132,1,12/08/1960,62,5,2,2,0,6,1594.11,,127.53,127.53,201804,202302,204,15324.19
984632300132,1,22/01/1956,67,6,1,2,0,,,,,,201504,201508,129,246.03
984774680146,1,29/07/1991,31,2,1,2,0,,,,,,201403,202202,35,4527.02
984845270132,1,08/12/1963,59,5,4,17,1,,,,,,201404,202306,497,39007.17999999999
984966910115,1,18/10/1973,49,4,1,14,1,,,,,,201404,202306,343,48384.81
984974750171,1,24/11/1992,30,2,1,2,0,,,,,,202211,202301,3,141.47
985009950115,1,30/05/1972,51,4,1,14,1,6,6464.37,,517.15,517.15002,201406,202306,444,99919.85000000003
985085700102,1,30/09/1974,48,4,1,19,0,,,,,,201512,202212,369,6982.870000000001
985104670132,1,18/08/1966,56,5,2,2,1,6,202.76,,82,82,201406,202306,257,43457.62999999999
985145990115,1,07/04/1972,51,4,2,14,0,,,,,,201505,202209,271,12623.53
985169740103,1,10/06/1959,64,5,2,19,0,2,930,46.5,74.40000000000001,120.9,201406,201912,56,2451.150000000001
985170240102,1,01/11/1974,48,4,1,19,0,6,3020.64,151.03,241.65,392.67999,201406,201507,21,2846.64
985247210132,1,09/10/1965,57,5,2,2,0,6,936.89,,82,82,201404,202302,443,24842.13
985250490115,1,20/05/1971,52,4,2,14,1,6,931.3099999999999,,82,82,201403,202306,517,44323.55
985274270115,1,26/01/1972,51,4,2,14,1,1,2641.86,,211.35,211.35001,201404,202306,685,311157.04
985285160132,1,03/03/1961,62,5,1,2,1,5,1082.39,,86.59,86.589996,201402,202306,488,88895.66
985294130121,1,14/12/1960,62,5,2,10,1,6,283.39,,82,82,201407,202306,571,78790.34999999999
985345640103,1,05/10/1970,52,4,2,19,0,6,13975.31,,1118.02,1118.02,201406,202212,62,17048.69
985355940115,1,13/05/1973,50,4,2,14,0,,,,,,201911,202112,302,1424.37
985360280102,1,22/04/1973,50,4,1,19,0,4,1075,53.75,86,139.75,201504,201601,22,1098.5
985369710115,1,30/12/1967,55,5,1,14,1,,2175.56,,174.04,174.03999,201405,202306,572,88072.60000000003
985390250121,1,17/05/1966,57,5,2,10,1,6,444.26,,82,82,201407,202306,502,76350.13
985401740102,1,24/09/1971,51,4,1,19,0,6,2302.15,,184.17,184.17,202111,202207,11,904.4400000000001
985408200103,1,24/09/1974,48,4,2,19,0,,,,,,201802,201912,27,1355.51
985425310130,1,13/02/1972,51,4,1,17,1,,,,,,201404,202306,371,28461.76
985602760115,1,03/01/1967,56,5,1,14,0,,,,,,201606,201703,408,1000.94
985720190102,1,14/03/1974,49,4,1,19,0,6,5037.76,251.89,403.02,654.90997,201406,201507,73,2830.96
985725260102,1,03/11/1973,49,4,2,19,0,5,930,46.5,74.40000000000001,120.9,201504,201912,47,1920.75
985734090132,1,02/08/1954,68,6,2,2,0,6,714.24,42.5,68,110.5,201704,201706,250,800.8199999999999
985793860132,1,27/02/1966,57,5,1,2,1,,,,,,201406,202306,212,42731.94000000002
985826040144,1,05/10/1987,35,3,,2,0,6,2852.18,142.61,228.17,370.78,201701,201706,4,1666.35
985876310121,1,02/02/1969,54,4,1,10,0,6,3915.35,195.77,313.23,509,202106,202107,36,863.3499999999999
985892750132,1,02/12/1961,61,5,2,2,1,,,,,,201402,202306,419,20606.89
986023590118,1,19/07/1956,66,6,2,12,1,6,3384.02,,270.72,270.72,201402,202306,652,66486.42000000003
986197400132,1,09/10/1965,57,5,1,2,1,6,752.65,,82,82,201405,202306,411,94998.76000000004
986217340102,1,31/12/1975,47,4,1,19,1,6,1125.76,,90.06,90.059998,201408,202306,430,90293.23000000001
986218770102,1,10/01/1973,50,4,1,19,0,,,,,,201611,201612,0,
986223770132,1,03/03/1955,68,6,,,0,,,,,,,,91,
986228670132,1,27/01/1966,57,5,2,2,1,3,1337.77,,107.02,107.02,201405,202306,340,45160.07
986332140121,1,04/03/1973,50,4,1,10,1,6,612.62,,82,82,201407,202306,576,81844.19
986400890132,1,31/07/1956,66,6,2,12,0,,,,,,202006,202302,454,6449.56
986512470102,1,04/03/1975,48,4,1,19,1,,2075.78,,166.06,166.06,201404,202306,452,53398.32999999999
986603290121,1,21/11/1970,52,4,,10,0,,,,,,201404,201511,158,6493.37
986840950173,1,28/11/1996,26,2,,14,0,,,,,,202006,202107,12,1938.6
987235100118,1,02/09/1968,54,4,1,12,0,,,,,,201404,201709,340,16449.68
987245220108,1,04/08/1967,55,5,2,2,1,2,7799.49,,623.96,623.96002,201402,202306,690,154372.45
987449450121,1,17/09/1975,47,4,1,10,1,,,,,,201505,202306,310,32445.67000000001
987541990121,1,23/10/1972,50,4,1,10,0,,,,,,201402,201403,248,
987543920132,1,30/07/1971,51,4,1,2,1,6,37.44,,82,82,201405,202306,198,17034.42
987562480132,1,28/05/1970,53,4,2,2,1,6,1673,,133.84,133.84,201402,202306,400,58736.74000000001
987752440142,1,11/01/1981,42,3,1,19,1,,,,,,201911,202306,42,9047.519999999999
987803370143,1,07/11/1986,36,3,1,14,1,,,,,,201511,202306,123,22087.74
987949090140,1,11/04/1981,42,3,2,17,0,,,,,,202107,202212,5,241.8
988517990103,1,05/01/1967,56,5,1,19,1,6,1570.36,,125.63,125.63,201402,202306,452,58466.46000000001
988561790147,1,21/08/1993,29,2,1,17,0,,,,,,202104,202212,3,448.89
988577330132,1,16/11/1971,51,4,2,2,1,6,192.32,,82,82,201402,202306,304,73294.67000000001
988707040132,1,23/07/1964,58,5,1,2,0,6,1799.78,89.98999999999999,143.98,233.97,201906,201907,152,802.6900000000001
988759310132,1,22/08/1973,49,4,1,2,1,,,,,,201405,202306,219,33242.32999999999
988882750132,1,14/04/1960,63,5,1,2,1,6,1531.68,,122.53,122.53,201402,202306,689,115898.5600000001
989068250132,1,19/09/1961,61,5,2,2,0,6,700.76,,82,82,201403,202301,319,11421.08
989072330140,1,08/01/1981,42,3,1,19,0,6,2836.6,141.83,226.93,368.76001,201402,201402,9,368.76
989101810132,1,30/08/1959,63,5,1,2,1,5,3973.05,,317.84,317.84,201405,202306,509,106880.73
989288830132,1,21/06/1963,60,5,2,2,1,6,426.82,,82,82,201402,202306,541,88927.28000000003
989362560132,1,19/03/1960,63,5,2,2,1,6,356.9,,82,82,201512,202306,386,42428.63000000001
989782730103,1,08/08/1977,45,4,1,14,1,,,,,,201707,202306,90,29768.03
990362740132,1,01/04/1971,52,4,2,2,0,6,2807.26,140.36,224.58,364.94,201504,202207,526,47150.23
990431400132,1,09/05/1965,58,5,1,2,1,,,,,,201611,202306,23,4010.98
990450810132,1,10/01/1961,62,5,1,2,1,6,1593.77,,127.5,127.5,201405,202306,487,28334.78
990708260132,1,01/09/1967,55,5,1,2,1,2,587.24,,82,82,201403,202306,609,48439.87999999999
990720500132,1,05/11/1965,57,5,1,2,1,6,377.51,,82,82,201406,202306,432,55756.71000000001
991023950132,1,25/11/1967,55,5,2,2,0,,,,,,201609,201810,366,6680.41
991246530132,1,03/10/1968,54,4,2,2,1,6,444.26,,82,82,201407,202306,529,84140.91000000003
991316480132,1,19/10/1968,54,4,1,2,0,6,433.01,46.5,74.40000000000001,120.9,201905,202007,13,1342.95
991342400132,1,07/02/1968,55,5,2,2,1,,,,,,201407,202306,793,43982.04
991392470132,1,31/08/1968,54,4,1,2,0,6,726.21,46.5,74.40000000000001,120.9,201405,201804,281,2402.16
991475600117,1,03/11/1966,56,5,1,2,1,5,740.9,,82,82,201402,202306,384,73382.01000000001
991590590141,1,12/06/1983,40,3,1,17,0,,,,,,201406,201504,18,1094.75
991835700143,1,02/05/1986,37,3,1,2,1,4,5227.01,,418.16,418.16,201503,202306,140,84852.31999999999
991839230132,1,13/06/1969,54,4,2,2,1,6,2133.31,,170.66,170.66,201407,202306,411,85068.01000000001
991855510146,1,17/05/1990,33,2,1,2,0,,,,,,201405,202101,22,2719.36
991877270132,1,18/04/1969,54,4,1,12,0,6,13315.36,665.77,1065.23,1731,201511,201811,57,2476.64
991945780132,1,09/08/1968,54,4,2,2,1,6,370.87,,82,82,201404,202306,517,39174.58
992013770132,1,18/11/1969,53,4,4,2,1,,,,,,201405,202306,490,30673.47000000001
992158840132,1,12/05/1969,54,4,1,2,1,,1947.93,,155.83,155.83,201404,202306,189,42215.17999999999
992332600132,1,30/03/1968,55,5,2,14,1,2,1875.78,,150.06,150.06,201405,202306,672,102655.67
992348940132,1,14/02/1970,53,4,1,9,1,6,5642.18,,451.37,451.37,201402,202306,636,120311.08
992350830132,1,23/05/1968,55,5,2,2,1,6,10479.08,,838.33,838.33002,201405,202306,484,78851.22
992412970147,1,21/11/1991,31,2,1,2,0,6,2849.44,142.47,227.96,370.42999,201611,201812,19,1720.89
992599540132,1,05/06/1970,53,4,2,2,0,,,,,,201804,201805,311,159.69
992612080132,1,07/09/1970,52,4,1,2,0,,,,,,201511,202303,509,58490.03
992766560132,1,30/03/1968,55,5,2,2,0,6,704.6,37.5,60,97.5,201407,201511,268,7073.43
992767020132,1,29/01/1969,54,4,1,2,0,6,1941.08,97.05,155.29,252.34,201804,201805,37,412.03
992782360132,1,03/08/1969,53,4,1,2,1,6,692.7,,82,82,201406,202306,292,31413.83
992907680142,1,29/03/1985,38,3,,14,1,,,,,,202211,202306,6,706.6899999999999
992943780132,1,15/08/1970,52,4,,2,1,,,,,,201512,202306,294,2262.92
992948250132,1,04/09/1969,53,4,1,2,1,,,,,,201405,202306,279,24971.78
993062380132,1,29/10/1970,52,4,1,2,1,2,531.26,,82,82,201405,202306,499,42137.91
993119360132,1,14/10/1969,53,4,2,2,1,,,,,,201705,202306,564,38723.13
993154240143,1,11/08/1986,36,3,1,17,0,,,,,,201402,202208,12,1167.7
993218280132,1,02/04/1972,51,4,1,2,1,,395.39,,82,82,201402,202306,561,61211.42000000001
993355750132,1,25/02/1971,52,4,2,2,1,6,302.48,,82,82,201402,202306,584,60734.27000000001
993405070132,1,30/03/1966,57,5,2,12,0,,,,,,201404,202305,634,41145.60000000001
993522960132,1,13/07/1964,58,5,2,2,1,6,284.15,,82,82,201406,202306,671,59342.75999999999
993577930132,1,17/03/1968,55,5,2,2,0,,615.04,46.5,74.40000000000001,120.9,201911,202105,220,2147.04
993596650132,1,25/11/1968,54,4,1,2,1,6,262.22,,82,82,201406,202306,508,46285.85000000001
993656870132,1,03/01/1964,59,5,2,2,1,6,2504.69,,200.38,200.38,201405,202306,797,97116.28
993673010132,1,03/08/1963,59,5,2,2,1,6,1255.95,,100.48,100.48,201405,202306,667,88746.05000000002
993673220132,1,04/09/1968,54,4,1,2,1,5,610.9400000000001,,82,82,201403,202306,525,45165.03
993678760132,1,28/02/1963,60,5,2,2,1,6,3384.02,,270.72,270.72,201402,202306,536,54124.33000000002
993690210132,1,08/05/1965,58,5,2,2,0,6,1014,50.7,81.12,131.82001,201512,201707,244,1013.96
993709650132,1,16/09/1966,56,5,2,2,1,6,2542.77,,203.42,203.42,201402,202306,851,104110.48
993755090132,1,27/12/1971,51,4,2,2,1,,,,,,201804,202306,22,1017.56
993778420132,1,31/10/1960,62,5,2,2,1,,,,,,201405,202306,642,22104.79
993797970132,1,09/11/1971,51,4,1,2,1,6,675.29,,82,82,201402,202306,447,76682.26000000001
993851440132,1,19/12/1971,51,4,2,2,1,6,234.82,,82,82,201406,202306,346,56367.72
993863380132,1,02/05/1972,51,4,1,2,1,6,2028.34,,162.27,162.27,201402,202306,232,63117.07000000002
993905640171,1,08/11/1998,24,1,,2,1,,,,,,202304,202306,4,164
994014430132,1,12/10/1972,50,4,1,2,0,6,1117.96,,89.44,89.440002,201504,202301,55,1947.72
994072960132,1,13/09/1973,49,4,2,2,1,6,5499.64,,439.97,439.97,201402,202306,416,80599.48000000004
994304320142,1,26/11/1984,38,3,1,19,0,6,3819.92,191,305.59,496.59,201406,201506,16,2642.48
994375080172,1,17/06/1993,30,2,1,2,0,6,447.08,,82,82,202006,202301,12,1618.96
994459990132,1,26/10/1970,52,4,1,2,1,,,,,,201406,202306,375,40103.86
994495860132,1,18/05/1974,49,4,2,2,0,6,1457.07,72.84999999999999,116.57,189.42,202011,202207,203,10359.28
994507800132,1,13/02/1963,60,5,2,2,1,6,3723.1,,297.85,297.85001,201405,202306,695,108941.77
994794400140,1,29/06/1981,42,3,2,2,0,,,,,,201707,202204,37,2264.38
994814550132,1,21/02/1974,49,4,1,2,0,,,,,,201405,201701,42,7488.010000000001
994861390132,1,19/07/1976,46,4,1,2,1,6,5610.19,,448.82,448.82001,201602,202306,193,55819.13
995106350117,1,13/02/1958,65,6,1,12,0,,,,,,201407,202304,941,75179.39000000001
995156950132,1,24/09/1974,48,4,1,2,1,2,1825.67,,146.05,146.05,201406,202306,442,117957
995263280132,1,17/08/1968,54,4,1,2,0,4,1747.87,87.39,139.83,227.22,201810,201907,18,11790.18
995330830132,1,05/05/1964,59,5,2,2,1,,,,,,201405,202306,734,30932.92
995360940146,1,10/04/1992,31,2,1,2,0,,,,,,202202,202301,16,2745.98
995485310141,1,25/02/1981,42,3,2,23,0,,,,,,201511,201511,115,
995665880132,1,01/01/1969,54,4,1,2,1,6,6361.57,,508.93,508.92999,201406,202306,478,93880.43999999999
995842630132,1,07/10/1972,50,4,2,2,1,,,,,,201505,202306,263,21346.27
995879960117,1,10/09/1965,57,5,1,2,1,1,478.95,,82,82,201405,202306,713,80818.12000000001
996076160132,1,12/12/1973,49,4,1,2,0,,,,,,201404,201610,325,341.12
996214460132,1,18/08/1974,48,4,1,2,1,6,685.75,,82,82,201404,202306,257,42228.72
996250020132,1,25/01/1973,50,4,1,2,1,6,57.24,,82,82,202109,202306,228,7707.780000000001
996255540173,1,09/04/1995,28,2,,2,1,,,,,,202302,202306,1,82
996330830132,1,19/06/1974,49,4,1,17,0,,,,,,201507,201905,39,3291.96
996356250132,1,10/11/1974,48,4,1,2,0,6,6347.9,317.4,507.83,825.22998,201405,202106,86,5608.879999999999
996537570132,1,27/06/1975,48,4,2,2,0,6,4301.66,215.08,344.13,559.21002,201407,201511,181,9797.959999999999
996744070117,1,12/04/1964,59,5,2,2,1,3,3223.1,,257.85,257.85001,201406,202306,539,72046.61999999997
996875740132,1,23/03/1976,47,4,1,2,0,,,,,,201404,201904,323,9202.380000000001
996909290132,1,05/06/1971,52,4,2,2,0,,,,,,201406,202007,84,20721.39
997018360132,1,12/11/1972,50,4,2,2,0,,,,,,201405,201703,301,15596.23
997059680132,1,26/11/1968,54,4,1,2,0,6,4240.81,,339.26,339.26001,201405,202301,202,14639.59
997391950132,1,14/11/1967,55,5,1,2,1,6,692.7,,82,82,201405,202306,506,51161.85000000001
997520110143,1,06/01/1979,44,3,1,2,0,,,,,,201402,202109,286,23228.9
997615500132,1,01/08/1959,63,5,2,14,0,,,,,,201403,201603,507,1315.62
997638110132,1,18/10/1956,66,6,1,2,1,,,,,,201405,202306,275,17052.89
997929400132,1,25/09/1973,49,4,1,2,1,6,1409.7,,112.78,112.78,201402,202306,418,95375.44
997961360132,1,30/04/1966,57,5,2,2,1,6,4252.14,,340.17,340.17001,201402,202306,475,78741.00000000001
998187610115,1,22/12/1965,57,5,2,14,0,3,714,42.5,68,110.5,201402,201702,546,26276.38
998237010132,1,26/05/1977,46,4,1,2,0,2,14595.68,729.78,1167.65,1897.4301,201403,202007,546,26316.15
998307490132,1,10/09/1971,51,4,1,2,0,6,574.4,46.5,74.40000000000001,120.9,201706,201804,258,662.52
998337040132,1,18/12/1975,47,4,2,2,0,6,496.12,46.5,74.40000000000001,120.9,201404,201811,228,11422.74
998527710132,1,26/07/1977,45,4,2,2,0,6,3393.6,,271.49,271.48999,201906,202302,301,6690.93
998748320132,1,01/11/1977,45,4,1,2,0,,,,,,201405,201505,33,1457.52
998774990132,1,16/03/1975,48,4,1,2,1,6,197.48,,82,82,201406,202306,240,47006.60999999999
998777350146,1,15/07/1991,31,2,1,14,0,6,1663.74,,133.1,133.10001,201505,202108,48,10622.33
998904380132,1,07/08/1977,45,4,2,2,1,,,,,,201405,202306,133,26018.01
998910830132,1,27/02/1977,46,4,1,14,0,,,,,,201403,201606,115,
998947400132,1,15/10/1977,45,4,1,2,0,,,,,,201406,202103,164,17672.64
999015260132,1,22/08/1970,52,4,1,2,1,,,,,,201404,202306,304,23547.72
999086120132,1,22/08/1978,44,3,1,2,0,6,3414.95,,273.2,273.20001,201404,202201,170,28790.68
999095660132,1,04/05/1978,45,4,1,2,0,5,1948.54,97.43000000000001,155.88,253.31,201707,201801,16,470.61
999123410132,1,14/08/1978,44,3,1,2,0,,,,,,201802,202207,117,15708.02
999139890132,1,23/09/1978,44,3,1,2,0,,,,,,201601,201905,159,313.79
999690640145,1,21/02/1986,37,3,,19,0,6,434.92,,82,82,202210,202210,4,82
999846810142,1,08/01/1983,40,3,1,2,0,,,,,,201406,202301,79,10970.44
